CACHE type 5 produced by analog 6.0/Unix. Do not modify or delete!
T	0	13	3069	2329	0	1755	135357997
D	29545416	29633048
20517	187	12	0	998
20517	188	12	10	133812
20517	189	1	1	62744
20517	192	1	1	62744
20517	193	4	4	250976
20517	194	1	1	62744
20517	195	2	2	125488
20517	196	3	3	188232
20517	197	2	2	125488
20517	200	1	1	62744
20517	202	1	1	62744
20517	204	1	1	62744
20517	206	1	1	62744
20517	207	2	0	128
20517	208	1	1	62744
20517	212	1	1	62744
20517	224	2	0	128
20517	232	1	1	62744
20517	234	1	1	62744
20517	236	1	1	62744
20517	238	1	1	62744
20517	241	1	1	62744
20517	243	1	1	62744
20517	244	9	9	564696
20517	245	2	2	125488
20517	246	1	1	62744
20517	248	1	1	62744
20517	252	3	3	188232
20517	255	2	2	125488
20517	257	2	2	125488
20517	260	2	0	128
20518	8	2	0	128
20518	10	1	1	62744
20518	12	1	1	62744
20518	16	3	3	188232
20518	17	2	2	125488
20518	24	2	2	125488
20518	31	1	1	62744
20518	34	1	1	62744
20518	42	1	1	62744
20518	44	2	0	128
20518	47	3	3	188232
20518	54	1	1	62744
20518	61	1	1	62744
20518	72	1	1	62744
20518	80	3	1	62872
20518	93	1	1	62744
20518	116	2	0	128
20518	130	1	1	62744
20518	135	1	1	62744
20518	144	1	1	62744
20518	151	1	1	62744
20518	152	2	0	128
20518	174	1	1	62744
20518	178	1	1	62744
20518	180	1	1	62744
20518	181	1	1	62744
20518	184	2	2	62744
20518	186	1	1	62744
20518	188	2	0	128
20518	194	3	3	188232
20518	203	1	1	62744
20518	208	1	1	62744
20518	217	1	1	62744
20518	221	1	1	62744
20518	224	2	0	128
20518	226	2	2	125488
20518	227	1	1	62744
20518	252	1	1	62744
20518	257	1	1	62744
20518	260	2	0	128
20518	275	1	1	62744
20518	276	1	1	62744
20518	279	1	1	62744
20519	4	5	5	116660
20519	6	1	1	62744
20519	8	2	0	128
20519	12	2	2	76223
20519	24	1	1	62744
20519	27	1	1	13479
20519	32	1	1	62744
20519	44	2	0	128
20519	46	2	2	26958
20519	60	1	1	62744
20519	68	1	1	62744
20519	98	1	1	62744
20519	113	1	1	62744
20519	116	2	0	128
20519	120	1	1	62744
20519	136	1	1	62744
20519	152	2	0	128
20519	156	1	1	62744
20519	174	1	1	62744
20519	177	1	1	62744
20519	181	1	1	62744
20519	187	2	2	125488
20519	188	2	0	128
20519	220	1	1	62744
20519	222	1	1	62744
20519	224	2	0	128
20519	225	3	3	188232
20519	226	1	1	62744
20519	228	2	2	125488
20519	233	1	1	62744
20519	260	2	0	128
20519	265	1	1	62744
20519	267	3	3	188232
20519	274	1	1	62744
20519	280	3	3	188232
20519	283	1	1	62744
20520	6	1	1	62744
20520	7	1	1	62744
20520	8	2	0	128
20520	13	1	1	62744
20520	24	1	1	62744
20520	44	2	0	128
20520	46	1	1	62744
20520	81	1	1	62744
20520	88	1	1	62744
20520	116	3	1	62872
20520	137	3	3	188232
20520	139	1	1	62744
20520	152	2	0	128
20520	165	1	1	62744
20520	175	1	1	62744
20520	180	1	1	62744
20520	188	2	0	128
20520	197	1	1	62744
20520	206	1	1	62744
20520	213	1	1	62744
20520	217	1	1	62744
20520	224	4	2	125616
20520	227	1	1	62744
20520	231	1	1	62744
20520	244	1	1	62744
20520	252	1	1	62744
20520	260	2	0	128
20520	273	2	2	125488
20520	282	1	1	62744
20521	8	2	0	128
20521	11	2	2	125488
20521	13	1	1	62744
20521	16	1	1	62744
20521	24	1	1	62744
20521	29	1	1	62744
20521	41	1	1	62744
20521	42	1	1	62744
20521	44	2	0	128
20521	76	1	1	62744
20521	79	1	1	62744
20521	80	4	4	0
20521	119	1	1	62744
20521	137	1	1	62744
20521	140	1	1	62744
20521	141	1	1	62744
20521	167	1	1	62744
20521	174	1	1	62744
20521	190	1	1	62744
20521	192	1	1	62744
20521	194	1	1	62744
20521	224	6	6	376464
20521	238	1	1	62744
20521	267	1	0	64
20521	272	1	1	62744
20521	275	1	1	62744
20521	283	2	2	125488
20521	284	1	1	62744
20522	2	1	1	62744
20522	3	1	1	62744
20522	29	7	7	439208
20522	35	1	1	62744
20522	36	1	0	64
20522	37	1	1	62744
20522	52	1	1	62744
20522	61	1	1	62744
20522	68	1	1	62744
20522	89	1	1	62744
20522	113	1	1	62744
20522	135	1	1	13479
20522	137	2	2	26958
20522	155	1	1	62744
20522	159	1	1	62744
20522	160	1	1	62744
20522	165	1	1	62744
20522	184	20	18	1129520
20522	188	2	0	128
20522	192	1	1	62744
20522	215	1	1	62744
20522	216	1	1	62744
20522	224	2	0	128
20522	257	1	1	62744
20522	260	3	1	62872
20522	278	2	2	125488
20522	279	1	1	62744
20522	281	3	3	188232
20522	283	1	1	62744
20523	8	2	0	128
20523	13	1	1	62744
20523	23	4	4	250976
20523	24	1	1	62744
20523	32	1	1	62744
20523	44	2	0	128
20523	53	1	1	62744
20523	58	2	2	125488
20523	65	1	1	0
20523	83	1	1	62744
20523	96	1	1	62744
20523	115	1	1	62744
20523	116	2	0	128
20523	125	1	1	62744
20523	144	1	1	62744
20523	151	1	1	62744
20523	152	2	0	128
20523	156	1	1	62744
20523	159	1	1	62744
20523	168	1	1	13479
20523	171	1	1	62744
20523	181	1	1	62744
20523	188	2	0	128
20523	209	1	1	62744
20523	224	3	1	62872
20523	234	1	1	62744
20523	237	1	1	62744
20523	248	1	1	62744
20523	249	2	2	125488
20523	260	2	0	128
20523	273	1	1	62744
20523	282	3	3	188232
20523	286	1	1	62744
20524	8	2	0	128
20524	9	1	1	62744
20524	13	1	1	62744
20524	20	1	1	62744
20524	25	1	1	62744
20524	44	2	0	128
20524	49	1	1	62744
20524	74	1	1	62744
20524	116	1	1	62744
20524	123	1	1	62744
20524	130	1	1	62744
20524	131	1	1	62744
20524	136	1	1	0
20524	138	1	1	62744
20524	152	2	0	128
20524	170	1	1	62744
20524	179	1	1	62744
20524	181	1	1	62744
20524	188	2	0	128
20524	191	1	1	62744
20524	193	1	1	62744
20524	196	1	1	62744
20524	198	1	1	62744
20524	200	1	1	62744
20524	202	1	1	62744
20524	204	1	1	62744
20524	206	1	1	62744
20524	210	1	1	62744
20524	214	1	1	62744
20524	224	2	0	128
20524	225	1	1	62744
20524	235	1	1	62744
20524	242	1	1	62744
20524	245	1	1	62744
20524	247	1	1	62744
20524	249	1	1	62744
20524	251	2	2	125488
20524	253	1	1	62744
20524	255	1	1	62744
20524	257	1	1	62744
20524	259	1	1	62744
20524	260	2	0	128
20524	269	1	1	62744
20524	272	1	1	62744
20524	276	3	3	188232
20525	0	1	1	62744
20525	8	2	0	128
20525	13	1	1	62744
20525	20	1	1	62744
20525	25	1	1	62744
20525	27	1	1	62744
20525	29	1	1	62744
20525	38	1	1	62744
20525	44	2	0	128
20525	50	1	1	62744
20525	95	4	2	125616
20525	116	4	2	125616
20525	120	1	1	13479
20525	124	1	1	62744
20525	127	2	2	125488
20525	136	1	1	62744
20525	152	2	0	128
20525	155	1	1	62744
20525	166	1	1	62744
20525	168	2	2	125488
20525	170	1	1	62744
20525	173	1	1	62744
20525	179	1	1	62744
20525	181	1	1	62744
20525	188	2	0	128
20525	197	1	1	62744
20525	215	1	1	62744
20525	222	2	2	125488
20525	224	2	0	128
20525	243	3	3	188232
20525	245	1	1	62744
20525	251	1	1	62744
20525	256	2	2	125488
20525	260	2	0	128
20525	269	1	1	62744
20526	8	3	1	62872
20526	11	1	1	62744
20526	13	1	1	62744
20526	25	1	1	62744
20526	26	1	1	13479
20526	35	1	1	62744
20526	44	2	0	128
20526	53	1	1	62744
20526	90	1	1	62744
20526	93	1	1	62744
20526	102	1	1	62744
20526	108	1	1	62744
20526	114	1	1	62744
20526	116	2	0	128
20526	117	1	1	62744
20526	118	1	1	62744
20526	130	1	1	62744
20526	139	2	2	62744
20526	141	1	1	62744
20526	152	2	0	128
20526	163	1	1	62744
20526	178	3	3	188232
20526	181	1	1	62744
20526	182	1	1	62744
20526	184	1	1	62744
20526	188	2	0	128
20526	192	1	1	62744
20526	204	1	1	62744
20526	215	1	1	62744
20526	218	1	1	62744
20526	224	2	0	128
20526	227	1	1	62744
20526	240	2	2	125488
20526	256	1	1	62744
20526	257	1	1	62744
20526	260	2	0	128
20526	284	1	1	62744
20527	1	1	1	62744
20527	8	3	1	13607
20527	13	1	1	62744
20527	24	1	1	62744
20527	35	1	1	62744
20527	37	1	1	62744
20527	38	1	1	62744
20527	44	2	0	128
20527	82	1	1	62744
20527	95	1	1	62744
20527	135	1	1	62744
20527	137	1	1	13479
20527	138	1	1	13479
20527	139	1	1	13479
20527	146	5	5	264455
20527	158	3	1	128
20527	163	1	1	0
20527	166	1	1	62744
20527	175	1	1	62744
20527	176	1	1	62744
20527	181	1	1	62744
20527	188	2	0	128
20527	199	1	1	62744
20527	224	2	0	128
20527	235	3	3	188232
20527	242	1	1	62744
20527	256	1	1	62744
20527	258	1	1	62744
20527	260	2	0	128
20528	3	2	2	125488
20528	8	2	0	128
20528	9	1	1	62744
20528	14	1	1	62744
20528	24	1	1	62744
20528	30	1	1	62744
20528	44	2	0	128
20528	50	1	1	62744
20528	51	1	1	62744
20528	63	3	3	188232
20528	68	1	1	62744
20528	82	1	1	62744
20528	91	1	1	62744
20528	99	1	1	62744
20528	117	2	2	125488
20528	123	1	1	62744
20528	139	1	1	62744
20528	141	1	1	62744
20528	155	1	1	62744
20528	189	1	1	62744
20528	200	1	1	62744
20528	208	1	1	62744
20528	217	1	1	62744
20528	235	1	1	62744
20528	237	1	1	62744
20528	273	7	7	439208
20528	280	1	1	62744
20529	3	1	1	62744
20529	4	1	1	62744
20529	15	2	2	125488
20529	18	1	1	62744
20529	24	1	1	62744
20529	35	1	1	62744
20529	37	1	1	62744
20529	38	1	1	62744
20529	47	1	1	62744
20529	54	1	1	62744
20529	55	1	1	62744
20529	59	1	1	62744
20529	86	1	1	62744
20529	100	3	3	188232
20529	116	3	1	62872
20529	124	2	2	125488
20529	126	3	3	188232
20529	134	1	1	62744
20529	138	1	1	62744
20529	151	1	1	62744
20529	152	2	0	128
20529	163	1	1	62744
20529	170	1	1	62744
20529	176	1	1	62744
20529	181	1	1	62744
20529	188	2	0	128
20529	192	1	1	62744
20529	205	1	1	62744
20529	217	1	1	62744
20529	221	1	1	62744
20529	224	2	0	128
20529	228	1	1	62744
20529	233	7	7	439208
20529	246	2	2	125488
20529	253	1	1	62744
20529	260	2	0	128
20529	265	1	1	62744
20529	269	5	5	116660
20529	272	3	3	188232
20529	274	3	3	40437
20529	287	1	1	62744
20530	1	1	1	62744
20530	8	2	0	128
20530	13	1	1	62744
20530	24	1	1	62744
20530	37	1	1	62744
20530	44	2	0	128
20530	64	1	1	62744
20530	85	1	1	62744
20530	102	1	1	62744
20530	107	2	2	125488
20530	110	1	1	62744
20530	111	1	1	62744
20530	113	1	1	62744
20530	114	1	1	62744
20530	119	1	1	62744
20530	130	1	1	62744
20530	148	1	1	62744
20530	152	3	1	62872
20530	159	1	1	62744
20530	169	1	1	62744
20530	181	1	1	62744
20530	183	2	2	125488
20530	188	2	0	128
20530	203	2	2	125488
20530	204	3	3	188232
20530	208	1	1	62744
20530	224	2	0	128
20530	226	1	1	62744
20530	236	1	1	62744
20530	240	1	1	62744
20530	241	1	1	62744
20530	243	1	1	62744
20530	244	2	2	125488
20530	248	1	1	62744
20530	260	2	0	128
20530	265	1	1	62744
20530	286	1	1	62744
20531	8	2	0	128
20531	13	1	1	62744
20531	18	1	1	62744
20531	24	2	2	125488
20531	38	1	1	62744
20531	41	1	1	62744
20531	44	2	0	128
20531	52	1	1	62744
20531	67	1	1	62744
20531	118	1	1	62744
20531	127	1	1	62744
20531	133	4	2	125616
20531	152	2	0	128
20531	155	1	1	62744
20531	168	1	1	62744
20531	172	1	1	62744
20531	177	1	1	62744
20531	181	2	2	125488
20531	186	1	1	62744
20531	188	2	0	128
20531	189	1	1	62744
20531	190	1	1	62744
20531	201	1	1	62744
20531	213	1	1	62744
20531	215	1	1	62744
20531	217	1	1	62744
20531	219	1	1	62744
20531	222	1	1	62744
20531	224	3	1	62872
20531	226	1	1	62744
20531	227	1	1	62744
20531	232	1	1	62744
20531	233	1	1	62744
20531	235	1	1	62744
20531	242	1	1	62744
20531	245	1	1	62744
20531	246	1	1	62744
20531	248	1	1	62744
20531	250	1	1	62744
20531	251	1	1	62744
20531	252	1	1	62744
20531	254	1	1	62744
20531	256	1	1	62744
20531	258	1	1	62744
20531	260	2	0	128
20531	264	1	1	62744
20531	281	1	1	62744
20532	4	1	1	62744
20532	8	3	1	62872
20532	13	1	1	62744
20532	18	1	1	62744
20532	24	1	1	62744
20532	35	1	1	62744
20532	44	2	0	128
20532	48	1	1	62744
20532	50	3	3	188232
20532	55	1	1	62744
20532	70	1	1	62744
20532	72	1	1	62744
20532	93	2	2	125488
20532	124	1	1	62744
20532	138	1	1	62744
20532	151	1	1	62744
20532	152	1	1	62744
20532	153	1	1	62744
20532	154	2	2	125488
20532	158	1	1	62744
20532	160	1	1	62744
20532	191	13	13	815672
20532	192	1	1	62744
20532	197	2	2	125488
20532	211	1	1	62744
20532	218	1	1	62744
20532	223	1	1	62744
20532	233	1	1	62744
20532	235	4	4	250976
20532	236	1	1	62744
20532	237	1	1	62744
20532	239	2	2	125488
20532	242	3	3	188232
20532	243	2	2	125488
20532	244	2	2	125488
20532	246	3	3	188232
20532	247	1	1	62744
20532	248	1	1	62744
20532	249	1	1	62744
20532	250	1	1	62744
20532	251	1	1	62744
20532	252	1	1	62744
20532	254	3	3	188232
20532	256	1	1	62744
20532	257	1	1	62744
20532	258	1	1	62744
20532	259	1	1	62744
20532	260	2	2	125488
20532	261	1	1	62744
20532	263	1	1	62744
20532	266	11	9	564824
20532	286	1	1	62744
20533	6	1	1	62744
20533	8	2	0	128
20533	13	2	2	125488
20533	20	1	1	62744
20533	25	1	1	62744
20533	30	1	1	62744
20533	44	2	0	128
20533	80	2	2	125488
20533	93	1	1	62744
20533	94	1	1	62744
20533	95	3	1	62872
20533	116	2	0	128
20533	127	1	1	62744
20533	148	1	1	62744
20533	149	1	1	62744
20533	152	2	0	128
20533	164	1	1	62744
20533	176	1	1	62744
20533	179	1	1	62744
20533	180	1	1	62744
20533	183	1	1	62744
20533	185	1	1	62744
20533	188	2	0	128
20533	191	1	1	62744
20533	194	1	1	62744
20533	207	1	1	62744
20533	216	1	1	62744
20533	224	2	0	128
20533	257	1	1	62744
20533	260	2	0	128
20533	266	1	1	62744
20533	273	1	1	62744
20533	279	1	1	62744
20534	4	1	1	62744
20534	8	2	0	128
20534	13	1	1	62744
20534	25	1	1	62744
20534	38	1	1	62744
20534	44	2	0	128
20534	52	1	1	62744
20534	90	3	1	62872
20534	98	1	1	62744
20534	106	1	1	62744
20534	108	1	1	62744
20534	116	2	0	128
20534	126	1	1	62744
20534	138	1	1	62744
20534	144	1	1	62744
20534	152	2	0	128
20534	166	1	1	62744
20534	174	1	1	62744
20534	178	3	3	188232
20534	181	1	1	62744
20534	188	3	1	62872
20534	202	1	1	62744
20534	224	3	1	62872
20534	225	2	2	62744
20534	227	1	1	62744
20534	235	1	1	62744
20534	241	1	1	62744
20534	242	2	2	125488
20534	243	3	3	188232
20534	260	2	0	128
20534	286	1	1	62744
20535	8	2	0	128
20535	13	1	1	62744
20535	14	1	1	62744
20535	25	1	1	62744
20535	29	1	1	62744
20535	44	2	0	128
20535	82	1	1	62744
20535	84	1	1	62744
20535	87	1	1	62744
20535	109	2	2	125488
20535	113	1	1	62744
20535	116	2	0	128
20535	122	1	1	13479
20535	125	1	1	62744
20535	126	1	1	62744
20535	137	1	1	62744
20535	152	2	0	128
20535	154	1	1	62744
20535	158	1	1	62744
20535	180	1	1	62744
20535	188	2	0	128
20535	191	1	1	62744
20535	192	1	1	62744
20535	194	1	1	62744
20535	217	1	1	62744
20535	224	2	0	128
20535	237	1	1	62744
20535	259	1	1	62744
20535	260	2	0	128
20535	269	1	1	62744
20535	280	1	1	62744
20536	8	2	0	128
20536	13	1	1	62744
20536	24	1	1	62744
20536	30	1	1	62744
20536	31	1	1	62744
20536	33	1	1	62744
20536	39	1	1	62744
20536	44	2	0	128
20536	52	1	1	62744
20536	53	1	1	62744
20536	76	1	1	62744
20536	86	1	1	62744
20536	90	3	1	62872
20536	94	1	1	62744
20536	113	1	1	62744
20536	116	2	0	128
20536	134	1	1	62744
20536	149	1	1	62744
20536	151	1	1	62744
20536	152	2	0	128
20536	170	1	1	62744
20536	181	1	1	62744
20536	188	2	0	128
20536	189	3	3	188232
20536	192	1	1	62744
20536	207	1	1	62744
20536	216	1	1	62744
20536	224	2	0	128
20536	229	2	2	76223
20536	230	1	1	62744
20536	236	1	1	62744
20536	248	1	1	62744
20536	255	1	1	62744
20536	260	2	0	128
20536	269	2	2	125488
20536	274	2	2	125488
20537	3	1	1	62744
20537	8	2	0	128
20537	13	1	1	62744
20537	20	1	1	62744
20537	24	1	1	62744
20537	31	1	1	62744
20537	40	1	1	62744
20537	44	3	1	62872
20537	83	1	1	62744
20537	101	3	3	188232
20537	116	1	1	62744
20537	127	2	0	128
20537	142	1	1	62744
20537	152	2	0	128
20537	160	1	1	62744
20537	181	1	1	62744
20537	184	1	1	62744
20537	188	2	0	128
20537	190	3	3	188232
20537	195	1	1	62744
20537	218	1	1	62744
20537	224	2	0	128
20537	260	3	1	62872
20537	263	1	1	62744
20537	282	1	1	62744
20538	8	3	1	62872
20538	13	1	1	62744
20538	25	1	1	62744
20538	29	1	1	62744
20538	36	1	1	62744
20538	44	2	0	128
20538	69	1	1	62744
20538	70	1	1	62744
20538	91	4	2	125616
20538	108	1	1	62744
20538	116	2	0	128
20538	122	1	1	62744
20538	127	1	1	62744
20538	135	1	1	62744
20538	144	1	1	62744
20538	152	2	0	128
20538	161	3	3	188232
20538	162	1	1	62744
20538	180	1	1	62744
20538	181	2	2	125488
20538	186	1	1	62744
20538	188	2	0	128
20538	224	2	0	128
20538	230	2	2	125488
20538	231	1	1	62744
20538	233	1	1	62744
20538	234	1	1	62744
20538	235	1	1	62744
20538	237	2	2	125488
20538	238	1	1	62744
20538	239	1	1	62744
20538	242	1	1	62744
20538	245	1	1	62744
20538	246	1	1	62744
20538	247	1	1	62744
20538	257	1	1	62744
20538	259	1	1	62744
20538	260	2	0	128
20538	261	1	1	62744
20538	263	1	1	62744
20538	265	1	1	62744
20538	266	1	1	62744
20538	267	1	1	62744
20538	270	1	1	62744
20538	274	1	1	62744
20539	8	2	0	128
20539	10	1	1	62744
20539	12	1	1	62744
20539	14	1	1	62744
20539	23	1	1	62744
20539	24	1	1	62744
20539	34	1	1	62744
20539	37	1	1	62744
20539	42	1	1	62744
20539	44	2	0	128
20539	87	1	1	62744
20539	91	1	1	62744
20539	112	1	1	62744
20539	122	4	2	125616
20539	131	1	1	62744
20539	132	1	1	13479
20539	133	2	2	26958
20539	152	3	1	62872
20539	168	1	1	62744
20539	181	2	2	125488
20539	185	1	1	62744
20539	187	1	1	62744
20539	188	2	0	128
20539	195	1	1	62744
20539	203	1	1	62744
20539	210	1	1	62744
20539	224	2	0	128
20539	239	1	1	62744
20539	241	1	1	62744
20539	254	1	1	62744
20539	260	2	0	128
20539	278	1	1	62744
20540	5	3	3	40437
20540	8	2	0	128
20540	14	1	1	62744
20540	25	1	1	62744
20540	33	1	1	62744
20540	44	2	0	128
20540	61	1	1	62744
20540	75	3	3	188232
20540	76	1	1	62744
20540	88	4	2	125616
20540	108	1	1	62744
20540	116	2	0	128
20540	128	1	1	62744
20540	130	1	1	62744
20540	152	2	0	128
20540	166	1	1	62744
20540	170	1	1	62744
20540	181	1	1	62744
20540	188	3	1	62872
20540	190	3	3	188232
20540	197	2	2	125488
20540	200	1	1	62744
20540	207	1	1	62744
20540	222	1	1	62744
20540	224	2	0	128
20540	227	1	1	62744
20540	254	1	1	62744
20540	260	2	0	128
20540	264	1	1	62744
20540	273	1	1	62744
20541	8	2	0	128
20541	15	1	1	62744
20541	21	1	1	62744
20541	25	1	1	62744
20541	44	3	1	62872
20541	50	1	1	62744
20541	70	1	1	62744
20541	84	9	7	188360
20541	103	1	1	62744
20541	116	2	0	128
20541	121	1	1	62744
20541	139	1	1	62744
20541	144	1	1	62744
20541	147	1	1	62744
20541	152	2	0	128
20541	161	1	1	62744
20541	181	1	1	62744
20541	188	2	0	128
20541	199	1	1	62744
20541	224	2	0	128
20541	233	1	1	62744
20541	242	1	1	13479
20541	260	2	0	128
20542	2	1	1	62744
20542	8	2	0	128
20542	14	1	1	62744
20542	23	1	1	62744
20542	24	1	1	62744
20542	31	1	1	62744
20542	44	2	0	128
20542	94	1	1	62744
20542	117	1	1	62744
20542	120	1	1	62744
20542	132	5	3	188360
20542	149	3	3	188232
20542	152	2	0	128
20542	160	1	1	62744
20542	181	1	1	62744
20542	187	3	3	188232
20542	188	2	0	128
20542	191	1	1	62744
20542	192	2	2	125488
20542	193	1	1	62744
20542	195	1	1	62744
20542	197	1	1	62744
20542	222	1	1	62744
20542	223	1	1	62744
20542	224	2	0	128
20542	258	3	3	40437
20542	260	2	0	128
20542	268	1	1	62744
20542	271	1	1	62744
20542	274	1	1	62744
20542	285	1	1	62744
20543	2	1	1	62744
20543	5	1	1	62744
20543	8	2	0	128
20543	14	1	1	62744
20543	24	1	1	62744
20543	25	1	1	62744
20543	44	2	0	128
20543	45	1	1	62744
20543	69	1	1	62744
20543	76	2	2	125488
20543	97	1	1	62744
20543	102	1	1	62744
20543	183	18	18	1129392
20543	188	2	0	128
20543	207	1	1	62744
20543	224	2	0	128
20543	230	3	3	138967
20543	260	2	0	128
20543	261	3	3	188232
20543	267	1	1	62744
20543	287	1	1	62744
20544	3	1	1	62744
20544	8	2	0	128
20544	14	3	3	188232
20544	17	1	1	62744
20544	18	1	1	62744
20544	25	1	1	62744
20544	36	1	1	62744
20544	44	2	0	128
20544	55	1	1	62744
20544	88	1	1	62744
20544	89	1	1	62744
20544	98	2	2	125488
20544	112	1	1	62744
20544	137	1	1	62744
20544	138	1	1	62744
20544	163	1	1	62744
20544	183	1	1	62744
20544	194	1	1	62744
20544	196	1	1	62744
20544	199	1	1	62744
20544	200	1	1	62744
20544	202	1	1	62744
20544	205	1	1	62744
20544	212	1	1	62744
20544	213	1	1	62744
20544	216	28	28	1694088
20544	220	2	2	125488
20544	224	2	0	128
20544	239	1	1	62744
20544	248	1	1	62744
20544	251	1	1	13479
20544	260	2	0	128
20544	261	1	1	62744
20544	281	1	1	62744
20545	8	2	0	128
20545	14	1	1	62744
20545	25	1	1	62744
20545	32	1	1	62744
20545	35	1	1	62744
20545	44	2	0	128
20545	51	1	1	62744
20545	77	1	1	62744
20545	89	4	2	125616
20545	138	1	1	62744
20545	139	2	2	125488
20545	142	1	1	62744
20547	16	2	0	128
20547	35	1	1	62744
20547	36	2	2	125488
20547	42	1	1	62744
20547	71	1	1	62744
20547	88	1	1	62744
20547	97	1	1	62744
20547	125	1	1	62744
20547	181	4	4	250976
20547	204	1	1	62744
20547	210	1	1	62744
20547	239	1	1	62744
20547	241	2	2	125488
20547	242	1	1	62744
20547	243	1	1	62744
20547	247	1	1	62744
20547	264	1	1	62744
20547	268	1	1	62744
20547	270	1	1	62744
20547	273	1	1	62744
20547	281	1	1	62744
20548	17	11	9	564824
20548	36	1	1	62744
20548	37	2	2	125488
20548	39	2	2	125488
20548	44	2	0	128
20548	51	1	1	62744
20548	75	1	1	62744
20548	84	1	1	62744
20548	86	1	1	62744
20548	102	1	1	62744
20548	111	1	1	62744
20548	112	3	3	188232
20548	113	1	1	62744
20548	114	6	6	376464
20548	116	3	1	62872
20548	128	1	1	62744
20548	136	1	1	62744
20548	150	2	2	125488
20548	152	2	0	128
20548	164	1	1	62744
20548	169	1	1	62744
20548	178	1	1	62744
20548	181	1	1	62744
20548	188	2	0	128
20548	198	1	1	62744
20548	204	1	1	62744
20548	208	1	1	62744
20548	219	1	1	62744
20548	224	2	0	128
20548	236	1	1	62744
20548	239	1	1	62744
20548	260	2	0	128
20548	285	1	1	62744
20549	8	2	0	128
20549	15	1	1	62744
20549	24	1	1	62744
20549	25	2	2	125488
20549	44	2	0	128
20549	75	1	1	62744
20549	94	1	1	62744
20549	103	1	1	62744
20549	107	1	1	13479
20549	121	3	1	62872
20549	127	1	1	62744
20549	144	1	1	62744
20549	152	2	0	128
20549	176	1	1	62744
20549	181	1	1	62744
20549	183	1	1	62744
20549	188	2	0	128
20549	195	1	1	62744
20549	224	2	0	128
20549	235	1	1	62744
20549	256	1	1	62744
20549	258	1	1	62744
20549	259	1	1	62744
20549	260	2	0	128
20550	2	3	3	188232
20550	8	2	0	128
20550	9	1	1	62744
20550	15	1	1	62744
20550	20	1	1	62744
20550	24	1	1	62744
20550	32	1	1	62744
20550	33	1	1	62744
20550	43	1	1	62744
20550	44	2	0	128
20550	81	3	1	62872
20550	96	1	1	62744
20550	116	2	0	128
20550	122	1	1	62744
20550	124	2	2	125488
20550	144	1	1	62744
20550	146	1	1	62744
20550	147	1	1	62744
20550	152	2	0	128
20550	158	1	1	62744
20550	173	2	2	125488
20550	177	1	1	62744
20550	181	1	1	62744
20550	188	2	0	128
20550	196	1	1	62744
20550	198	1	1	62744
20550	210	1	1	62744
20550	224	2	0	128
20550	226	1	1	62744
20550	228	2	2	125488
20550	230	1	1	62744
20550	235	1	1	62744
20550	243	1	1	62744
20550	250	1	1	62744
20550	257	1	1	62744
20550	260	2	0	128
20550	261	1	1	62744
20550	275	2	2	125488
20551	6	1	1	62744
20551	8	2	0	128
20551	14	1	1	62744
20551	18	1	1	62744
20551	25	1	1	62744
20551	29	1	1	62744
20551	44	2	0	128
20551	47	1	1	62744
20551	70	2	2	125488
20551	87	1	1	62744
20551	88	3	1	62872
20551	116	2	0	128
20551	118	1	1	62744
20551	122	1	1	62744
20551	138	1	1	62744
20551	139	1	1	62744
20551	148	1	1	62744
20551	152	2	0	128
20551	165	1	1	62744
20551	169	1	1	62744
20551	174	1	1	13479
20551	181	1	1	62744
20551	187	3	3	188232
20551	188	2	0	128
20551	189	1	1	62744
20551	190	1	1	62744
20551	192	4	4	250976
20551	196	1	1	62744
20551	198	1	1	62744
20551	212	1	1	62744
20551	215	1	1	62744
20551	217	1	1	62744
20551	219	1	1	62744
20551	224	2	0	128
20551	226	2	2	125488
20551	234	1	1	13479
20551	241	1	1	62744
20551	249	1	1	62744
20551	250	1	1	62744
20551	259	1	1	62744
20551	260	2	0	128
20551	263	1	1	62744
20551	281	1	1	62744
20551	286	1	1	62744
20552	3	1	1	62744
20552	8	2	0	128
20552	14	1	1	62744
20552	19	1	1	62744
20552	23	1	1	62744
20552	25	1	1	62744
20552	27	1	1	62744
20552	44	2	0	128
20552	50	1	1	62744
20552	65	1	1	62744
20552	70	1	1	62744
20552	87	1	1	62744
20552	88	2	2	125488
20552	100	1	1	62744
20552	138	1	1	62744
20552	142	1	1	62744
20552	154	1	1	62744
20552	160	1	1	62744
20552	167	7	7	439208
20552	168	6	6	376464
20552	169	1	1	62744
20552	181	2	2	125488
20552	187	1	1	62744
20552	188	2	0	128
20552	189	1	1	62744
20552	203	1	1	62744
20552	224	2	0	128
20552	226	1	1	62744
20552	228	1	1	62744
20552	231	1	1	62744
20552	233	1	1	62744
20552	235	1	1	62744
20552	237	4	4	103181
20552	240	1	1	62744
20552	241	1	1	62744
20552	243	1	1	62744
20552	244	1	1	62744
20552	253	1	1	62744
20552	254	1	1	62744
20552	257	1	1	62744
20552	258	1	1	62744
20552	260	2	0	128
20552	261	1	1	62744
20552	263	1	1	62744
20552	265	1	1	62744
20552	267	1	1	62744
20552	269	1	1	62744
20552	274	1	1	62744
20552	280	1	1	0
20553	8	2	0	128
20553	10	1	1	62744
20553	14	1	1	62744
20553	16	1	1	62744
20553	25	1	1	62744
20553	30	1	1	62744
20553	36	1	1	62744
20553	39	1	1	62744
20553	44	2	0	128
20553	89	1	1	62744
20553	104	1	1	62744
20553	109	1	1	62744
20553	123	3	1	62872
20553	134	1	1	62744
20553	148	1	1	62744
20553	152	2	0	128
20553	156	1	1	62744
20553	170	1	1	62744
20553	181	1	1	62744
20553	187	1	1	62744
20553	188	2	0	128
20553	192	2	2	125488
20553	193	1	1	62744
20553	194	2	2	125488
20553	195	1	1	62744
20553	218	1	1	62744
20553	224	2	0	128
20553	240	2	2	125488
20553	241	1	1	62744
20553	242	1	1	62744
20553	248	1	1	62744
20553	251	1	1	62744
20553	258	1	1	62744
20553	260	2	0	128
20553	265	1	1	62744
20553	277	1	1	62744
20554	3	1	1	62744
20554	8	2	0	128
20554	14	1	1	62744
20554	25	1	1	62744
20554	34	1	1	62744
20554	44	2	0	128
20554	46	1	1	62744
20554	86	3	1	62872
20554	101	1	1	13479
20554	102	1	1	62744
20554	127	1	1	62744
20554	130	1	1	62744
20554	148	1	1	62744
20554	157	1	1	62744
20554	160	1	1	62744
20554	162	1	1	62744
20554	187	5	5	313720
20554	188	2	0	128
20554	190	1	1	62744
20554	192	1	1	62744
20554	195	1	1	62744
20554	197	1	1	62744
20554	203	1	1	62744
20554	213	2	2	125488
20554	224	2	0	128
20554	227	1	1	62744
20554	234	1	1	62744
20554	241	1	1	62744
20554	243	2	2	125488
20554	253	1	1	62744
20554	260	2	0	128
20554	262	1	1	62744
20554	265	1	1	62744
20554	278	2	2	125488
20554	279	1	1	62744
20555	1	1	1	62744
20555	8	2	0	128
20555	15	1	1	62744
20555	25	1	1	62744
20555	26	1	1	62744
20555	40	1	1	13479
20555	44	2	0	128
20555	71	1	1	62744
20555	95	1	1	62744
20555	114	1	1	62744
20555	117	1	1	62744
20555	119	2	2	125488
20555	127	1	1	62744
20555	128	5	3	188360
20555	151	1	1	62744
20555	152	2	0	128
20555	171	1	1	62744
20555	174	1	1	62744
20555	181	1	1	62744
20555	188	2	0	128
20555	207	1	1	62744
20555	208	1	1	62744
20555	218	1	1	62744
20555	224	2	0	128
20555	226	1	1	62744
20555	245	1	1	62744
20555	260	2	0	128
20555	263	1	1	62744
20555	271	1	1	62744
20555	281	2	2	125488
20555	287	3	3	40437
20556	8	2	0	128
20556	15	1	1	62744
20556	25	1	1	62744
20556	32	1	1	62744
20556	44	2	0	128
20556	68	1	1	62744
20556	69	1	1	62744
20556	81	1	1	62744
20556	88	1	1	62744
20556	98	1	1	62744
20556	102	1	1	62744
20556	109	1	1	62744
20556	122	1	1	62744
20556	125	1	1	62744
20556	131	2	2	125488
20556	132	1	1	62744
20556	142	1	1	62744
20556	167	1	1	62744
20556	192	1	1	62744
20556	198	8	8	501952
20556	230	10	8	502080
20556	231	1	1	62744
20556	235	1	1	62744
20556	236	1	1	62744
20556	241	1	1	62744
20556	242	1	1	62744
20556	260	2	0	128
20556	268	1	1	62744
20556	278	2	2	76223
20556	283	1	1	62744
20557	8	2	0	128
20557	10	1	1	62744
20557	14	1	1	62744
20557	25	1	1	62744
20557	28	1	1	62744
20557	29	1	1	62744
20557	44	2	0	128
20557	53	1	1	62744
20557	95	1	1	62744
20557	112	1	1	62744
20557	115	3	3	138967
20557	128	3	1	62872
20557	130	1	1	62744
20557	152	2	0	128
20557	162	1	1	62744
20557	174	3	3	188232
20557	176	1	1	62744
20557	181	1	1	62744
20557	187	1	1	62744
20557	188	2	0	128
20557	192	1	1	62744
20557	198	1	1	62744
20557	202	1	1	62744
20557	204	1	1	62744
20557	208	1	1	62744
20557	224	4	2	125616
20557	239	2	2	125488
20557	244	2	2	125488
20557	255	1	1	62744
20557	260	2	0	128
20557	261	1	1	62744
20557	285	1	1	62744
20558	8	2	0	128
20558	19	8	8	228669
20558	20	1	1	62744
20558	26	1	1	62744
20558	27	1	1	62744
20558	31	2	2	125488
20558	32	2	2	125488
20558	41	1	1	62744
20558	44	2	0	128
20558	46	1	1	62744
20558	48	1	1	62744
20558	58	1	1	62744
20558	73	2	2	125488
20558	108	2	2	125488
20558	109	1	1	62744
20558	110	5	5	264455
20558	141	1	1	62744
20558	142	1	1	62744
20558	151	1	1	62744
20558	155	1	1	62744
20558	156	1	1	62744
20558	208	1	1	62744
20558	213	1	1	62744
20558	218	1	1	62744
20558	224	1	1	62744
20558	231	1	1	62744
20558	236	1	1	62744
20558	242	1	1	62744
20558	248	1	1	62744
20559	35	34	32	1958671
20559	61	1	1	62744
20559	87	1	1	62744
20559	92	1	1	62744
20559	124	1	1	62744
20559	129	1	1	62744
20559	147	4	4	201711
20559	160	3	1	62872
20559	162	1	1	13479
20559	179	1	1	62744
20559	181	3	3	188232
20559	183	1	1	62744
20559	184	1	1	62744
20559	188	2	0	128
20559	201	2	2	125488
20559	220	1	1	62744
20559	224	2	0	128
20559	225	1	1	62744
20559	228	1	1	62744
20559	230	2	2	125488
20559	233	1	1	62744
20559	234	1	1	62744
20559	236	6	6	376464
20559	238	1	1	62744
20559	243	1	1	62744
20559	244	1	1	62744
20559	255	1	1	62744
20559	258	1	1	62744
20559	260	3	1	62872
20559	262	1	1	62744
20559	264	1	1	62744
20559	268	1	1	62744
20559	270	1	1	62744
20559	272	1	1	62744
20559	274	1	1	62744
20560	0	1	1	62744
20560	4	1	1	62744
20560	8	2	0	128
20560	14	2	2	125488
20560	38	1	1	62744
20560	42	2	2	125488
20560	44	2	0	128
20560	47	1	1	62744
20560	89	1	1	62744
20560	111	2	2	125488
20560	119	1	1	62744
20560	131	3	3	188232
20560	134	1	1	62744
20560	149	1	1	62744
20560	152	2	0	128
20560	156	1	1	62744
20560	182	1	1	62744
20560	188	2	0	128
20560	203	1	1	62744
20560	208	1	1	62744
20560	224	2	0	128
20560	232	1	1	62744
20560	247	1	1	62744
20560	260	2	0	128
20560	262	1	1	62744
20560	271	1	1	62744
20561	4	1	1	62744
20561	8	2	0	128
20561	16	1	1	62744
20561	24	1	1	62744
20561	44	2	0	128
20561	46	1	1	62744
20561	98	1	1	62744
20561	110	1	1	62744
20561	114	1	1	62744
20561	126	1	1	62744
20561	128	3	1	62872
20561	143	1	1	62744
20561	158	1	1	62744
20561	171	3	3	188232
20561	173	1	1	62744
20561	177	3	3	188232
20561	182	1	1	62744
20561	185	1	1	62744
20561	186	1	1	62744
20561	187	1	1	62744
20561	188	1	1	62744
20561	191	1	1	62744
20561	207	1	1	62744
20561	209	1	1	62744
20561	210	3	3	188232
20561	212	1	1	62744
20561	221	1	1	62744
20561	226	1	1	62744
20561	230	1	1	62744
20561	240	2	2	125488
20561	244	1	1	62744
20561	246	2	2	76223
20561	248	1	1	62744
20561	252	1	1	62744
20561	257	1	1	62744
20561	260	2	0	128
20561	275	3	3	40437
20562	2	1	1	13479
20562	3	1	1	62744
20562	8	2	0	128
20562	14	1	1	62744
20562	27	1	1	62744
20562	29	1	1	62744
20562	44	2	0	128
20562	72	1	1	62744
20562	82	2	0	128
20562	93	2	2	125488
20562	94	2	2	125488
20562	105	1	1	62744
20562	106	1	1	62744
20562	116	2	0	128
20562	127	1	1	62744
20562	128	1	1	62744
20562	132	1	1	62744
20562	138	1	1	62744
20562	152	2	0	128
20562	164	1	1	62744
20562	179	1	1	62744
20562	185	1	1	62744
20562	188	2	0	128
20562	211	1	1	62744
20562	223	1	1	62744
20562	224	2	0	128
20562	237	1	1	62744
20562	255	1	1	62744
20562	260	2	0	128
20562	270	1	1	62744
20563	1	1	1	62744
20563	8	2	0	128
20563	35	1	1	62744
20563	44	2	0	128
20563	63	1	1	62744
20563	107	1	1	62744
20563	123	3	1	62872
20563	127	1	1	62744
20563	129	1	1	62744
20563	132	1	1	62744
20563	152	2	0	128
20563	167	1	1	62744
20563	185	1	1	62744
20563	188	2	0	128
20563	189	1	1	62744
20563	195	1	1	62744
20563	221	1	1	62744
20563	222	2	2	125488
20563	224	2	0	128
20563	230	1	1	62744
20563	255	1	1	62744
20563	260	2	0	128
20563	282	1	1	62744
20564	8	3	1	62872
20564	33	1	1	62744
20564	44	2	0	128
20564	47	1	1	62744
20564	51	1	1	62744
20564	79	1	1	13479
20564	81	3	1	62872
20564	95	1	1	62744
20564	116	2	0	128
20564	118	1	1	13479
20564	126	1	1	62744
20564	128	1	1	62744
20564	136	1	1	62744
20564	152	2	0	128
20564	158	1	1	62744
20564	171	2	2	125488
20564	188	2	0	128
20564	192	1	1	62744
20564	193	1	1	62744
20564	194	1	1	62744
20564	197	1	1	62744
20564	201	1	1	62744
20564	218	2	2	125488
20564	221	2	2	125488
20564	223	1	1	62744
20564	224	3	1	62872
20564	225	1	1	0
20564	231	1	1	62744
20564	232	1	1	62744
20564	236	1	1	62744
20564	256	2	2	125488
20564	260	2	0	128
20564	274	1	1	62744
20564	275	1	1	62744
20564	281	1	1	62744
20565	8	2	0	128
20565	18	1	1	62744
20565	32	2	2	76223
20565	44	2	0	128
20565	71	1	1	62744
20565	76	1	1	62744
20565	77	2	2	125488
20565	79	2	2	125488
20565	80	1	1	62744
20565	83	1	1	62744
20565	110	1	1	62744
20565	147	1	1	62744
20565	152	1	1	62744
20565	156	1	1	62744
20565	157	1	1	62744
20565	190	1	1	62744
20565	193	1	1	62744
20565	197	1	1	62744
20565	210	1	1	62744
20565	215	1	1	62744
20565	218	1	1	62744
20565	219	1	1	62744
20565	223	13	13	766407
20565	228	2	0	128
20565	233	1	1	62744
20565	234	1	1	62744
20565	242	1	1	62744
20565	256	1	1	62744
20565	257	1	1	62744
20565	260	2	0	128
20565	278	1	1	62744
20565	286	1	1	62744
20566	8	2	0	128
20566	12	2	2	125488
20566	18	1	1	62744
20566	44	2	0	128
20566	63	1	1	62744
20566	64	2	2	125488
20566	66	1	1	62744
20566	81	1	1	62744
20566	92	1	1	62744
20566	94	1	1	62744
20566	109	1	1	62744
20566	139	1	1	62744
20566	175	17	17	1066648
20566	213	2	2	125488
20566	215	2	2	125488
20566	217	1	1	62744
20566	219	1	1	62744
20566	227	1	1	62744
20566	229	1	1	62744
20566	236	1	1	62744
20566	242	1	1	62744
20566	245	1	1	62744
20566	255	1	1	62744
20566	257	1	1	62744
20566	272	1	1	62744
20566	280	1	1	62744
20566	282	14	14	878416
20566	287	1	1	62744
20567	2	1	1	62744
20567	4	1	1	62744
20567	6	1	1	62744
20567	8	3	1	62872
20567	10	1	1	62744
20567	12	1	1	62744
20567	14	2	2	125488
20567	16	1	1	62744
20567	29	2	2	125488
20567	32	1	1	62744
20567	34	1	1	62744
20567	36	1	1	62744
20567	40	1	1	62744
20567	42	1	1	62744
20567	44	3	1	62872
20567	46	1	1	62744
20567	83	1	1	62744
20567	85	1	1	62744
20567	94	2	2	125488
20567	106	1	1	62744
20567	116	2	0	128
20567	125	2	2	125488
20567	135	1	1	62744
20567	138	1	1	62744
20567	152	2	0	128
20567	153	1	1	62744
20567	159	1	1	62744
20567	164	1	1	62744
20567	166	1	1	62744
20567	169	1	1	62744
20567	171	1	1	62744
20567	173	1	1	62744
20567	188	2	0	128
20567	194	1	1	62744
20567	216	1	1	52061
20567	219	1	1	52061
20567	221	1	1	52061
20567	223	1	1	52061
20567	224	2	0	128
20567	225	1	1	52061
20567	229	1	1	52061
20567	248	1	1	52061
20567	253	1	1	52061
20567	255	1	1	52061
20567	258	1	1	52061
20567	259	1	1	52061
20567	260	2	0	128
20567	261	1	1	52061
20567	267	1	1	52061
20568	8	2	0	128
20568	22	1	1	52061
20568	24	1	1	52061
20568	28	1	1	52061
20568	34	1	1	52061
20568	39	1	1	52061
20568	41	1	1	52061
20568	44	2	0	128
20568	47	1	1	52061
20568	49	1	1	52061
20568	53	1	1	52061
20568	58	1	1	52061
20568	76	1	1	52061
20568	120	10	10	520610
20568	137	1	1	52061
20568	138	1	1	52061
20568	150	1	1	52061
20568	177	42	42	2186562
20568	188	3	1	52189
20568	196	1	1	52061
20568	208	1	1	52061
20568	224	3	1	52189
20568	244	1	1	52061
20568	245	1	1	52061
20568	260	2	0	128
20568	281	1	1	52061
20569	8	2	0	128
20569	44	2	0	128
20569	47	1	1	52061
20569	67	2	2	104122
20569	72	1	1	52061
20569	86	1	1	52061
20569	102	1	1	52061
20569	135	1	1	52061
20569	144	1	1	52061
20569	153	3	1	52189
20569	160	1	1	52061
20569	170	1	1	52061
20569	188	2	0	128
20569	219	1	1	52061
20569	224	2	0	128
20569	227	2	2	20586
20569	229	1	1	52061
20569	237	2	2	104122
20569	239	1	1	52061
20569	249	2	2	104122
20569	251	1	1	10293
20569	260	2	0	128
20569	271	1	1	52061
20569	275	1	1	52061
20570	8	2	0	128
20570	21	1	1	52061
20570	27	1	1	52061
20570	44	2	0	128
20570	50	1	1	52061
20570	90	4	4	208244
20570	92	1	1	52061
20570	172	1	1	52061
20570	181	1	1	52061
20570	186	1	1	52061
20570	192	1	1	52061
20570	201	1	1	52061
20570	214	1	1	52061
20571	1	12	12	624732
20571	48	1	1	52061
20571	49	1	1	52061
20571	71	2	2	104122
20571	72	1	1	52061
20571	77	2	2	104122
20571	84	1	1	52061
20571	89	8	8	135001
20571	116	3	1	52189
20571	145	1	1	52061
20571	152	2	0	128
20571	167	1	1	52061
20571	172	1	1	52061
20571	174	1	1	52061
20571	178	1	1	10293
20571	179	1	1	52061
20571	184	1	1	52061
20571	188	2	0	128
20571	192	2	2	104122
20571	193	2	2	104122
20571	201	1	1	52061
20571	216	1	1	52061
20571	224	2	0	128
20571	225	1	1	52061
20571	260	2	0	128
20571	278	1	1	52061
20571	279	1	1	52061
20572	2	1	1	52061
20572	8	2	0	128
20572	17	1	1	52061
20572	20	3	3	104122
20572	25	1	1	52061
20572	44	2	0	128
20572	69	1	1	52061
20572	84	1	1	52061
20572	88	5	3	156311
20572	94	1	1	52061
20572	95	3	3	156183
20572	100	5	5	62354
20572	103	2	1	185752
20572	105	1	1	52061
20572	110	1	1	52061
20572	116	2	0	128
20572	125	1	1	52061
20572	127	4	4	208244
20572	130	2	2	104122
20572	138	1	1	52061
20572	139	1	1	52061
20572	143	1	1	52061
20572	150	1	1	52061
20572	152	2	0	128
20572	156	1	1	52061
20572	158	1	1	52061
20572	163	1	1	52061
20572	179	1	1	10293
20572	182	1	1	52061
20572	187	1	1	52061
20572	188	3	1	52189
20572	194	1	1	52061
20572	207	1	1	52061
20572	211	1	1	52061
20572	224	2	0	128
20572	228	2	2	104122
20572	242	1	1	52061
20572	244	1	1	52061
20572	260	2	0	128
20572	270	2	2	104122
20572	277	1	1	52061
20573	8	2	0	128
20573	22	1	1	52061
20573	34	1	1	52061
20573	36	1	1	52061
20573	60	1	1	52061
20573	77	1	1	52061
20573	83	1	1	52061
20573	104	1	1	52061
20573	116	2	0	128
20573	118	1	1	52061
20573	124	1	1	52061
20573	152	2	0	128
20573	161	1	1	52061
20573	185	1	1	52061
20573	187	1	1	52061
20573	188	2	0	128
20573	192	1	1	52061
20573	193	1	1	52061
20573	194	1	1	52061
20573	196	2	2	104122
20573	197	1	1	52061
20573	199	2	2	104122
20573	210	1	1	52061
20573	214	1	1	52061
20573	224	2	0	128
20573	232	1	1	52061
20573	235	1	1	52061
20573	238	1	1	62818
20573	239	1	1	52061
20573	242	1	1	52061
20573	243	1	1	52061
20573	245	1	1	62818
20573	247	1	1	52061
20573	249	2	2	104122
20573	251	1	1	52061
20573	260	2	0	128
20573	261	1	1	52061
20573	264	1	1	52061
20573	266	1	1	52061
20573	268	1	1	62818
20573	270	1	1	52061
20573	272	1	1	52061
20573	274	1	1	52061
20573	276	1	1	52061
20573	278	1	1	52061
20573	280	1	1	62818
20573	285	1	1	52061
20574	8	2	0	128
20574	24	2	2	104122
20574	44	2	0	128
20574	48	1	1	52061
20574	49	3	3	30879
20574	50	1	1	52061
20574	67	1	1	52061
20574	87	2	0	128
20574	98	1	1	52061
20574	114	1	1	52061
20574	116	2	0	128
20574	117	1	1	52061
20574	119	1	1	52061
20574	130	1	1	52061
20574	143	1	1	52061
20574	152	2	0	128
20574	155	1	1	52061
20574	176	1	1	52061
20574	188	2	0	128
20574	209	2	2	104122
20574	211	2	1	185752
20574	216	1	1	52061
20574	219	1	1	52061
20574	220	1	1	52061
20574	224	2	0	128
20574	227	1	1	52061
20574	229	1	1	52061
20574	243	1	1	52061
20574	246	1	1	0
20574	247	2	2	104122
20574	249	1	1	52061
20574	251	1	1	52061
20574	252	1	1	52061
20574	253	1	1	52061
20574	254	1	1	52061
20574	260	2	0	128
20574	281	1	1	52061
20574	283	1	1	52061
20574	285	1	1	0
20575	1	1	1	52061
20575	8	2	0	128
20575	13	1	1	52061
20575	21	1	1	52061
20575	36	1	1	0
20575	44	2	0	128
20575	69	1	1	52061
20575	72	1	1	52061
20575	73	1	1	52061
20575	85	5	3	156311
20575	148	1	1	52061
20575	163	1	1	52061
20575	164	2	2	104122
20575	178	1	1	52061
20575	186	1	1	52061
20575	188	2	0	128
20575	199	1	1	52061
20575	202	1	1	52061
20575	222	1	1	52061
20575	224	2	0	128
20575	260	2	0	128
20575	270	1	1	52061
20576	8	2	0	128
20576	9	1	1	52061
20576	20	1	1	52061
20576	44	2	0	128
20576	47	1	1	52061
20576	66	1	1	52061
20576	79	1	1	52061
20576	86	3	1	52189
20576	87	1	1	52061
20576	90	1	1	52061
20576	103	1	1	52061
20576	116	2	0	128
20576	133	1	1	52061
20576	134	1	1	52061
20576	136	1	1	52061
20576	152	2	0	128
20576	154	1	1	52061
20576	171	1	1	52061
20576	180	1	1	52061
20576	184	2	2	104122
20576	185	3	3	156183
20576	188	2	0	128
20576	189	2	2	104122
20576	215	1	1	52061
20576	224	2	0	128
20576	234	1	1	52061
20576	236	1	1	52061
20576	243	1	1	52061
20576	260	2	0	128
20576	266	1	1	52061
20577	8	3	1	52189
20577	44	2	0	128
20577	51	1	1	52061
20577	73	1	1	10293
20577	83	1	1	52061
20577	86	3	1	52189
20577	88	1	1	52061
20577	116	3	1	52189
20577	137	1	1	52061
20577	152	2	0	128
20577	173	1	1	52061
20577	177	1	1	52061
20577	188	2	0	128
20577	194	1	1	52061
20577	205	1	1	52061
20577	224	2	0	128
20577	236	1	1	52061
20577	240	1	1	52061
20577	246	1	1	52061
20577	260	3	1	52189
20577	264	1	1	52061
20577	269	1	1	52061
20577	276	1	1	10293
20578	8	2	0	128
20578	12	1	1	52061
20578	24	1	1	52061
20578	31	1	1	52061
20578	36	1	1	52061
20578	44	3	1	52189
20578	49	1	1	52061
20578	76	1	1	10293
20578	77	1	1	52061
20578	98	21	21	498832
20578	116	2	0	128
20578	129	1	1	52061
20578	133	2	2	104122
1	1	0	0	0	29625163	0	0	29625163	0	0	64	/.well-known/acme-challenge/2SXJU4BZQ1PG00YOD1OW5MG-9T2235QP
1	0	0	0	1	0	0	29576220	0	0	29576220	0	/.env.local
1	0	0	0	17	0	0	29624317	0	0	29545743	0	/wp/wp-includes/wlwmanifest.xml
1	0	0	0	1	0	0	29576220	0	0	29576220	0	/.env_settings
1	0	0	0	1	0	0	29576220	0	0	29576220	0	/docker/.env.local
1	1	0	0	0	29624983	0	0	29624983	0	0	64	/.well-known/acme-challenge/KV5Y05C7YZYKRD3Z67BKGI689C9OH4V0
1	1	0	0	0	29615083	0	0	29615083	0	0	64	/.well-known/acme-challenge/_HVGQOROJLXNPLV8UKMIPYWI3FP7EMM5
1	1	0	0	0	29550283	0	0	29550283	0	0	64	/.well-known/acme-challenge/TG_4BOLLGLPS7MYYSU7O7-1TLK3BTGW6
1	1	0	0	0	29621023	0	0	29621023	0	0	64	/.well-known/acme-challenge/5VZ4HUSL0CCN0S06V_7TQC6C5H75BZZF
1	1	0	0	0	29571343	0	0	29571343	0	0	64	/.well-known/acme-challenge/57-N4KNXP33GUTXHFH2YPY6W3UG8BPUO
1	1	0	0	0	29626243	0	0	29626243	0	0	64	/.well-known/acme-challenge/RC3U6_7SQ7SQHD-PTR0CVYX5C95QV5T3
1	0	0	0	2	0	0	29630296	0	0	29627798	0	/wordpress
1	0	0	0	1	0	0	29603239	0	0	29603239	0	/sftp-config.json
1	1	0	0	0	29556763	0	0	29556763	0	0	64	/.well-known/acme-challenge/9ZT4RJMIRHD3WL-S31LXKWSOHBAZ0HX-
1	1	0	0	0	29575483	0	0	29575483	0	0	64	/.well-known/acme-challenge/YIPKYRL7QKSVDWFNZ_6NCF_W88VB79CO?135.148.195.1
1	1	0	0	0	29565583	0	0	29565583	0	0	64	/.well-known/acme-challenge/4M237UW188Q80LKBF-A81A1NK6B045XJ
1	1	0	0	0	29590783	0	0	29590783	0	0	64	/.well-known/acme-challenge/IQ-M591S_VQZWI77_SZU5PTR8WH9A42W
1	1	0	0	0	29627683	0	0	29627683	0	0	64	/.well-known/acme-challenge/VRH9ZYC7RH6DF0X-8CIXI59OG7KS-D10
1	1	0	0	0	29583583	0	0	29583583	0	0	64	/.well-known/acme-challenge/BHO3WY1XME5HY-Q0JEGVYS9SQO35ZI12
1	1	0	0	0	29592763	0	0	29592763	0	0	64	/.well-known/acme-challenge/M2C-EQ2WIF9WIVMOKU9ACMTSQTB2QE48
1	1	0	0	0	29630023	0	0	29630023	0	0	64	/.well-known/acme-challenge/39QDNYAG6N8SN20X8CPE4XPEBPK_1_VQ
1	1	0	0	0	29629123	0	0	29629123	0	0	64	/.well-known/acme-challenge/ZL-J4FFJVPE57S1YPA72BTW5NZ39N7D7
1	1	0	0	0	29569903	0	0	29569903	0	0	64	/.well-known/acme-challenge/OJLB3IQQQ0MMO_8AAKK0HL3UIJSXQJHW
1	0	0	0	1	0	0	29576220	0	0	29576220	0	/.env.development.local
1	1	0	0	0	29556583	0	0	29556583	0	0	64	/.well-known/acme-challenge/30ZHC4W7OJ4YKKKBF1ZLM47YGXATDOXO
1	1	0	0	0	29582143	0	0	29582143	0	0	64	/.well-known/acme-challenge/MW2RA385P8_WKHUS5IDG00OCTEGXNV-0
1	1	0	0	0	29620663	0	0	29620663	0	0	64	/.well-known/acme-challenge/1VDV2ADPJQUNLB46SM-STW7ZB64HUJ-K
1	1	0	0	0	29594563	0	0	29594563	0	0	64	/.well-known/acme-challenge/F1D-TBF5UOGNEY5YDLFGAYW6RXH_7RL-
1	1	0	0	0	29569543	0	0	29569543	0	0	64	/.well-known/acme-challenge/NH6EX3PYGY3E3A8FOCZTCI_QLS7OSUHL
1	0	0	0	2	0	0	29631616	0	0	29607978	0	/postnews.php
1	1	0	0	0	29549383	0	0	29549383	0	0	64	/.well-known/acme-challenge/V_ZB1SK2401X14PPJ1UV5U83SG7P8-KQ
1	0	0	0	6	0	0	29624413	0	0	29547641	0	/.env
1	1	0	0	0	29625163	0	0	29625163	0	0	64	/.well-known/acme-challenge/M1_EW6UY671ZYCRJPLYGBN5F8R4_99R9
1	1	0	0	0	29628427	0	0	29628427	0	0	64	/.well-known/acme-challenge/34-KX63ST8SQWLVM4AXKRUO0YOI29U_K
1	0	0	0	1	0	0	29546044	0	0	29546044	0	/wp/wp-admin/install.php?step=1&language=en_GB
1	1	0	0	0	29632003	0	0	29632003	0	0	64	/.well-known/acme-challenge/N7XMKATMB66LVZ10FMG-57KP99XZVISB
1	1	0	0	0	29572063	0	0	29572063	0	0	64	/.well-known/acme-challenge/RRS6PVBO__WWT72JJ-T8KMXWUAVFO312
1	1	0	0	0	29626063	0	0	29626063	0	0	64	/.well-known/acme-challenge/YPZ0MWCHD8MWZ4_-40PHL_6N8JEL131Q
1	0	0	0	2	0	0	29631616	0	0	29607978	0	/wp-content/postnews.php
1	1	0	0	0	29617603	0	0	29617603	0	0	64	/.well-known/acme-challenge/BY4IK7GG4EFMBW76V8K4D-7GWQL2_I0R
1	1	0	0	0	29572063	0	0	29572063	0	0	64	/.well-known/acme-challenge/5SPN6TP0RDXD4FNM3NE301IGH-FHQX4T
1	1	0	0	0	29555503	0	0	29555503	0	0	64	/.well-known/acme-challenge/QK0LT5AP8OORWBR60JJ_M1G4ESB_RHOC
1	1	0	0	0	29597263	0	0	29597263	0	0	64	/.well-known/acme-challenge/RGDJT_GKF50F0B83A-UUKKTANU5V61Z8
1	1	0	0	0	29609143	0	0	29609143	0	0	64	/.well-known/acme-challenge/KXYN5QNVUL-1CL-66ZO9A-TBC23BI99L
1	0	0	0	1	0	0	29618026	0	0	29618026	0	/wp-includes/accesson.php
1	1	0	0	0	29629871	0	0	29629871	0	0	64	/.well-known/acme-challenge/7CNEGHVL0Y0E4J93A0YSL9NTKJQDB1IF
1	1	0	0	0	29575177	0	0	29575177	0	0	64	/.well-known/acme-challenge/4EMUDS3ZFGAPRIC5Y8H9M6620G_E4WN9
1	1	0	0	0	29579462	0	0	29579462	0	0	64	/.well-known/acme-challenge/AG2WP30HPW4O82D7HNA8QNTFCM8NQ5N-
1	1	0	0	0	29626995	0	0	29626995	0	0	64	/.well-known/acme-challenge/GF_FUJDFDGQYBRT4WTRMVMZ44GXLW03I
1	1	0	0	0	29603203	0	0	29603203	0	0	64	/.well-known/acme-challenge/-NIW_VVKH8LAF5EC6BM2TQ6_WNW617GV
1	1	0	0	0	29546683	0	0	29546683	0	0	64	/.well-known/acme-challenge/-WLV8VEP_2RMX8PJBQU73I5K0A5ELVU0
1	1	0	0	0	29575483	0	0	29575483	0	0	64	/.well-known/acme-challenge/7CT--IZDSU0-2VZG08NNC_A8SEK9LES4
1	1	0	0	0	29605903	0	0	29605903	0	0	64	/.well-known/acme-challenge/F1A7BSCYK8JO-M5T4N_UNZA0UX2GRFS8
1	1	0	0	0	29602724	0	0	29602724	0	0	64	/.well-known/acme-challenge/6UQWVMAQCXN0P79VMOXCQF-5ABI_VSRB?135.148.195.1
1	1	0	0	0	29576923	0	0	29576923	0	0	64	/.well-known/acme-challenge/NQE0PJJS-2GC_CH_AWEX786TVNSSV9M-?135.148.195.1
1	1	0	0	0	29555323	0	0	29555323	0	0	64	/.well-known/acme-challenge/GX1KUBIR7053DU7YUJUIUQIGSXENUOAI
1	1	0	0	0	29558383	0	0	29558383	0	0	64	/.well-known/acme-challenge/5E9HJVT695ZECWG-EKUPDEADLGY1CKJ2
1	1	0	0	0	29548663	0	0	29548663	0	0	64	/.well-known/acme-challenge/5NK60K_UPQ3G2Q814YSI7MNV3W61BFF8
1	1	0	0	0	29571703	0	0	29571703	0	0	64	/.well-known/acme-challenge/7KFMS7GUD62UV92S3SQV63D4CZ3K6JH0
1	1	0	0	0	29629303	0	0	29629303	0	0	64	/.well-known/acme-challenge/9LB0HK9XJHP_6RY_EZW1YN5_K42AMEZS
1	1	0	0	0	29617963	0	0	29617963	0	0	64	/.well-known/acme-challenge/R60UKAWOYH_Y9KV1IP81JF9PQ9F873MJ
1	1	0	0	0	29545519	0	0	29545519	0	0	64	/.well-known/acme-challenge/NQV506WDA8-I77BM83437_LNLJCJ1RGO
1	1	0	0	0	29610223	0	0	29610223	0	0	64	/.well-known/acme-challenge/30J0U7YDPYV0I0NT8ISRXCTJDJY6G7S8
1	1	0	0	0	29620126	0	0	29620126	0	0	64	/.well-known/acme-challenge/NVTFXV6BZ7TGVJEI5EURR7I3G_PBNQ9O
1	1	0	0	0	29623363	0	0	29623363	0	0	64	/.well-known/acme-challenge/FF0X8HFQAUGDSOPWV5WOO5PT71L6D635
1	1	0	0	0	29591165	0	0	29591165	0	0	64	/.well-known/acme-challenge/ZWG-PPBTQUMP8CCUPZPLOHD9P_O5Z9ZE
1	1	0	0	0	29580703	0	0	29580703	0	0	64	/.well-known/acme-challenge/GGN5FM752WJHEF9ID5OLNR36C_UA_XB0
1	0	0	0	2	0	0	29631616	0	0	29607978	0	/wp-admin/postnews.php
1	1	0	0	0	29602123	0	0	29602123	0	0	64	/.well-known/acme-challenge/9HBGNX-NYIP0FW5SBLBCPV4CT9QZHRAF
1	1	0	0	0	29607343	0	0	29607343	0	0	64	/.well-known/acme-challenge/PF70C30T922570IMVA84P54OS9GT1HPI
1	1	0	0	0	29563423	0	0	29563423	0	0	64	/.well-known/acme-challenge/3DFV39SMOAKSHXF8N8TYWVSC1U0ZSM3V
1	1	0	0	0	29593123	0	0	29593123	0	0	64	/.well-known/acme-challenge/-67_3KZQ46UPDLUIEON0PP4YDK7R86BK
1	1	0	0	0	29552983	0	0	29552983	0	0	64	/.well-known/acme-challenge/V-_JD1N1M9_8I3_EGJQPSRY1VQHLAY2S
1	1	0	0	0	29591323	0	0	29591323	0	0	64	/.well-known/acme-challenge/IXGF08R9J4PE82-ASUL9X9OC3_8WNBZP
1	1	0	0	0	29627503	0	0	29627503	0	0	64	/.well-known/acme-challenge/WX0BTRJ08CSZV1WR48A__NA-Q2SCTEE7
1	1	0	0	0	29546323	0	0	29546323	0	0	64	/.well-known/acme-challenge/DUHRZ4DHYSY_Z569WX11DRFCWWO70MVP
1	1	0	0	0	29581963	0	0	29581963	0	0	64	/.well-known/acme-challenge/1GGNMQ28KLTGSRY4AMMPQFB855-D69EA
1	0	0	0	1	0	0	29546044	0	0	29546044	0	/shop/wp-admin/install.php?step=1&language=en_GB
1	1	0	0	0	29580343	0	0	29580343	0	0	64	/.well-known/acme-challenge/G-J_HX-87N3ZYE5Y39H97WXM6_GG0026
1	1	0	0	0	29620663	0	0	29620663	0	0	64	/.well-known/acme-challenge/-3E3A8TMQAD5W2KNN34A_2-M2TT4AR6R
1	1	0	0	0	29623003	0	0	29623003	0	0	64	/.well-known/acme-challenge/-5EUQD2AOB-CBQ-TR1B-BQX7LFG51PDP
1	0	0	0	3	0	0	29546323	0	0	29545758	0	/wordpress/
1	1	0	0	0	29628943	0	0	29628943	0	0	64	/.well-known/acme-challenge/QA_VOY223W9FALDAR9L3FRHY97L1UPBZ
1	1	0	0	0	29546143	0	0	29546143	0	0	64	/.well-known/acme-challenge/FMT4_GP_KP1MGK0TKULLURKH9A1DYUC5
1	1	0	0	0	29612923	0	0	29612923	0	0	64	/.well-known/acme-challenge/U-PTMAQ0SQ66AR2IC9-8VDUR8O213MT3
1	1	0	0	0	29609143	0	0	29609143	0	0	64	/.well-known/acme-challenge/MDJ412FYLPT8J4E47O8T-5GNX54Z6N-0
1	1	0	0	0	29575177	0	0	29575177	0	0	64	/.well-known/acme-challenge/BRFEK773A3AU44UDLP2ES50H4LOKMU0X
1	0	0	0	1	0	0	29576220	0	0	29576220	0	/.env_backup
1	1	0	0	0	29632543	0	0	29632543	0	0	64	/.well-known/acme-challenge/4R0YNASACD_83Z7U7NUQRRFC0PVSRLFU
1	0	0	0	1	0	0	29576220	0	0	29576220	0	/www/.env
1	1	0	0	0	29592583	0	0	29592583	0	0	64	/.well-known/acme-challenge/VXFR0XIWB8GFPDUIQV_6M983WLGNR0FV
1	0	0	0	1	0	0	29546044	0	0	29546044	0	/shop/wp-admin/setup-config.php?step=1&language=en_GB
1	1	0	0	0	29578044	0	0	29578044	0	0	64	/.well-known/acme-challenge/S-SDNJPZJ0LPPR7B47FVEOYUXG71BDX1
1	1	0	0	0	29610403	0	0	29610403	0	0	64	/.well-known/acme-challenge/LFSP7GP-NL12W2DLXW2L-3YDMNO0N__7
1	1	0	0	0	29599963	0	0	29599963	0	0	64	/.well-known/acme-challenge/J02FLNXKYRW0LTQ-OMYZLD1CE9_6ZKRI
1	1	0	0	0	29568643	0	0	29568643	0	0	64	/.well-known/acme-challenge/9FHO_M5SLMLG6N2G_NRTVWT0YC35YWP1
1	1	0	0	0	29548123	0	0	29548123	0	0	64	/.well-known/acme-challenge/UU2B8_RFFGETTWL4BTA9-3W94_OYCB8_?216.123.194.197
1	1	0	0	0	29613103	0	0	29613103	0	0	64	/.well-known/acme-challenge/T4YT2KTDG9IACX8KM5NONYP5RISXLROK
1	1	0	0	0	29556478	0	0	29556478	0	0	64	/.well-known/acme-challenge/RUDDRHG326XHDGH7KFYA-SV_I6ZS8IT2
1	1	0	0	0	29559823	0	0	29559823	0	0	64	/.well-known/acme-challenge/UEFDW89CEZJEUYROFQ49FL685-9TUNCC
1	1	0	0	0	29574943	0	0	29574943	0	0	64	/.well-known/acme-challenge/OIDDAV5A15RYQS0Y447N0_0E0UGXKZMF
1	1	0	0	0	29560183	0	0	29560183	0	0	64	/.well-known/acme-challenge/2X358O7IPHULULYNQC6WTMF-BCGRODMI
1	0	0	0	1	0	0	29576220	0	0	29576220	0	/.env.tmp
1	1	0	0	0	29624443	0	0	29624443	0	0	64	/.well-known/acme-challenge/J-7T04Y9SW59LWNEFJ9F0I337NQICLD-
1	1	0	0	0	29600863	0	0	29600863	0	0	64	/.well-known/acme-challenge/IKSBB1DPG2YZ_VDSMT_JMALY5YUDTE7G
1	1	0	0	0	29565943	0	0	29565943	0	0	64	/.well-known/acme-challenge/WIWLO39EZRQE4OQUCAXIBX3739UF1W-H
1	0	0	0	1	0	0	29576220	0	0	29576220	0	/.env.production.bak
1	1	0	0	0	29597803	0	0	29597803	0	0	64	/.well-known/acme-challenge/2JDK_-XZ9XE6ST2LU6PA5ZJFRPHM63LQ
1	1	0	0	0	29596543	0	0	29596543	0	0	64	/.well-known/acme-challenge/3F3ZZ-K430_1XOIERHQARHSHCJHV9FJ9
1	1	0	0	0	29548843	0	0	29548843	0	0	64	/.well-known/acme-challenge/4F8DOO80Z6WCJIB7NE6-GQFPC6KQDR7I
1	0	0	0	17	0	0	29624317	0	0	29545743	0	/wp1/wp-includes/wlwmanifest.xml
1	1	0	0	0	29619583	0	0	29619583	0	0	64	/.well-known/acme-challenge/B1LBHK-LE_AB31IEG0NL258LOQD04Z4P
1	0	0	0	2	0	0	29630296	0	0	29627798	0	/wp
1	1	0	0	0	29612023	0	0	29612023	0	0	64	/.well-known/acme-challenge/X61GJRCTPACSE0U7EMOD8XCAMXUK1ODD
1	0	0	0	1	0	0	29576220	0	0	29576220	0	/.git/logs/HEAD
1	0	0	0	17	0	0	29624317	0	0	29545743	0	/site/wp-includes/wlwmanifest.xml
1	1	0	0	0	29565943	0	0	29565943	0	0	64	/.well-known/acme-challenge/O9B4QL82EJS4XS9V4RHYAEP5N8J6EF5A
1	0	0	0	1	0	0	29576220	0	0	29576220	0	/config/.env.local
1	1	0	0	0	29589883	0	0	29589883	0	0	64	/.well-known/acme-challenge/YIF6EA67J_EP6RKF-9D-YC4VA0IC6-P7
1	1	0	0	0	29550283	0	0	29550283	0	0	64	/.well-known/acme-challenge/8_I4V-VEJ5001ED3H1I9F03E_CSCA0R1
1	1	0	0	0	29603203	0	0	29603203	0	0	64	/.well-known/acme-challenge/UTSELICYCVGH3761F7MCPV8OECKO2_AP
1	1	0	0	0	29594923	0	0	29594923	0	0	64	/.well-known/acme-challenge/1TFV33EWUSUP-I5A75L9AS9ZYOVXJMLD
1	1	0	0	0	29612383	0	0	29612383	0	0	64	/.well-known/acme-challenge/6D8DW2ESSU8O-Q1I6KD09O9LHVUMP0IG
1	1	0	0	0	29609323	0	0	29609323	0	0	64	/.well-known/acme-challenge/YAI35_ICU51Z8XVMRVRD49FQLKVXUY9Z
1	0	0	0	1	0	0	29576220	0	0	29576220	0	/.env.orig
1	0	0	0	17	0	0	29624317	0	0	29545743	0	/2019/wp-includes/wlwmanifest.xml
1	1	0	0	0	29547943	0	0	29547943	0	0	64	/.well-known/acme-challenge/KXR_YNCWVZQXWL8FW_LTYZ7YHJICFJO0
1	0	0	0	5	0	0	29564240	0	0	29546156	0	/2020/wp-includes/wlwmanifest.xml
1	1	0	0	0	29597083	0	0	29597083	0	0	64	/.well-known/acme-challenge/R8JRO1IS4A-_OWS-QAYUDBHS8RG27NQ1
1	1	0	0	0	29600143	0	0	29600143	0	0	64	/.well-known/acme-challenge/SGKEKXYWO3Y76_03GFLF8M4I91D19EL7
1	0	0	0	1	0	0	29546044	0	0	29546044	0	/blog/wp-admin/setup-config.php?step=1&language=en_GB
1	1	0	0	0	29569543	0	0	29569543	0	0	64	/.well-known/acme-challenge/_NUN7OCGW4A8Q_Q5CHP3E-E3WLM3TZP0
1	1	0	0	0	29616703	0	0	29616703	0	0	64	/.well-known/acme-challenge/PVOWYD1TUKGQDWC-JKQSE4BVDFWSJU3F
1	1	0	0	0	29568283	0	0	29568283	0	0	64	/.well-known/acme-challenge/1T2_NMW2LLL-NDO975Z0LRN5P78VRXHC
1	1	0	0	0	29612743	0	0	29612743	0	0	64	/.well-known/acme-challenge/LYO397OWMYL3BWCJ9W_25NQV6KE5_3IK
1	1	0	0	0	29575303	0	0	29575303	0	0	64	/.well-known/acme-challenge/7LP7T71TFQHDLSGX8VJLBVX3JBRPARNC
1	1	0	0	0	29567563	0	0	29567563	0	0	64	/.well-known/acme-challenge/AX6MPFZLQQ66FBIWH0G4BJN7FEPZZ2BM
1	1	0	0	0	29560363	0	0	29560363	0	0	64	/.well-known/acme-challenge/-CZ0PS0T_M0YYQISUGL0WD3I98Q15QXE
1	1	0	0	0	29626995	0	0	29626995	0	0	64	/.well-known/acme-challenge/8AOL1TB015UYN3HKMCN6M-94BHO2NGZ8
1	1	0	0	0	29549023	0	0	29549023	0	0	64	/.well-known/acme-challenge/Q_56J4HL36Z5JTK7MV-VFHWMKVGEI4EK
1	1	0	0	0	29592409	0	0	29592409	0	0	64	/.well-known/acme-challenge/6HMTB2C_FBS7P3FVFYSADI-38ESVKUEM
1	0	0	0	1	0	0	29576220	0	0	29576220	0	/srv/.env
1	1	0	0	0	29631103	0	0	29631103	0	0	64	/.well-known/acme-challenge/TGC6ZQBNMXL4N9OTK71I_3JHUL5XKR_A
1	1	0	0	0	29572423	0	0	29572423	0	0	64	/.well-known/acme-challenge/R8BECYITSLDY9T1HO59411GYWCXIKL7P
1	0	0	0	1	0	0	29627798	0	0	29627798	0	/test
1	1	0	0	0	29629483	0	0	29629483	0	0	64	/.well-known/acme-challenge/_C2X7W8TUN64TX2ADU8DR-OOLV3DKJEV
1	1	0	0	0	29609503	0	0	29609503	0	0	64	/.well-known/acme-challenge/FG4_F_BMHKJ1H1V3JWW0EL4FOVYMA4MI?135.148.195.1
1	1	0	0	0	29592043	0	0	29592043	0	0	64	/.well-known/acme-challenge/4B0IRXSTIGCHOERJQFQLBJ66G6UV--ZI
1	1	0	0	0	29576203	0	0	29576203	0	0	64	/.well-known/acme-challenge/39WVB5WIO30GRRHL240G0ABXW1X8XV_5
1	2	0	0	0	29627618	0	0	29624197	0	0	267382	/yonathan-amselem.jpg
1	1	0	0	0	29581243	0	0	29581243	0	0	64	/.well-known/acme-challenge/FM43IGRRK3IB8UE-908_FS8BPO7KN67-?135.148.195.1
1	1	0	0	0	29559674	0	0	29559674	0	0	64	/.well-known/acme-challenge/LV1G0ZPW5EBXOX966E9FB4KFAR0QK9UU
1	1	0	0	0	29613823	0	0	29613823	0	0	64	/.well-known/acme-challenge/DBICJXUJ-TS-AI6J6OOLQS56_MH0V6K8
1	0	0	0	1	0	0	29546044	0	0	29546044	0	/wp/wp-admin/setup-config.php?step=1&language=en_GB
1	0	0	0	1	0	0	29576220	0	0	29576220	0	/var/www/html/.env
1	1	0	0	0	29577283	0	0	29577283	0	0	64	/.well-known/acme-challenge/3PHMLOD7LJQG67_D6CMF360FMWZQZAQT
1	1	0	0	0	29617063	0	0	29617063	0	0	64	/.well-known/acme-challenge/58RLR9946LF5T221ZTVRKFD6QWPYNSWR
1	1	0	0	0	29546863	0	0	29546863	0	0	64	/.well-known/acme-challenge/UWKHI47D4UX5_WM0_QL0YSUG02GMM482
1	1	0	0	0	29548303	0	0	29548303	0	0	64	/.well-known/acme-challenge/R1WY423FILJPK9RFOCXAHV_V7T9SO_BB
1	1	0	0	0	29616523	0	0	29616523	0	0	64	/.well-known/acme-challenge/49Q45C7STLNO85V3WOHE6FJTO12KM3GK
1	1	0	0	0	29613103	0	0	29613103	0	0	64	/.well-known/acme-challenge/_R_-7R4SNLM6D_6399ONJDHX5U_GOA8X
1	1	0	0	0	29599423	0	0	29599423	0	0	64	/.well-known/acme-challenge/2FWEO17UC02R-G_SBHA8X927TBHPA-9D
1	1	0	0	0	29554063	0	0	29554063	0	0	64	/.well-known/acme-challenge/S5I-3W-4KKQXB358KW5F7G8JA693ONTH
1	0	0	0	1	0	0	29546840	0	0	29546840	0	/favicon.ico/sellers.json
1	1	0	0	0	29552604	0	0	29552604	0	0	64	/.well-known/acme-challenge/N1KTYF2D7W15XTI538NLWBS-7EDPZQWR
1	0	0	0	15	0	0	29624317	0	0	29545743	0	/wp-includes/wlwmanifest.xml
1	1	0	0	0	29590603	0	0	29590603	0	0	64	/.well-known/acme-challenge/T7IAKCE-3R1-AOP_Y--0QPEKLAOF7_CD
1	1	0	0	0	29567563	0	0	29567563	0	0	64	/.well-known/acme-challenge/7Y9TEGQE2YK1XTA2G23BVT49U_LQT5UG
1	1	0	0	0	29610043	0	0	29610043	0	0	64	/.well-known/acme-challenge/951BM_CKXOD47U7U4VJTQR0N05H3XJZP
1	1	0	0	0	29624623	0	0	29624623	0	0	64	/.well-known/acme-challenge/_H6WN9_XGD3VGRZMBB2RNV19YED2IVOH
1	1	0	0	0	29572423	0	0	29572423	0	0	64	/.well-known/acme-challenge/WJZOSH4C5OL3QST7YS_ACVR35_Q7YZFP
1	1	0	0	0	29564683	0	0	29564683	0	0	64	/.well-known/acme-challenge/I79BED5W_UN7_48JJTVRW13RVWU9W554
1	1	0	0	0	29601791	0	0	29601791	0	0	64	/.well-known/acme-challenge/K4D1O8PG2SJM0T47WNV21B2RNFAEIWA5
1	1	0	0	0	29578543	0	0	29578543	0	0	64	/.well-known/acme-challenge/FYWA-B0AY6D_J6RJU8LC_NMZ61AJA84U
1	1	0	0	0	29611663	0	0	29611663	0	0	64	/.well-known/acme-challenge/PR44A_E6-5D_F8X0XIYQ7JFV8EZLGXH6
1	1	0	0	0	29574403	0	0	29574403	0	0	64	/.well-known/acme-challenge/D2XBUZ03XBRD_1DG8017L3Y0PWPD9_J-
1	1	0	0	0	29603383	0	0	29603383	0	0	64	/.well-known/acme-challenge/150D9YF0FVIJTPQYXM3TGW262SVFJAC_
1	1	0	0	0	29610943	0	0	29610943	0	0	64	/.well-known/acme-challenge/CZYAZY02RPM9FGWWMZKRY6MBE5YPZB7F?46.101.9.216
1	1	0	0	0	29607523	0	0	29607523	0	0	64	/.well-known/acme-challenge/NL31S2EZXH3FWS6G0HQWX1VENMC951LC
1	1	0	0	0	29628943	0	0	29628943	0	0	64	/.well-known/acme-challenge/R9UD3_M7XEOF8ONFNLYTYZ0WSGU5D-T0
1	1	0	0	0	29584663	0	0	29584663	0	0	64	/.well-known/acme-challenge/U9M9B87QN169PWUPQIUH5BU6_C89GZTP
1	1	0	0	0	29578363	0	0	29578363	0	0	64	/.well-known/acme-challenge/L2H81CN2KZI11GJE38OJF0DB8YQLIOYA
1	0	0	0	1	0	0	29576220	0	0	29576220	0	/.env.production.local
1	1	0	0	0	29630743	0	0	29630743	0	0	64	/.well-known/acme-challenge/1118OZMWESZHIRWKX981XBC9JXS9SL1G
1	1	0	0	0	29545783	0	0	29545783	0	0	64	/.well-known/acme-challenge/G7IA1O74SZWB14N2V35KWONAP2K3F5PT
1	1	0	0	0	29583223	0	0	29583223	0	0	64	/.well-known/acme-challenge/CQ4OC-TPBCW-TX1F7FK0WL7FYQ4N4VTZ
1	1	0	0	0	29612565	0	0	29612565	0	0	64	/.well-known/acme-challenge/AW_4X9AWS8Z7YCF74NO9K9L0808MSIHW
1	1	0	0	0	29605761	0	0	29605761	0	0	64	/.well-known/acme-challenge/I3B0_D-51FBQWZ_1-ZU79N0V9W8IW5VA
1	8	8	0	0	29625643	0	0	29584444	0	0	480586	/?46.101.9.216
1	1	0	0	0	29560543	0	0	29560543	0	0	64	/.well-known/acme-challenge/P2Q8WM0AQ363K0NK8U8LWKR_2TKTICXA
1	0	0	0	13	0	0	29624317	0	0	29545743	0	/news/wp-includes/wlwmanifest.xml
1	1	0	0	0	29602123	0	0	29602123	0	0	64	/.well-known/acme-challenge/DO5YH5DHN2GWTIADNGZEEFZ9C2I6XR3P
1	1	0	0	0	29631823	0	0	29631823	0	0	64	/.well-known/acme-challenge/T-ZJ0-_EZUJNHVGKL0X3-B71G2VXO7UK
1	1	0	0	0	29558023	0	0	29558023	0	0	64	/.well-known/acme-challenge/G6ZLQ3EER7C0PBTL6JFSWEO378WT3454
1	1	0	0	0	29625883	0	0	29625883	0	0	64	/.well-known/acme-challenge/-SYKTYQR1TIA3PL210STY-YZ7OGJZCPU
1	1	0	0	0	29568823	0	0	29568823	0	0	64	/.well-known/acme-challenge/D19GYD19MIRSOVTSII64ORBACQAGM6D8
1	1	0	0	0	29599243	0	0	29599243	0	0	64	/.well-known/acme-challenge/TGV_1FVKEW_VGYZK4GC1MHG-V9VEHC9J
1	0	0	0	1	0	0	29576220	0	0	29576220	0	/.envrc
1	1	0	0	0	29607343	0	0	29607343	0	0	64	/.well-known/acme-challenge/0-CN53WN_52K7LT6VS0QR71XH1P8V2V8
1	1	0	0	0	29594743	0	0	29594743	0	0	64	/.well-known/acme-challenge/-R-7RX_P0HZI7FHRP54YR9U348J8K33O
1	0	0	0	2	0	0	29622245	0	0	29607978	0	/txets.php
1	1	0	0	0	29546863	0	0	29546863	0	0	64	/.well-known/acme-challenge/_JQ1E0OFC7CZG6_YYTKYTHUEQMWOHR7X
1	1	0	0	0	29571163	0	0	29571163	0	0	64	/.well-known/acme-challenge/TSXWLC_O2MA1GRKCP7RC6ENAGN1YKGO2
1	1	0	0	0	29607703	0	0	29607703	0	0	64	/.well-known/acme-challenge/016D05075PFUN_P746P-FF1BE32ZS971
1	1	0	0	0	29576772	0	0	29576772	0	0	64	/.well-known/acme-challenge/WL7YNBX_B3-7CPAFOVMYM38XZL0Z7R7G
1	1	0	0	0	29570083	0	0	29570083	0	0	64	/.well-known/acme-challenge/ZHYGJCRLLX47Q-AFN8ZG5Y4YD5TQ3UBL
1	1	0	0	0	29566303	0	0	29566303	0	0	64	/.well-known/acme-challenge/ETLD77I9YTRCYR1IFB3K-4MIBBIKDBCY
1	1	0	0	0	29564863	0	0	29564863	0	0	64	/.well-known/acme-challenge/VGK2C36EH8EA4P97O95C15EFCK3A2ORD
1	1	0	0	0	29625883	0	0	29625883	0	0	64	/.well-known/acme-challenge/80BE4R2CUXYRYS91_LC1FQ9HS8-A87NA
1	1	0	0	0	29624803	0	0	29624803	0	0	64	/.well-known/acme-challenge/A4T86SGZIJ7OX7O6WWYI1Y-M02D25I-7
1	1	0	0	0	29603383	0	0	29603383	0	0	64	/.well-known/acme-challenge/6N2B97SWXGD285DKSJ4CZ0M56SGI4H4I
1	1	0	0	0	29609503	0	0	29609503	0	0	64	/.well-known/acme-challenge/HKGL_XBT2P49RMHDIN4SHL-I6N8ACVH2
1	1	0	0	0	29552983	0	0	29552983	0	0	64	/.well-known/acme-challenge/5AMU-5UJXL8ZXLH45943V41AM4LEOLQF
1	1	0	0	0	29599243	0	0	29599243	0	0	64	/.well-known/acme-challenge/XLHGA0S8VCRCGUF46F3OICTFME28PWC7
1	1	0	0	0	29583043	0	0	29583043	0	0	64	/.well-known/acme-challenge/2U6QZV_7P0O09PXSFVYEUOMNLKTYI221
1	1	0	0	0	29552803	0	0	29552803	0	0	64	/.well-known/acme-challenge/MKT2CRXE-EX4PQE5V31U819LGEMKDQ-T
1	0	0	0	1	0	0	29576220	0	0	29576220	0	/.env~
1	1	0	0	0	29608063	0	0	29608063	0	0	64	/.well-known/acme-challenge/-YRKO6KL6JIUG-7T61DW9RNY_L25B2A4
1	1	0	0	0	29581141	0	0	29581141	0	0	64	/.well-known/acme-challenge/QDUIDZXL6NRM5DJKH2RN-8YM5NNXRW77
1	1	0	0	0	29610943	0	0	29610943	0	0	64	/.well-known/acme-challenge/QK-F1QRBGHCZ9X34EAWRPOGR2HZR7FIU
1	1	0	0	0	29597623	0	0	29597623	0	0	64	/.well-known/acme-challenge/TT3II-ERKMWG85LKN6NSWQMQDXM3J2OL
1	1	0	0	0	29606263	0	0	29606263	0	0	64	/.well-known/acme-challenge/7M3ZSHHNQ3Q3IVODMPXRF68Y-A4LKOFR
1	1	0	0	0	29589703	0	0	29589703	0	0	64	/.well-known/acme-challenge/A80RGS4TWFG6ROOHTZORKEYRVMGCETQ7
1	1	0	0	0	29554783	0	0	29554783	0	0	64	/.well-known/acme-challenge/6WF5-UZH1G1TA6X9GDJ3_GFC5ENC0IV5
1	1	0	0	0	29589343	0	0	29589343	0	0	64	/.well-known/acme-challenge/2E45P20YBG6QN3SSOBC758CEGVCNWZOU?46.101.9.216
1	1	0	0	0	29593663	0	0	29593663	0	0	64	/.well-known/acme-challenge/LF3_79OX5I4GYGDR1TZGVWNSBRVL1UM5
1	0	0	0	1	0	0	29546044	0	0	29546044	0	/new/wp-admin/setup-config.php?step=1&language=en_GB
1	1	0	0	0	29597263	0	0	29597263	0	0	64	/.well-known/acme-challenge/_YIXGCWMLOO8S9IR6OZ_V3XOCCOU_AT-
1	1	0	0	0	29593663	0	0	29593663	0	0	64	/.well-known/acme-challenge/7L_7-CF6AUNUPST-85AW3_KH-M_S4GTX
1	1	0	0	0	29610403	0	0	29610403	0	0	64	/.well-known/acme-challenge/2GJI47JA5ZJS8DT6DKVR_RIU3HA0M2OW
1	1	0	0	0	29558203	0	0	29558203	0	0	64	/.well-known/acme-challenge/8SWKOCP5LOK9O3NEBK0E9NU-0N32HGZS?216.123.194.197
1	1	0	0	0	29577823	0	0	29577823	0	0	64	/.well-known/acme-challenge/8-A2A30DL5KJTHZ_MBZQR99SYKUEXKYK
1	1	0	0	0	29580523	0	0	29580523	0	0	64	/.well-known/acme-challenge/HKTNQC2Y2PMOT8N6GVBLXN1WP6L53CCU
1	1	0	0	0	29630923	0	0	29630923	0	0	64	/.well-known/acme-challenge/R5G3KHZBVM80JDXQ0-G8ZS-F48QL8FQJ
1	1	0	0	0	29620303	0	0	29620303	0	0	64	/.well-known/acme-challenge/MPYP3YET-FGLJM6ZMK94C3BXFQXM2DXP
1	1	0	0	0	29605761	0	0	29605761	0	0	64	/.well-known/acme-challenge/Z584_ST7VVCN9DHLOIYIBLULC677-WSR
1	1	0	0	0	29574043	0	0	29574043	0	0	64	/.well-known/acme-challenge/GRA7V0LEDX1WXPGWML--LJEWRTB-H-WF
1	1	0	0	0	29589703	0	0	29589703	0	0	64	/.well-known/acme-challenge/EOKF8RW0OIZFOVLNADLAN4T8AL228HIG
1	1	0	0	0	29567999	0	0	29567999	0	0	64	/.well-known/acme-challenge/M9-BVIRC6DT35QH3L6B9HA6JXWFT5T6D
1	0	0	0	17	0	0	29624317	0	0	29545743	0	/shop/wp-includes/wlwmanifest.xml
1	1	0	0	0	29562883	0	0	29562883	0	0	64	/.well-known/acme-challenge/XF8J0WMRPRE2LTR_IKD5FBR5JXD4BVN7
1	0	0	0	1	0	0	29576220	0	0	29576220	0	/docker-compose.env
1	1	0	0	0	29626603	0	0	29626603	0	0	64	/.well-known/acme-challenge/21XRPZP38TBO9G7T7KK674JD91EIDULS
1	1	0	0	0	29565403	0	0	29565403	0	0	64	/.well-known/acme-challenge/VPKWJJKGQEN49WQY98QXN_CISYQ0KFZS
1	1	0	0	0	29553343	0	0	29553343	0	0	64	/.well-known/acme-challenge/FF4UT2CQPVIZW4_2U61IFE1ST9R3KUPK
1	1	0	0	0	29569003	0	0	29569003	0	0	64	/.well-known/acme-challenge/CJEKE-MYKPM6ZFDSRMH24WKRDQX8QDZF
1	1	0	0	0	29589207	0	0	29589207	0	0	64	/.well-known/acme-challenge/REGOT-QU1U5_5JU-3BZTMIAXF0K4A81T
1	0	0	0	13	0	0	29624317	0	0	29545743	0	/wp2/wp-includes/wlwmanifest.xml
1	1	0	0	0	29556478	0	0	29556478	0	0	64	/.well-known/acme-challenge/5ZC1TG7MC95V7PERF3-VW2IC2R2DFYG2
1	0	0	0	1	0	0	29576220	0	0	29576220	0	/.env.container
1	1	0	0	0	29613643	0	0	29613643	0	0	64	/.well-known/acme-challenge/M601ZL9ZTMAV3AAGNV8A6PUBD548GX8Q
1	1	0	0	0	29577283	0	0	29577283	0	0	64	/.well-known/acme-challenge/SA28U9UV4Z1PCN-AT9QSK3-JENNC3-7Y
1	1	0	0	0	29569410	0	0	29569410	0	0	64	/.well-known/acme-challenge/HZ1FJ5-KB04GADXYPGAL0KL9BP3EKQTN
1	1	0	0	0	29549563	0	0	29549563	0	0	64	/.well-known/acme-challenge/0L3I_DQ_O-PF04GARPMQY9-ZFLGHCQBU
1	1	0	0	0	29581783	0	0	29581783	0	0	64	/.well-known/acme-challenge/YO84WU3BEUQ0MGU3N1YCIESLSS5F31-V
1	1	0	0	0	29572603	0	0	29572603	0	0	64	/.well-known/acme-challenge/TPM9VFWUJ9I7G69WRUN3338OWN6GIFWE
1	1	0	0	0	29578183	0	0	29578183	0	0	64	/.well-known/acme-challenge/PQGBPAJ24J0DLISTSHB26_5JPKHFBFLF
1	0	0	0	1	0	0	29546840	0	0	29546840	0	/favicon.ico/app-ads.txt
1	1	0	0	0	29630563	0	0	29630563	0	0	64	/.well-known/acme-challenge/GRHXG_6JCUUR-BUNRIXW42F8ZVBXKQE0
1	1	0	0	0	29557123	0	0	29557123	0	0	64	/.well-known/acme-challenge/ZGD6RIQRXF3CEH6GOGL-ZFVUIF18RS-T
1	0	0	0	4	0	0	29564240	0	0	29556637	0	/2021/wp-includes/wlwmanifest.xml
1	0	0	0	1	0	0	29603239	0	0	29603239	0	/ftp-sync.json
1	0	0	0	1	0	0	29576220	0	0	29576220	0	/.env.production
1	1	0	0	0	29584483	0	0	29584483	0	0	64	/.well-known/acme-challenge/PEHHUMO3VT3S10XT9F0JF4ZSBNO_HP06
1	1	0	0	0	29620126	0	0	29620126	0	0	64	/.well-known/acme-challenge/OOTYIT3F5CE82FGZ-GG4HVZQZTT64TS_
1	1	0	0	0	29606263	0	0	29606263	0	0	64	/.well-known/acme-challenge/W31UQXETITCEYRMPXG_PC078BID2YIHW
1	1	0	0	0	29580163	0	0	29580163	0	0	64	/.well-known/acme-challenge/JGWG15U0I0XFD46JPDJ64P0FJVNNLJI7
1	0	0	0	3	0	0	29630296	0	0	29546043	0	/wp-admin/setup-config.php?step=1&language=en_GB
1	0	0	0	2	0	0	29631616	0	0	29607978	0	/schallfuns.php
1	1	0	0	0	29569903	0	0	29569903	0	0	64	/.well-known/acme-challenge/IZY0-7SZYF64S4TCNBN945MT7S73MML0
1	1	0	0	0	29585023	0	0	29585023	0	0	64	/.well-known/acme-challenge/F9A6OZAPD9__8Z7MM2SFBOIGRWT1D-WE
1	1	0	0	0	29549923	0	0	29549923	0	0	64	/.well-known/acme-challenge/P3PLII8WTNSF83XP1HIQF132JD3N_AM3
1	1	0	0	0	29545416	0	0	29545416	0	0	64	/.well-known/acme-challenge/SJ8G6RQ--O6X2LJ78YBS36WFC_7UQZW-
1	1	0	0	0	29599843	0	0	29599843	0	0	64	/.well-known/acme-challenge/PT8H6DGNFITH6L58XZHK5A228D-Z61HM
1	1	0	0	0	29597803	0	0	29597803	0	0	64	/.well-known/acme-challenge/KLIX_X2S8UMW1ZMJBDC-VA89BO1JKHHG
1	1	0	0	0	29548483	0	0	29548483	0	0	64	/.well-known/acme-challenge/_D7GJP8GOC_88_ZJTJ1UH3XR15VZH4PR
1	1	0	0	0	29584843	0	0	29584843	0	0	64	/.well-known/acme-challenge/EWAI29TRFW5CJ_ZHTWJ1RP3M6YOA-3CA
1	1	0	0	0	29583043	0	0	29583043	0	0	64	/.well-known/acme-challenge/WQE16NFQ3LTX--3Z2A4_BC7NEKRUET6H
1	1	0	0	0	29555503	0	0	29555503	0	0	64	/.well-known/acme-challenge/9MGC6P_RB_DXIFR1-Y3TIFCEEG44IR_I
1	0	0	0	1	0	0	29576220	0	0	29576220	0	/.env.development
1	1	0	0	0	29594383	0	0	29594383	0	0	64	/.well-known/acme-challenge/AIX19HS4OBYP_HS1Z4VT1D_WM82WKI_T
1	1	0	0	0	29571883	0	0	29571883	0	0	64	/.well-known/acme-challenge/9-U37KX9UN0_UVFC_SPN9EUNW84PQ6W6
1	0	0	0	1	0	0	29576220	0	0	29576220	0	/docker/.env
1	1	0	0	0	29612743	0	0	29612743	0	0	64	/.well-known/acme-challenge/G87O8TL6CR20L_Z0TAIV-RD-ORZQJGEX
1	1	0	0	0	29574403	0	0	29574403	0	0	64	/.well-known/acme-challenge/KFD5JTBW1WU3_808ANOJZN-J2U1DT0TH
1	1	0	0	0	29573503	0	0	29573503	0	0	64	/.well-known/acme-challenge/O1-RLJ97A7FUIJWII5TY8GZF9E5HB2MR
1	1	0	0	0	29577463	0	0	29577463	0	0	64	/.well-known/acme-challenge/FTIT8-AI7CJMJ33NXZ_W4243GUSF0CNJ
1	0	0	0	1	0	0	29546044	0	0	29546044	0	/wordpress/wp-admin/setup-config.php?step=1&language=en_GB
1	1	0	0	0	29613283	0	0	29613283	0	0	64	/.well-known/acme-challenge/VUG7POSN3S4ZAMMOI6-17G7NTCWUX_12
1	1	0	0	0	29579983	0	0	29579983	0	0	64	/.well-known/acme-challenge/9DK4TLYCTAM04PZW_LJKX98C5ZXUBY3N
1	1	0	0	0	29620843	0	0	29620843	0	0	64	/.well-known/acme-challenge/G0KDY8XN1W-VR9EDZFYVZKPRG542BU52
1	0	0	0	1	0	0	29576220	0	0	29576220	0	/root/.env
1	0	0	0	1	0	0	29576220	0	0	29576220	0	/.env2
1	1	0	0	0	29547583	0	0	29547583	0	0	64	/.well-known/acme-challenge/JAUOACXLFEDHMFN2TKY8T-ASLIQXSI4-
1	0	0	0	1	0	0	29576220	0	0	29576220	0	/.env1
1	1	0	0	0	29610223	0	0	29610223	0	0	64	/.well-known/acme-challenge/R-782_DO0H3_HJ2-CDRH4G0BLOPCSMIM
1	0	0	0	1	0	0	29603239	0	0	29603239	0	/.vscode/sftp.json
1	1	0	0	0	29576023	0	0	29576023	0	0	64	/.well-known/acme-challenge/U_W484S7914AVNHHDDK2ILBJZEATBOKF
1	1	0	0	0	29546503	0	0	29546503	0	0	64	/.well-known/acme-challenge/CKASKPJ77BGKQZZGI-49OS7O4L6XRYPA
1	1	0	0	0	29560543	0	0	29560543	0	0	64	/.well-known/acme-challenge/FBSH42VULQ24L28_5QJ-I4IQXHTII5JE
1	1	0	0	0	29591165	0	0	29591165	0	0	64	/.well-known/acme-challenge/3G7-_EOSLJYPMED10DOKQN-BCSCEZ3Z_
1	1	0	0	0	29577643	0	0	29577643	0	0	64	/.well-known/acme-challenge/FX6QNS2AHX6XSVGYI9I9E6R1Q9HAAW5O
1	1	0	0	0	29630203	0	0	29630203	0	0	64	/.well-known/acme-challenge/5OE25_G-M-_OK7FNF2V4K512MMM0V532
1	1	0	0	0	29618143	0	0	29618143	0	0	64	/.well-known/acme-challenge/-ZGWALEMZRWYNMHQDMUUR9ECH2BUBROG
1	1	0	0	0	29563243	0	0	29563243	0	0	64	/.well-known/acme-challenge/JUFOH66VHINWM0OFY86-PSG8I4TEQ84-
1	1	0	0	0	29585248	0	0	29585248	0	0	64	/.well-known/acme-challenge/JH8MYVX1M0M5AOZULG-JMB96J14A892K
1	1	0	0	0	29623183	0	0	29623183	0	0	64	/.well-known/acme-challenge/M517P_B9FZ4RHFPRNJ-ZZPXT7WGHTUMH
1	1	0	0	0	29590603	0	0	29590603	0	0	64	/.well-known/acme-challenge/6Y2OCZ6BU8VTGNR_ISC6Y1QYR1Z9VS4C
1	0	0	0	1	0	0	29546044	0	0	29546044	0	/test/wp-admin/setup-config.php?step=1&language=en_GB
1	1	0	0	0	29569723	0	0	29569723	0	0	64	/.well-known/acme-challenge/4_G_8CSVTSCM88PP_VJ1YBKUHAU7FD-U?216.123.194.197
1	1	0	0	0	29570443	0	0	29570443	0	0	64	/.well-known/acme-challenge/07IRHS118PN71UPTFCL553QLUOE1QNXQ
1	1	0	0	0	29556043	0	0	29556043	0	0	64	/.well-known/acme-challenge/V743T8QHWOBT8ML7J3ZN3A62ADFO7Q6I
1	1	0	0	0	29545416	0	0	29545416	0	0	64	/.well-known/acme-challenge/UDP1CF6YAOSLJQNN_Y3IYF8IUTE0DD48
1	1	0	0	0	29575663	0	0	29575663	0	0	64	/.well-known/acme-challenge/MWVJQEDJE-7VP776PBWPUX-BJ0PWDDXB
1	1	0	0	0	29617063	0	0	29617063	0	0	64	/.well-known/acme-challenge/69D94I6DATFY-M-AYOV0HMDHJKYY7UP1
1	1	0	0	0	29559103	0	0	29559103	0	0	64	/.well-known/acme-challenge/549GV9-27I_FS_8FLVK029ZR7DAI2Q_Y
1	1	0	0	0	29555323	0	0	29555323	0	0	64	/.well-known/acme-challenge/FOR9AG2P5TDOZWGB2INQK5KC53KPXG_-?3.86.247.53
1	1	0	0	0	29564323	0	0	29564323	0	0	64	/.well-known/acme-challenge/FIM3788QSS2A__FGPLZCOPQ1KW1HLHGH
1	1	0	0	0	29590243	0	0	29590243	0	0	64	/.well-known/acme-challenge/M57B3H93N2Y5W3ZZ072X8RH1M108NEUI
1	1	0	0	0	29578903	0	0	29578903	0	0	64	/.well-known/acme-challenge/WL6SVB-A39VXF6JO7KQ4JAD__ZND51OS
1	1	0	0	0	29593123	0	0	29593123	0	0	64	/.well-known/acme-challenge/GEL_XUAXIR9S8UVAY95XV1PGTO_W87DP
1	1	0	0	0	29552604	0	0	29552604	0	0	64	/.well-known/acme-challenge/YB28Y-EUH0Q_W1OK-N_0NY7EI8VTNZEK
1	1	0	0	0	29573143	0	0	29573143	0	0	64	/.well-known/acme-challenge/XKU0TLBN7BNK15N7_6V4BITKX7_LE1UL
1	1	0	0	0	29585023	0	0	29585023	0	0	64	/.well-known/acme-challenge/O-HWJZEFPFKOR6J-T517E5OLU46RFBJ-
1	1	0	0	0	29552623	0	0	29552623	0	0	64	/.well-known/acme-challenge/339MXHER2FR_7A83-YH89H7P9GIJ6Z68
1	1	0	0	0	29620843	0	0	29620843	0	0	64	/.well-known/acme-challenge/3LKMPG7UY2N-SDMR5XUI4Z4IK6QSI39O
1	1	0	0	0	29612203	0	0	29612203	0	0	64	/.well-known/acme-challenge/JDFMG0_8KA_0F856C72KAG1GW7Z6Y9CO
1	1	0	0	0	29626243	0	0	29626243	0	0	64	/.well-known/acme-challenge/LZE7ZNWOL7XZRT_X8XN7QE0O6UPTU6HM
1	1	0	0	0	29562343	0	0	29562343	0	0	64	/.well-known/acme-challenge/UU3UUDCO928EPW3Q8DY3EC54ZWTINPCJ
1	4	4	0	25	29626524	0	29616671	29626311	0	29545472	251272	/cross-border.html
1	0	0	0	17	0	0	29624317	0	0	29545743	0	/web/wp-includes/wlwmanifest.xml
1	1	0	0	0	29587761	0	0	29587761	0	0	64	/.well-known/acme-challenge/8IC-EOQELJNXP_YJI170_55-YNSLB9V5
1	0	0	0	242	0	0	29633048	0	0	29614849	0	/wp-admin/install.php?step=1
1	1	0	0	0	29567743	0	0	29567743	0	0	64	/.well-known/acme-challenge/46UIMQHIQEUVU1LFXP9MR4A1GDPIUQQ5
1	0	0	0	3	0	0	29630296	0	0	29546044	0	/wp-admin/install.php?step=1&language=en_GB
1	0	0	0	1	0	0	29576220	0	0	29576220	0	/.env.prod
1	0	0	0	1	0	0	29576220	0	0	29576220	0	/admin/.env
1	1	0	0	0	29609863	0	0	29609863	0	0	64	/.well-known/acme-challenge/BAZNOCGJ9I-2CVPG1M9OSE7ISYDI7QPH
1	0	0	0	1	0	0	29576220	0	0	29576220	0	/.env.backup
1	1	0	0	0	29584483	0	0	29584483	0	0	64	/.well-known/acme-challenge/Y3J11C4TNXHI1QYVB1G_H_N7XHB1M19I
1	1	0	0	0	29594563	0	0	29594563	0	0	64	/.well-known/acme-challenge/TXDQD0OKM9-5XHCG5GCYAN0QSL72QR4C
1	1	0	0	0	29628223	0	0	29628223	0	0	64	/.well-known/acme-challenge/QMFY0C-AMRJKK737_T-NQFNKXRIEW528
1	1	0	0	0	29579083	0	0	29579083	0	0	64	/.well-known/acme-challenge/F28SKWI51AI1JHHX05O_FX3EBOXE21BG
1	1	0	0	0	29631643	0	0	29631643	0	0	64	/.well-known/acme-challenge/LX9R3-CYBFR9RJ4D5_1M_DEBXHLETG2_
1	1	0	0	0	29572963	0	0	29572963	0	0	64	/.well-known/acme-challenge/PVW_1BARWJVHPXZE2E-403BGL0BG2O6C
1	0	0	0	4	0	0	29564240	0	0	29556637	0	/feed/
1	1	0	0	0	29574583	0	0	29574583	0	0	64	/.well-known/acme-challenge/HFF_TBH2G4QX-NLLV58X6TDXD1S65JAI
1	1	0	0	0	29602303	0	0	29602303	0	0	64	/.well-known/acme-challenge/7E5NTQNBSI580GGBB6N-BEU6HMBRFTCP
1	1	0	0	0	29581243	0	0	29581243	0	0	64	/.well-known/acme-challenge/DMWOUSQW_X_G581L3SPQA4RKJQZ4XLJW
1	0	0	0	1	0	0	29576220	0	0	29576220	0	/server/.env
1	1	0	0	0	29558023	0	0	29558023	0	0	64	/.well-known/acme-challenge/WLR5N_X2JFTFASD6STPFVKRC4FE0M0_V
1	1	0	0	0	29558923	0	0	29558923	0	0	64	/.well-known/acme-challenge/0QPUZ7QHUT6FBLM_1DWZQ4GS-WT5-5L5
1	1	0	0	0	29562523	0	0	29562523	0	0	64	/.well-known/acme-challenge/DQBY5OSCCXXEO3KQMM5XZ29ZX-7KAUX_
1	1	0	0	0	29582143	0	0	29582143	0	0	64	/.well-known/acme-challenge/UA83QPSIERS_Z-9BIVJCFWJO3BSH86XA
1	1	0	0	0	29632183	0	0	29632183	0	0	64	/.well-known/acme-challenge/40NYAHA8AEJVO3W47M9039SM_72RL5WE
1	1	0	0	0	29627683	0	0	29627683	0	0	64	/.well-known/acme-challenge/IQG-S6GX1AIC72TLB8MZFYB_MOBCEA--
1	0	0	0	614	0	0	29632811	0	0	29545455	0	/favicon.ico
1	0	0	0	1	0	0	29576220	0	0	29576220	0	/home/.env
1	1	0	0	0	29599843	0	0	29599843	0	0	64	/.well-known/acme-challenge/KLRMUP58WO7RV0YCVC3TVAMYOFTPDAS0
1	0	0	0	16	0	0	29624317	0	0	29545743	0	/xmlrpc.php?rsd
1	1	0	0	0	29614742	0	0	29614742	0	0	64	/.well-known/acme-challenge/AVKKPR3SO3M1QLBQT_4Y4BW5I7WCS_-J
1	1	0	0	0	29609693	0	0	29609693	0	0	64	/.well-known/acme-challenge/WKIPG8DYKRSENCICTA3CDP1YJCHMAZ29
1	1	0	0	0	29596939	0	0	29596939	0	0	64	/.well-known/acme-challenge/X4SZU43039RQ--WRRND-1-UGMLHW7BMJ
1	0	0	0	1	0	0	29576220	0	0	29576220	0	/api/.env
1	0	0	0	1	0	0	29576220	0	0	29576220	0	/backend/.env
1	1	0	0	0	29600503	0	0	29600503	0	0	64	/.well-known/acme-challenge/UJ1FJTAM4GF92-DF_7DQNN6HQCW-7MKL
1	1	0	0	0	29619043	0	0	29619043	0	0	64	/.well-known/acme-challenge/VLF4DO2F7BZ4ZMY-XCD7QFOTZ8D2WU58
1	0	0	0	1	0	0	29576220	0	0	29576220	0	/.env_config
1	1	0	0	0	29576383	0	0	29576383	0	0	64	/.well-known/acme-challenge/6-IB91FZGTKQO5_PHVON9ROGJSMZFSV8
1	1	0	0	0	29545603	0	0	29545603	0	0	64	/.well-known/acme-challenge/VAFDVJFZULWU4LSLMR-FKUCV2R25PHN7
1	1	0	0	0	29554603	0	0	29554603	0	0	64	/.well-known/acme-challenge/6UN9J7-S0-7667SLS5LIJT075GD_RH31
1	1	0	0	0	29564683	0	0	29564683	0	0	64	/.well-known/acme-challenge/HMKWXZD4LCSMO_F-SXY-ZCG96X-V4DKR
1	1	0	0	0	29591683	0	0	29591683	0	0	64	/.well-known/acme-challenge/UNXJMX4J3MY2YHSC3Z-1U1ZRJ8OKOF3Y
1	1	0	0	0	29581963	0	0	29581963	0	0	64	/.well-known/acme-challenge/36F37-EZVF58AEN99Q4Z4PNNI3HEIC7I
1	1	0	0	0	29626603	0	0	29626603	0	0	64	/.well-known/acme-challenge/0FYPF1U85TIBDSHCQIBCH2LJZLYC_P32
1	1	0	0	0	29609863	0	0	29609863	0	0	64	/.well-known/acme-challenge/VON1V4IVT993YD7QWYX3GM020JSFL5-A
1	0	0	0	1	0	0	29603239	0	0	29603239	0	/.vscode/ftp-config.json
1	1	0	0	0	29623183	0	0	29623183	0	0	64	/.well-known/acme-challenge/2DQUSA6-UJCPTNRT4HSE0J6DJZIL5NT0
1	1	0	0	0	29598883	0	0	29598883	0	0	64	/.well-known/acme-challenge/5VBHPFZO33BMH2X7_8ZZ5KC73AHCQY58
1	1	0	0	0	29611843	0	0	29611843	0	0	64	/.well-known/acme-challenge/FPSH-ERTB2QVR2FT7A8CQFNGTDQLD64H
1	1	0	0	0	29591503	0	0	29591503	0	0	64	/.well-known/acme-challenge/-ME27BANLB6XY9VUKORXOTA5R6L59Z4E
1	0	0	0	2	0	0	29631616	0	0	29607978	0	/wp-includes/postnews.php
1	1	0	0	0	29600323	0	0	29600323	0	0	64	/.well-known/acme-challenge/HW9JM_VTF5_2LYI263UCHFXSC9P9Y589
1	1	0	0	0	29557483	0	0	29557483	0	0	64	/.well-known/acme-challenge/M-FND96B09_X9C2ERJ_BA9V41MFAJRUT
1	1	0	0	0	29575843	0	0	29575843	0	0	64	/.well-known/acme-challenge/SVU5BOD_ZNF_I5TD28XS6JHK8482RWOX
1	1	0	0	0	29612923	0	0	29612923	0	0	64	/.well-known/acme-challenge/P4NZHN8BG242P3MJ9RD-CF-PIFW4JVH6
1	1	0	0	0	29597983	0	0	29597983	0	0	64	/.well-known/acme-challenge/BGPR8G-G7MT2GM10MW2JL3KGS8TTDC-B
1	1	0	0	0	29577103	0	0	29577103	0	0	64	/.well-known/acme-challenge/LX7NU7PUQZYYTCBJJ-NB9NAJ1VMF7F_N
1	1	0	0	0	29569723	0	0	29569723	0	0	64	/.well-known/acme-challenge/IPE66V-NCPFQOJUX4JHDED28IDWK_H44
1	1	0	0	0	29567743	0	0	29567743	0	0	64	/.well-known/acme-challenge/RQY_2BIZLFMSDN055T4TPKJJ6OE9UNMN
1	1	0	0	0	29617783	0	0	29617783	0	0	64	/.well-known/acme-challenge/8NKE-H3-JGU01BKB0SHE2Y5C9-PTE8J6
1	1	0	0	0	29553703	0	0	29553703	0	0	64	/.well-known/acme-challenge/27LLYP9JSCLBNTX64HVUJORZR4_ZQ1CB
1	1	0	0	0	29569410	0	0	29569410	0	0	64	/.well-known/acme-challenge/S6C4RNTRSBFI3BFZCKFL2A7W30IVIAJD
1	1	0	0	0	29570623	0	0	29570623	0	0	64	/.well-known/acme-challenge/5PIKEC9QHL11FFMWNALRVFJ7FZ49IAE8
1	1	0	0	0	29590423	0	0	29590423	0	0	64	/.well-known/acme-challenge/TKCQHTK6V4NNP9L2GJIGAZRY9JAS103U
1	0	0	0	1	0	0	29576220	0	0	29576220	0	/.env.dev
1	1	0	0	0	29548123	0	0	29548123	0	0	64	/.well-known/acme-challenge/B3ACE98SSN036AE03URJGF0Y24-3V3YX
1	1	0	0	0	29574763	0	0	29574763	0	0	64	/.well-known/acme-challenge/FLPC6PD4MJ7S5188N7AAX3V1283ZXH_R
1	1	0	0	0	29628223	0	0	29628223	0	0	64	/.well-known/acme-challenge/C--IX30VHHMAKL-W83RN97-GERTAJ06O
1	0	0	0	4	0	0	29564240	0	0	29556637	0	/wp-includes/ID3/license.txt
1	1	0	0	0	29572963	0	0	29572963	0	0	64	/.well-known/acme-challenge/HCULUB66FO_R565UH9LZ0EJ885_YAEYI
1	1	0	0	0	29629871	0	0	29629871	0	0	64	/.well-known/acme-challenge/04739959HAD--J2-X7S58KL6R8S-I8-A
1	1	0	0	0	29578044	0	0	29578044	0	0	64	/.well-known/acme-challenge/7J7MN2VAY80S0OA5ZAU310WHYO9LUVBP
1	1	0	0	0	29566303	0	0	29566303	0	0	64	/.well-known/acme-challenge/GDHAFFX5BLAEWJRR6BI26Y84D-CJPNT_
1	1	0	0	0	29598192	0	0	29598192	0	0	64	/.well-known/acme-challenge/BHLW71NZ2NBB1ZGWFNJXJDNEVG--DGFQ
1	1	0	0	0	29593303	0	0	29593303	0	0	64	/.well-known/acme-challenge/C3QAVW2BPO_MZB-XXJZPIRV3-W99ZR-F
1	1	0	0	0	29617423	0	0	29617423	0	0	64	/.well-known/acme-challenge/HAMES5HFHQ4CO0P7ETF77HU6TT5RS43P
1	1	0	0	0	29559823	0	0	29559823	0	0	64	/.well-known/acme-challenge/KUXR6KYWWTGRL106Q7-28EZFCY-28PFI
1	0	0	0	1	0	0	29546044	0	0	29546044	0	/blog/wp-admin/install.php?step=1&language=en_GB
1	1	0	0	0	29631823	0	0	29631823	0	0	64	/.well-known/acme-challenge/EHPBGRW23ULWTT5E7LSA8L_V_BEPG5JD
1	1	0	0	0	29570983	0	0	29570983	0	0	64	/.well-known/acme-challenge/20-0QIHTMFY8CE1U32OR9O_AP08MC6J1
1	1	0	0	0	29565763	0	0	29565763	0	0	64	/.well-known/acme-challenge/1MPOKLHKR0S9L_63I9IW-SFIS32V0YH5
1	1	0	0	0	29550103	0	0	29550103	0	0	64	/.well-known/acme-challenge/7HYPPMFZLCKB43L3338RIG51YI9GTRI_
1	1	0	0	0	29630023	0	0	29630023	0	0	64	/.well-known/acme-challenge/4DFV6-CF1YJ-EVMTFBVSPGOF9R53SC4-
1	1	0	0	0	29580703	0	0	29580703	0	0	64	/.well-known/acme-challenge/HBBELAFT-3SLK9PSNLN1BWCB07J0AMUZ
1	1	0	0	0	29593483	0	0	29593483	0	0	64	/.well-known/acme-challenge/H7T-7JGCZPVO1HX3NDR-VDR7NPAPV7HJ
1	1	0	0	0	29591503	0	0	29591503	0	0	64	/.well-known/acme-challenge/0-JQXDKXLJS5U1OTWQRFHKFV-8UV8VAT
1	1	0	0	0	29576772	0	0	29576772	0	0	64	/.well-known/acme-challenge/XRM-XSY98SDYY1HROJJK3YMSQFL9RBG2
1	1	0	0	0	29627503	0	0	29627503	0	0	64	/.well-known/acme-challenge/IT62LO0GBNCF-VM5X-Q90A_NHBZW4_52
1	1	0	0	0	29552803	0	0	29552803	0	0	64	/.well-known/acme-challenge/POXQLUHPANPEGDJF980L-7L69AB3JHSG
1	1	0	0	0	29619583	0	0	29619583	0	0	64	/.well-known/acme-challenge/F3HREN5DW1G6KZ2E24TQH383RPTNU8OD
1	0	0	0	1	0	0	29576220	0	0	29576220	0	/.env.php
1	1	0	0	0	29579083	0	0	29579083	0	0	64	/.well-known/acme-challenge/KE_KSR-CBUI5P4__G6PEOLGCMNPBAINC
1	0	0	0	2	0	0	29630296	0	0	29627798	0	/blog
1	1	0	0	0	29622823	0	0	29622823	0	0	64	/.well-known/acme-challenge/4PWA0-IS5FTCYF10BM5U4BQHZ-0QOBJZ
1	1	0	0	0	29564863	0	0	29564863	0	0	64	/.well-known/acme-challenge/4YTDEUJY7KB6TD_E9O88Q3NUJ2OROTNO
1	1	0	0	0	29611843	0	0	29611843	0	0	64	/.well-known/acme-challenge/Y5C0RQXSTJNWC745IR_RZLUENEQPFYF8
1	1	0	0	0	29603743	0	0	29603743	0	0	64	/.well-known/acme-challenge/DY3DHLU9_EXDT61VFXDKC7OJKCMV7SOI
1	1	0	0	0	29575303	0	0	29575303	0	0	64	/.well-known/acme-challenge/FIIMOH4VJPGY4M-LUJBSOPWNLHXKBO08
1	1	0	0	0	29610763	0	0	29610763	0	0	64	/.well-known/acme-challenge/5A7V6CUKKWE7F1GOHU05W6U0NUMW5IX1
1	1	0	0	0	29624983	0	0	29624983	0	0	64	/.well-known/acme-challenge/LU0RSWVJA1ATDXNDXQNB3ZNIINWGHNNO
1	1	0	0	0	29592763	0	0	29592763	0	0	64	/.well-known/acme-challenge/J7KB5KX-I17OOLSOMULC-8PG7VZFJ25L
1	1	0	0	0	29598883	0	0	29598883	0	0	64	/.well-known/acme-challenge/21XHPJHZ29JCWTAJHAAGHBI29F-2GRAJ
1	1	0	0	0	29574583	0	0	29574583	0	0	64	/.well-known/acme-challenge/XNWKNQJPTOH6NGSSS2045OBB3UV17I44
1	1	0	0	0	29626063	0	0	29626063	0	0	64	/.well-known/acme-challenge/V4WS32S3MYLXF1RFCA6JOV7BSUOON99S
1	0	0	0	1	0	0	29603239	0	0	29603239	0	/.ftp-config.json
1	0	0	0	10	0	0	29562775	0	0	29546545	0	/wp-login.php
1	1	0	0	0	29600683	0	0	29600683	0	0	64	/.well-known/acme-challenge/8_3R77TPA2I718TUD_S24EQN5_EUSH9E
1	1	0	0	0	29565403	0	0	29565403	0	0	64	/.well-known/acme-challenge/-KXQOV1IDG098MG3SFOSQH0N4114JGX7
1	1	0	0	0	29608063	0	0	29608063	0	0	64	/.well-known/acme-challenge/01H9-J89CWZT_AAM582ZSM1XI4KZTVRG?46.101.9.216
1	0	0	0	1	0	0	29576220	0	0	29576220	0	/.env.docker
1	1	0	0	0	29611483	0	0	29611483	0	0	64	/.well-known/acme-challenge/ZEADOQU5R80EJDYP3IX6A8ZD6U0Z5KEM
1	1	0	0	0	29578543	0	0	29578543	0	0	64	/.well-known/acme-challenge/7UO95YH8ICMNJ70PQG2_W591VUJU2GU3
1	1	0	0	0	29577643	0	0	29577643	0	0	64	/.well-known/acme-challenge/S5U--47ZUU6H57CK8S1B8EEI49TG-KK1
1	1	0	0	0	29568103	0	0	29568103	0	0	64	/.well-known/acme-challenge/LN-KNP2ZE4OQIS_X_526OE7PEQO56F94
1	1	0	0	0	29563063	0	0	29563063	0	0	64	/.well-known/acme-challenge/6FNYK65NQYL8W2A1ZQXU7UN2ATXSVZNO
1	1	1	0	0	29546676	0	0	29546676	0	0	62744	/?47.130.151.190
1	1	0	0	0	29619403	0	0	29619403	0	0	64	/.well-known/acme-challenge/13YPAPIWP1PNMT6_4MMW4XOR4L47MOXD
1	1	0	0	0	29595823	0	0	29595823	0	0	64	/.well-known/acme-challenge/O6BDIW13YD_XNDXMQD8AKOKVDXXTVRIC
1	1	0	0	0	29616523	0	0	29616523	0	0	64	/.well-known/acme-challenge/QN7K8C89Y2-D-Z4VPTP64P5EYUFF83YU
1	1	0	0	0	29630923	0	0	29630923	0	0	64	/.well-known/acme-challenge/IARE9498F1R4U9LBUHP5REH4D5BYO-42
1	0	0	0	1	0	0	29623819	0	0	29623819	0	/wp-json/gravitysmtp/v1/tests/mock-data?page=gravitysmtp-settings
1	1	0	0	0	29562523	0	0	29562523	0	0	64	/.well-known/acme-challenge/I8B0_4V1FG901R3TQXZ4H3U8TZ01FYRK
1	1	0	0	0	29607703	0	0	29607703	0	0	64	/.well-known/acme-challenge/C779SOZO0GYFSBRIFBJT5FIUUPNHCLBP
1	1	0	0	0	29605903	0	0	29605903	0	0	64	/.well-known/acme-challenge/KEAJ1AU2ZO73W824OFRKX-PUGR05FE-X
1	0	0	0	1	0	0	29576220	0	0	29576220	0	/.env.test
1	1	0	0	0	29562703	0	0	29562703	0	0	64	/.well-known/acme-challenge/YGJBK5UGGU6G33482C-WDBSWRPRN_44V
1	1	0	0	0	29577823	0	0	29577823	0	0	64	/.well-known/acme-challenge/68PF4B0MG-HGKHBMUL-D6ZHLEMS95FFQ
1	1	0	0	0	29591683	0	0	29591683	0	0	64	/.well-known/acme-challenge/7AVY51EPL-CCGAUTS-U3WAGFLF-C7YUY
1	1	0	0	0	29626783	0	0	29626783	0	0	64	/.well-known/acme-challenge/KC7VJW6BW8GZBSG11O-NPC-89NMGL_1C
1	1	0	0	0	29596003	0	0	29596003	0	0	64	/.well-known/acme-challenge/7_C5U-R48CASG_FWZ5EUE05U4XU8G0U8
1	1	0	0	0	29627143	0	0	29627143	0	0	64	/.well-known/acme-challenge/AV5K54CT46Z5OTYVRAS3BT8OHMTFZERD
1	1	0	0	0	29597443	0	0	29597443	0	0	64	/.well-known/acme-challenge/4QFSRW582-KW5_00YDR2PF-ZI1MWOURI
1	1	0	0	0	29597443	0	0	29597443	0	0	64	/.well-known/acme-challenge/23WLCZNOZC59LIPJ70HL7A201REYF-R3
1	1	0	0	0	29592943	0	0	29592943	0	0	64	/.well-known/acme-challenge/U2TUKU0Q8JIQ2FC0BZN6Z0XUIZT-BX6E
1	1	0	0	0	29589343	0	0	29589343	0	0	64	/.well-known/acme-challenge/C516P3H06H0MYIJ8P6CM8_-Y1BGPKYT2
1	1	0	0	0	29630383	0	0	29630383	0	0	64	/.well-known/acme-challenge/4ZAZO_Q_DA76DE8AAOMBB5G1CVTCVZ_O
1	1	0	0	0	29629663	0	0	29629663	0	0	64	/.well-known/acme-challenge/PYUASYSP9E8IDADZIGMOMBMYQ-INOVV4
1	0	0	0	1	0	0	29576220	0	0	29576220	0	/.env.save
1	1	0	0	0	29610583	0	0	29610583	0	0	64	/.well-known/acme-challenge/P05W2ZRA5OWAGV5YBC_0UXQTMKO58Z5X
1	1	0	0	0	29553163	0	0	29553163	0	0	64	/.well-known/acme-challenge/XGQ1042-FR8LJ4F70PTPM247XK11D44I
1	1	0	0	0	29556223	0	0	29556223	0	0	64	/.well-known/acme-challenge/YVD_4LKRJ3WASVIVW-0-K3FTPOTTXHHL
1	1	0	0	0	29547583	0	0	29547583	0	0	64	/.well-known/acme-challenge/UBXDD196W9-J5H_WWB30F25UEJ3WJJ6J
1	0	0	0	1	0	0	29576220	0	0	29576220	0	/.env.old
1	0	0	0	1	0	0	29615382	0	0	29615382	0	/favicon.ico?135.148.195.1
1	1	0	0	0	29600503	0	0	29600503	0	0	64	/.well-known/acme-challenge/-9GJU7CDLXRVS6MHOD1VBARNO2GSKN9O
1	1	0	0	0	29594743	0	0	29594743	0	0	64	/.well-known/acme-challenge/__CFHCYY8KHLMY_8NG6TO4RVUB86BV__
1	1	0	0	0	29549743	0	0	29549743	0	0	64	/.well-known/acme-challenge/2FD_M-EEOJ9WKMTF05ET74A_SG6TOB76
1	1	0	0	0	29614903	0	0	29614903	0	0	64	/.well-known/acme-challenge/KH6KFDVILI6MT_373THQ6H6UHVPSHAXD
1	1	0	0	0	29592583	0	0	29592583	0	0	64	/.well-known/acme-challenge/MGJ_3TD-YART_TFC9SIC07SIEN-CAJW0
1	0	0	0	4	0	0	29631616	0	0	29607978	0	/wp-includes/txets.php
1	0	0	0	1	0	0	29576220	0	0	29576220	0	/core/.env
1	1	0	0	0	29549023	0	0	29549023	0	0	64	/.well-known/acme-challenge/A7Q5Y6RNQE8V8EQL4HOKKXA9C6UBJT-6
1	1	0	0	0	29591863	0	0	29591863	0	0	64	/.well-known/acme-challenge/8N3X9RDRLLUY1KRI1ECAO_H8C_64BYCK
1	1	0	0	0	29546503	0	0	29546503	0	0	64	/.well-known/acme-challenge/AWKYQ-0S7TTASDYYJ77PBX0GH025-QUY
1	1	0	0	0	29612565	0	0	29612565	0	0	64	/.well-known/acme-challenge/2VVW85O8S7F2023DLUARM8XZ8UN28FE1
1	1	0	0	0	29623723	0	0	29623723	0	0	64	/.well-known/acme-challenge/9VSWHGFC6Z4CJGK-CT_TPJHJYQAPIMWH
1	1	0	0	0	29547223	0	0	29547223	0	0	64	/.well-known/acme-challenge/O7-6FM4JRN5R6EJXMSR1HVA4PV1F66KO
1	1	0	0	0	29554783	0	0	29554783	0	0	64	/.well-known/acme-challenge/HS84VI525ZPFW5-H32XML16TLTTNKUZ-
1	1	0	0	0	29594203	0	0	29594203	0	0	64	/.well-known/acme-challenge/WYSN4USVV1N6VFRGFF91YV_9D6EM294I
1	1	0	0	0	29547043	0	0	29547043	0	0	64	/.well-known/acme-challenge/0UA5A93DFZ8CWCP8TCHC1Q9VK8MPY308
1	1	0	0	0	29573323	0	0	29573323	0	0	64	/.well-known/acme-challenge/5LFQG5FWC7O7LYTCZFX0O2WBQWC1HF2L
1	0	0	0	1	0	0	29576220	0	0	29576220	0	/.env.json
1	1	0	0	0	29583223	0	0	29583223	0	0	64	/.well-known/acme-challenge/RXEZ616IRDJSFUJHTF_FDBKNSP2PDX27
1	1	0	0	0	29623003	0	0	29623003	0	0	64	/.well-known/acme-challenge/4WPODD8TLMR2HGJHNWQW-ENRUE9S1GMP
1	1	0	0	0	29608483	0	0	29608483	0	0	64	/.well-known/acme-challenge/4-BRMXSANK4T6M_SGD68LI0IJKCH15BS
1	1	0	0	0	29631463	0	0	29631463	0	0	64	/.well-known/acme-challenge/V4SQONG5NYUH07Q6ZST_GLAZRBJBGJ-8
1	1	0	0	0	29575843	0	0	29575843	0	0	64	/.well-known/acme-challenge/1PF8NI2MX_O13AGP-S-LMZ2YMVNS5PCW
1	1	0	0	0	29632183	0	0	29632183	0	0	64	/.well-known/acme-challenge/RCGAL3G3R4KAMWITVOXZB5HNQF-4LCM3
1	1	0	0	0	29554243	0	0	29554243	0	0	64	/.well-known/acme-challenge/HSHM20JB9OJNLSFRPFV-Z2PCZA9XNET4
1	1	0	0	0	29556583	0	0	29556583	0	0	64	/.well-known/acme-challenge/J3B03H_0YX-7OMWFK_5BSFKLB5KQ_MD8
1	5	0	0	0	29545416	0	0	29545416	0	0	435	/.well-known/acme-challenge/3_WCP2Jl1mRFGzQ3zROnxZ0dD_ReFJRMuQHo7-weArk
1	1	0	0	0	29610043	0	0	29610043	0	0	64	/.well-known/acme-challenge/A9EXWT-L0_MD3LZ8QCPSKHJD46XGIC_7
1	1	0	0	0	29558743	0	0	29558743	0	0	64	/.well-known/acme-challenge/68_22APDOX-PV4RQWSBOHD752UDX-WVG
1	1	0	0	0	29579263	0	0	29579263	0	0	64	/.well-known/acme-challenge/72T3ULDGIA5P60B0LH248GLINVN_2Y8F
1	0	0	0	1	0	0	29576220	0	0	29576220	0	/.env.staging
1	1	0	0	0	29554063	0	0	29554063	0	0	64	/.well-known/acme-challenge/5TA0Q_2XZOLGUK0Q9FBGXC2XLMECY0MD
1	1	0	0	0	29613463	0	0	29613463	0	0	64	/.well-known/acme-challenge/K-JWNC0SFZHTNCQ4SUMK83PF_IX278UJ
1	1	0	0	0	29606443	0	0	29606443	0	0	64	/.well-known/acme-challenge/1P8KTUQZ0C6R83MIP8Y-86LV253O-83L
1	1	0	0	0	29557663	0	0	29557663	0	0	64	/.well-known/acme-challenge/EP15AAAMV1NBQB2MKXQKDI_CH64CN4X6
1	1	0	0	0	29623363	0	0	29623363	0	0	64	/.well-known/acme-challenge/EQ_TDTXJMMXYAA2TEI25TL06HMNMC__K
1	0	0	0	1	0	0	29603239	0	0	29603239	0	/.vscode/ftp-sync.json
1	1	0	0	0	29546683	0	0	29546683	0	0	64	/.well-known/acme-challenge/FJZ324RPEIR-OH-C8UQSRFN7A6ROGWQ_
1	1	0	0	0	29570443	0	0	29570443	0	0	64	/.well-known/acme-challenge/64-X91PVZ986EHYMYQHZ0S107O7HWS62
1	1	0	0	0	29556223	0	0	29556223	0	0	64	/.well-known/acme-challenge/F44YT8P4V07E962SC62Z5E2KPD60FIXG
1	0	0	0	1	0	0	29576220	0	0	29576220	0	/.env.dist
1	1	0	0	0	29555863	0	0	29555863	0	0	64	/.well-known/acme-challenge/BFRAGW79G0IJR68FOZOSJ31T8D8O_DRC
1	1	0	0	0	29600863	0	0	29600863	0	0	64	/.well-known/acme-challenge/8_O8USM0W-RC97M0YZ248-HRW4S77GTH
1	1	0	0	0	29593483	0	0	29593483	0	0	64	/.well-known/acme-challenge/WNO9RD89KKGQ-KOT2GLSWI5FSR2DBB98
1	1	0	0	0	29554423	0	0	29554423	0	0	64	/.well-known/acme-challenge/-GWS-N8H88DI3DP295QHE009D__M5DMW
1	1	0	0	0	29572292	0	0	29572292	0	0	64	/.well-known/acme-challenge/A16QPG5KJFPYGSQZ5-PHFLV4CSJMYOAR
1	1	0	0	0	29573919	0	0	29573919	0	0	64	/.well-known/acme-challenge/VISN11LSIPWF72OC19FVKD0WB_JMB-WG
1	1	0	0	0	29548843	0	0	29548843	0	0	64	/.well-known/acme-challenge/R01T4XW-4HK1LGSXVEK7D5Q2Z-729O6G
1	1	0	0	0	29556043	0	0	29556043	0	0	64	/.well-known/acme-challenge/0DGG25JO1BGF8MD0-P24BRZQGYE_KSWT
1	1	0	0	0	29581603	0	0	29581603	0	0	64	/.well-known/acme-challenge/ZAEGS5_KKA02GFKOTPM-6HHTQJHJM32-
1	1	0	0	0	29565583	0	0	29565583	0	0	64	/.well-known/acme-challenge/FZ0O987WMVIOT_UW7MHFTHPFEZ_ST_YX
1	0	0	0	6	0	0	29545424	0	0	29545421	0	/_next
1	1	0	0	0	29624623	0	0	29624623	0	0	64	/.well-known/acme-challenge/GY7-EFEGFNNB04NQNO87BPIENR5AO41-
1	1	0	0	0	29593303	0	0	29593303	0	0	64	/.well-known/acme-challenge/-15BUK55HLV87ZB42U94UM_C7VVA31IG
1	0	0	0	1	0	0	29565241	0	0	29565241	0	/wp-content/plugins/profile-builder/readme.txt
1	1	0	0	0	29625703	0	0	29625703	0	0	64	/.well-known/acme-challenge/OHZPB4P6ZUBU16MKYUGRVQ043SE07I1D
1	1	0	0	0	29558563	0	0	29558563	0	0	64	/.well-known/acme-challenge/0YX6JV69QPX5O1HJLQK4_HL_RRULGO4Y
1	1	0	0	0	29562703	0	0	29562703	0	0	64	/.well-known/acme-challenge/SP9R0E2MCQO5R_KTRDV2NCVYD3-VH0H9
1	1	0	0	0	29626423	0	0	29626423	0	0	64	/.well-known/acme-challenge/0P5YSY92YFE-LQ5GJIOVD_B0BUCJU_15
1	1	0	0	0	29566123	0	0	29566123	0	0	64	/.well-known/acme-challenge/R5ZVDD5_6BH47COOW865W-BD--QZC8_P
1	1	0	0	0	29614903	0	0	29614903	0	0	64	/.well-known/acme-challenge/VF2ZF_0UO23WSO5C5AIBQSF0CLW-LQH5
1	1	0	0	0	29557123	0	0	29557123	0	0	64	/.well-known/acme-challenge/5PU9FFI1E39_FZH7X41M432_Y-ZW84IA
1	1	0	0	0	29574943	0	0	29574943	0	0	64	/.well-known/acme-challenge/7KDJ5GWT9G2TQUF3V2O0G-1OPG_IVFHT
1	1	0	0	0	29579623	0	0	29579623	0	0	64	/.well-known/acme-challenge/QZP958HMOVLEAO47R5KZNQLLLCKG2H4M
1	1	0	0	0	29572292	0	0	29572292	0	0	64	/.well-known/acme-challenge/AFJUXJPNRQ_59S4P30DHWPX_6PM1R9EO
1	1	0	0	0	29623903	0	0	29623903	0	0	64	/.well-known/acme-challenge/N-VF50GLYFC3DJ1OA1-FK_Y_FXW2OFWW
1	1	0	0	0	29579263	0	0	29579263	0	0	64	/.well-known/acme-challenge/73EJJZTNSF5A0P9L-5UL_D_SZW1_EXNS
1	1	0	0	0	29594023	0	0	29594023	0	0	64	/.well-known/acme-challenge/-OQ4LXVGAXIN966O2THQP1XZP_KL94EQ
1	1	0	0	0	29550463	0	0	29550463	0	0	64	/.well-known/acme-challenge/N811KDSF1-Y_VEYEQRM_3XPQ7ZJ5EN2I
1	1	0	0	0	29549383	0	0	29549383	0	0	64	/.well-known/acme-challenge/U3D_QY8CQEK1I8ND9QYKV5T9KM4QL9QH
1	1	0	0	0	29628427	0	0	29628427	0	0	64	/.well-known/acme-challenge/C39W3U4DA80AWS1G4V3CKPAZ9B9LPIW3
1	1	0	0	0	29617963	0	0	29617963	0	0	64	/.well-known/acme-challenge/7-WHP_EWMH5DI-DPAKP4DTD82RF2V9FG
1	1	0	0	0	29627323	0	0	29627323	0	0	64	/.well-known/acme-challenge/GI6ZRTMOO2F69FTA2PKZ9HQMXJTWNKHI
1	1	0	0	0	29629123	0	0	29629123	0	0	64	/.well-known/acme-challenge/1RV_6RE_Q-KSCNT0NB6D5CE2ATO9OD6S
1	1	0	0	0	29573919	0	0	29573919	0	0	64	/.well-known/acme-challenge/3NOT2T_3L0TQ8-B6_MC8J9F9E1R8SILB
1	1	0	0	0	29583403	0	0	29583403	0	0	64	/.well-known/acme-challenge/HU45H_93_MNVRD8-7V6-CHUL75CITC4Y
1	1	0	0	0	29547403	0	0	29547403	0	0	64	/.well-known/acme-challenge/MEU265OPSP2YMUR9RTZH6CX577HLSU2D
1	1	0	0	0	29592043	0	0	29592043	0	0	64	/.well-known/acme-challenge/S8W7KH3VK0X5IB-V8DZ-DR1FJGJ1UALA
1	1	0	0	0	29625703	0	0	29625703	0	0	64	/.well-known/acme-challenge/RB8SVOKBAS44XXY4N_0MOSBTQ60_ZLX9
1	1	0	0	0	29624121	0	0	29624121	0	0	64	/.well-known/acme-challenge/HPEVTW36NP5ZD__B-HSYBM745FHYC9-Y
1	1	0	0	0	29581603	0	0	29581603	0	0	64	/.well-known/acme-challenge/27D-_QJ3A4KPXGXGW405D9X-ZWD96HDZ
1	1	0	0	0	29603023	0	0	29603023	0	0	64	/.well-known/acme-challenge/GMHY5IJ_JASIJBQ-MW-UTV9IEWQPR7UV
1	1	0	0	0	29596183	0	0	29596183	0	0	64	/.well-known/acme-challenge/NYV_OIHPLX51IB2B69U-CTRWEL8J3STD
1	1	0	0	0	29576383	0	0	29576383	0	0	64	/.well-known/acme-challenge/X5BSL4ZQHR9BTM5GAQX_4P85PK9KEQ2W
1	1	0	0	0	29596363	0	0	29596363	0	0	64	/.well-known/acme-challenge/DLZTPSK-N4QEP-1BUV9WVB8ZAG93I8D_
1	1	0	0	0	29571163	0	0	29571163	0	0	64	/.well-known/acme-challenge/O_FTYT0KZHWJ0OZDRBMR-XXK1IW565W2?66.249.75.1
1	1	0	0	0	29569183	0	0	29569183	0	0	64	/.well-known/acme-challenge/LU0E9JK3TM6JA92SJ5KLIXYBB_BT2KZ5
1	1	0	0	0	29550103	0	0	29550103	0	0	64	/.well-known/acme-challenge/19NKS9M8CQLZRCJFNJ7611V7TRQ36FDQ
1	1	0	0	0	29629303	0	0	29629303	0	0	64	/.well-known/acme-challenge/SSFZ2BE5QNFGKP9XH2C8WC98WCB8V1DV
1	1	0	0	0	29596543	0	0	29596543	0	0	64	/.well-known/acme-challenge/NQ23_MU2CHWK27FI1F0VRDNA-_JM-AOK
1	1	0	0	0	29570083	0	0	29570083	0	0	64	/.well-known/acme-challenge/LVDI8V4_9U1LEPU7B2UYZ4_NQMFJORE2
1	1	0	0	0	29579803	0	0	29579803	0	0	64	/.well-known/acme-challenge/BE2_WU3TH4A-4JLIE4GWBYAC8SCFUJNF
1	1	0	0	0	29573503	0	0	29573503	0	0	64	/.well-known/acme-challenge/M0UZE-EF5PMWD69BUV8DRTKMAMKUOETC
1	0	0	0	17	0	0	29624317	0	0	29545743	0	/cms/wp-includes/wlwmanifest.xml
1	1	0	0	0	29570623	0	0	29570623	0	0	64	/.well-known/acme-challenge/0J3-YJRKVFAOW16QBPR7NN6J91RRNNV0
1	1	0	0	0	29619043	0	0	29619043	0	0	64	/.well-known/acme-challenge/TXZQROAKO6D56W76Y-6QW1CV6O1J9I7I
1	0	0	0	1	0	0	29558681	0	0	29558681	0	/userfuns.php
1	0	0	0	1	0	0	29576220	0	0	29576220	0	/.env.bak
1	1	0	0	0	29573143	0	0	29573143	0	0	64	/.well-known/acme-challenge/-0GYIEQKRYHLZXV7KJBCR1J_4GS0ZKTX
1	1	0	0	0	29579462	0	0	29579462	0	0	64	/.well-known/acme-challenge/E41EGLT0RIW67LHKNQQ-L-FFTSA-S9JG
1	1	0	0	0	29619223	0	0	29619223	0	0	64	/.well-known/acme-challenge/G8E_D91KMK_4O1BEC63Y8TOYA0Y451AD
1	0	0	0	229	0	0	29632811	0	0	29546234	0	/robots.txt
1	1	0	0	0	29568463	0	0	29568463	0	0	64	/.well-known/acme-challenge/IG9LP0_8NR33-G0U88V2TZ8XLF0O716G
1	1	0	0	0	29585248	0	0	29585248	0	0	64	/.well-known/acme-challenge/S8Z21CSNEC2PYH717IPRUE32J4B2F2DQ
1	1	0	0	0	29606623	0	0	29606623	0	0	64	/.well-known/acme-challenge/0R9A4_FZUUN-QVUX8SKZN2TGIP6K1JT1
1	1	0	0	0	29552623	0	0	29552623	0	0	64	/.well-known/acme-challenge/I9S4TDVP9O5MEU1915YFWDYB5ML5ALSH
1	1	0	0	0	29559674	0	0	29559674	0	0	64	/.well-known/acme-challenge/744DNLMCHVKSA-ZW4D5THKQO14W7W6XE
1	1	0	0	0	29606443	0	0	29606443	0	0	64	/.well-known/acme-challenge/N9SCD41PS_LG-XKTJ2P65T7HUWAB88-K
1	1	0	0	0	29575663	0	0	29575663	0	0	64	/.well-known/acme-challenge/FRJZAWE-3ZHRU7PYNWOCPOY82EDVXS7L
1	1	0	0	0	29599063	0	0	29599063	0	0	64	/.well-known/acme-challenge/8RQY85BPYM4FRX5X6TX7LE1CT4MRSO0M
1	1	0	0	0	29565305	0	0	29565305	0	0	64	/.well-known/acme-challenge/8ZO8Y210V_AW2V50MFQIS7076A18XVWE?216.123.194.197
1	1	0	0	0	29611339	0	0	29611339	0	0	64	/.well-known/acme-challenge/4D_CI2W9WBS9PB46GLG_GULL2DWOD6FV
1	0	0	0	1	0	0	29576220	0	0	29576220	0	/public/.env
1	1	0	0	0	29612383	0	0	29612383	0	0	64	/.well-known/acme-challenge/N4C0EGUEWJJITL7XJKYFA1UZPXDFUI55
1	1	0	0	0	29627323	0	0	29627323	0	0	64	/.well-known/acme-challenge/7SSNFITKSB4QTLDR89THK5Y6DFF6XV2J
1	1	0	0	0	29546323	0	0	29546323	0	0	64	/.well-known/acme-challenge/V0HNRSJIDNHYX_1T3BUM4ZNAH6K6G8EA
1	0	0	0	80	0	0	29613587	0	0	29545595	0	/wp-admin/setup-config.php
1	0	0	0	1	0	0	29618026	0	0	29618026	0	/accesson.php
1	1	0	0	0	29592409	0	0	29592409	0	0	64	/.well-known/acme-challenge/JERL5VBWXGO1S5Y_G--G39_XFR59MCQ9
1	1	0	0	0	29599423	0	0	29599423	0	0	64	/.well-known/acme-challenge/TPVCIVAXY2GT46MO-S3AAH56RK1ZFD4C
1	1	0	0	0	29555683	0	0	29555683	0	0	64	/.well-known/acme-challenge/WLJ5GCD5P9222A23SSO7XYSUXD66WF86
1	1	0	0	0	29570263	0	0	29570263	0	0	64	/.well-known/acme-challenge/V8KRB5AFM9P75L2_7C1ZDK5RZ-F-LN5U
1	1	0	0	0	29545423	0	0	29545423	0	0	64	/.well-known/acme-challenge/V0Q5SETT54U_KEPQDNJVYTUYP8YSVR_F
1	1	0	0	0	29558923	0	0	29558923	0	0	64	/.well-known/acme-challenge/L8OG8DICVSC5ANUVMVC9ERNSW2WBH3HV
1	1	0	0	0	29567412	0	0	29567412	0	0	64	/.well-known/acme-challenge/328ZI2PMUQHXRJ1JT0D6GVIIFMNGAR35
1	0	0	0	1	0	0	29618026	0	0	29618026	0	/wp-content/accesson.php
1	1	0	0	0	29603563	0	0	29603563	0	0	64	/.well-known/acme-challenge/DEK_QSJEBG5CZDAGTCZ1SFU4P29YQROK
1	0	0	0	1	0	0	29627798	0	0	29627798	0	/shop
1	1	0	0	0	29611663	0	0	29611663	0	0	64	/.well-known/acme-challenge/2NNEH_R-7XIPW9ZAVXP1FW1G55LSCHI4
1	0	0	0	13	0	0	29624317	0	0	29545743	0	/sito/wp-includes/wlwmanifest.xml
1	1	0	0	0	29577463	0	0	29577463	0	0	64	/.well-known/acme-challenge/GL5176L5_RJGAQU7O0V5RMBG20JL2CAQ
1	1	0	0	0	29598703	0	0	29598703	0	0	64	/.well-known/acme-challenge/U5WCZYDVYBUFM18V28-537WV7YGHG_RR
1	0	0	0	1	0	0	29576220	0	0	29576220	0	/config/env
1	1	0	0	0	29578723	0	0	29578723	0	0	64	/.well-known/acme-challenge/6OK0D_ZVLNPOKY2EJ6JR1Y-02NFMZOZF
1	1	0	0	0	29630203	0	0	29630203	0	0	64	/.well-known/acme-challenge/UEQKPBC9ACHA8FVUUP2_IW99WE1BE3-H
1	1	0	0	0	29571523	0	0	29571523	0	0	64	/.well-known/acme-challenge/DBO_6F1XV778W4H1BMA-QI_JF0VGSF7Q
1	1	0	0	0	29564503	0	0	29564503	0	0	64	/.well-known/acme-challenge/Q9WOCZ9PB8JCO_RJ8A1WIB63MLVDCEK1
1	1	0	0	0	29632363	0	0	29632363	0	0	64	/.well-known/acme-challenge/2NF_8TDH7TWNI9FRQWUZLAVJ-02A-PEU
1	1	0	0	0	29594383	0	0	29594383	0	0	64	/.well-known/acme-challenge/BC435JFCU22WYYM97DSZVAG35AKJI-1R
1	1	0	0	0	29623543	0	0	29623543	0	0	64	/.well-known/acme-challenge/CN1UTH4PBT3L778HMXIR9FAW7A3N3KLT
1	1	0	0	0	29582863	0	0	29582863	0	0	64	/.well-known/acme-challenge/7Y8S-ACNEOCNU5NWKT4EILO3TNFA4O41?135.148.195.1
1	1	0	0	0	29618863	0	0	29618863	0	0	64	/.well-known/acme-challenge/PWZKTCF55S2KR-QRBSFC0HXNDEYQ-LWA
1	1	0	0	0	29598192	0	0	29598192	0	0	64	/.well-known/acme-challenge/37BW5AOQC2W1R3JZ2UMOGWOG81XVWEVU
1	1	0	0	0	29618863	0	0	29618863	0	0	64	/.well-known/acme-challenge/7XBMYUJGAAIBA1ATS8JVT5VPQUVLZ89E
1	0	0	0	1	0	0	29546044	0	0	29546044	0	/old/wp-admin/install.php?step=1&language=en_GB
1	8	8	0	0	29568263	0	0	29551828	0	0	439208	/?216.123.194.197
1	1	0	0	0	29603023	0	0	29603023	0	0	64	/.well-known/acme-challenge/2IV28ISHCX7YMJ-B9SKWRE1918DG94B3
1	0	0	0	17	0	0	29624317	0	0	29545743	0	/wordpress/wp-includes/wlwmanifest.xml
1	1	0	0	0	29580343	0	0	29580343	0	0	64	/.well-known/acme-challenge/P75-R-XU4T_7ZH0VSKN5BBT9JI7A2DCF
1	1	0	0	0	29612023	0	0	29612023	0	0	64	/.well-known/acme-challenge/HPKJI7GCVKAVI4VBYK8DA3PN-H041_59
1	1	0	0	0	29606083	0	0	29606083	0	0	64	/.well-known/acme-challenge/NDV0K21JDOIO1NYM1TB49XUY30LDT4ES
1	1	0	0	0	29548483	0	0	29548483	0	0	64	/.well-known/acme-challenge/0VEF0XAYZHT3AFBFKX7S-CH3WS9CEA4R
1	1	0	0	0	29570983	0	0	29570983	0	0	64	/.well-known/acme-challenge/1EB1-EZ949ULOOUA0H2_2BYIR419TL-O
1	1	0	0	0	29591863	0	0	29591863	0	0	64	/.well-known/acme-challenge/AYMMFNRN73GSAICOZO5NH_FI0WRHIS2Q
1	1	0	0	0	29563063	0	0	29563063	0	0	64	/.well-known/acme-challenge/7CD8FR93G7ACPB4BHFAWUGW8DFM52HPM
1	0	0	0	2	0	0	29630296	0	0	29627798	0	/old
1	1	0	0	0	29553883	0	0	29553883	0	0	64	/.well-known/acme-challenge/4W1DFDSC0TI1_NG486BGLHL9473B-D9F
1	1	0	0	0	29620303	0	0	29620303	0	0	64	/.well-known/acme-challenge/QS574JVIM6NZ857C7PE23D14YSBH9_5Q
1	1	0	0	0	29573323	0	0	29573323	0	0	64	/.well-known/acme-challenge/798GH5PI9UD-VFYGI-0ZSNV3ESGGENND
1	0	0	0	1	0	0	29546840	0	0	29546840	0	/favicon.ico/ads.txt
1	1	0	0	0	29560183	0	0	29560183	0	0	64	/.well-known/acme-challenge/6PXKOEU9W9RUXRVMA-3GEIV_6U15-M2-
1	1	0	0	0	29583583	0	0	29583583	0	0	64	/.well-known/acme-challenge/94G3P_2D_I9L4026AK9R9H75YD6K_15O
1	1	0	0	0	29605137	0	0	29605137	0	0	64	/.well-known/acme-challenge/YESJGHKIEZ9SFW9T5-E1WSJGIQPYPFL-
1	1	0	0	0	29606083	0	0	29606083	0	0	64	/.well-known/acme-challenge/U2LA4MG3E4MTWWDFDKGCYLR39OFYZXHJ
1	1	0	0	0	29609693	0	0	29609693	0	0	64	/.well-known/acme-challenge/6G3DSVQ50U_FY2ZXTG5G4ZCICPJYVVXZ
1	1	0	0	0	29598703	0	0	29598703	0	0	64	/.well-known/acme-challenge/HDV-28P_F04EWPW-8EV8PHKICF455PB4
1	1	0	0	0	29545519	0	0	29545519	0	0	64	/.well-known/acme-challenge/GOMWF6CQLYAW4-4UMMPGHJINOBIRLY4-
1	0	0	0	1	0	0	29603239	0	0	29603239	0	/ftp-config.json
1	1	0	0	0	29627863	0	0	29627863	0	0	64	/.well-known/acme-challenge/SPLWR7XTQTV0U0LPNRPVF1G3NIV50T_A
1	0	0	0	1	0	0	29577127	0	0	29577127	0	/configuration/info.xml
1	1	0	0	0	29581423	0	0	29581423	0	0	64	/.well-known/acme-challenge/58TBJFMNIN9KLOM5Z1EVI9V7JAWNHBM0
1	1	0	0	0	29619403	0	0	29619403	0	0	64	/.well-known/acme-challenge/SU6T0K7-EL7B5BZD1_XI1P-N68753UQ0
1	1	0	0	0	29603563	0	0	29603563	0	0	64	/.well-known/acme-challenge/TFATKCN_-6890RZ-HT3HSHG96G-SGMLP
1	1	0	0	0	29597083	0	0	29597083	0	0	64	/.well-known/acme-challenge/LR9FJWERO_4LWPU4NP21BI9M236J79WD
1	1	0	0	0	29623723	0	0	29623723	0	0	64	/.well-known/acme-challenge/0V60H186XT4A6GWHOFIJ7_R8B6Y0E__O
1	1	0	0	0	29631463	0	0	29631463	0	0	64	/.well-known/acme-challenge/1TGNW9_EZXL8W9WWIZQRJI0KJHU4HRG1
1	1	0	0	0	29607163	0	0	29607163	0	0	64	/.well-known/acme-challenge/-_ELNFVXVP4D8LWHZCDVYY8KJX-ZVDKV
1	1	0	0	0	29572783	0	0	29572783	0	0	64	/.well-known/acme-challenge/2T49W-MOH9W9Q2YN24-HXD7KL9ZS22V5
1	1	0	0	0	29569183	0	0	29569183	0	0	64	/.well-known/acme-challenge/GP6ALR6C_8RHNGUM3Z788UJ7L68C44UN
1	1	0	0	0	29580163	0	0	29580163	0	0	64	/.well-known/acme-challenge/PYWWF7TX0VOV3HG26EIKJ70_74MQCIOC
1	1	0	0	0	29578723	0	0	29578723	0	0	64	/.well-known/acme-challenge/JX0A9X00Z_TVFXQ0YAEH30CW-65FG-YF
1	0	0	0	2	0	0	29631616	0	0	29607978	0	/wp-admin/txets.php
1	1	0	0	0	29558203	0	0	29558203	0	0	64	/.well-known/acme-challenge/UU87O1IT4SWTXRYE58VTA7REKT46K21L
1	1	0	0	0	29564143	0	0	29564143	0	0	64	/.well-known/acme-challenge/GV3P0U3N_IYHY2IK6BDAMPB-YP9NX2AM
1	0	0	0	1	0	0	29576220	0	0	29576220	0	/.env_secret
1	0	0	0	1	0	0	29546044	0	0	29546044	0	/test/wp-admin/install.php?step=1&language=en_GB
1	1	0	0	0	29571703	0	0	29571703	0	0	64	/.well-known/acme-challenge/_MGYJAZM_C79_479-SODNGUGXDZBIST3
1	1	0	0	0	29601943	0	0	29601943	0	0	64	/.well-known/acme-challenge/BJC7WOS6FDBW5PP6UGNOG1UPBB9CW_DV
1	1	0	0	0	29629663	0	0	29629663	0	0	64	/.well-known/acme-challenge/JZ08J607H21XG58I8W4G91-F4ICIGTEE
1	1	0	0	0	29579623	0	0	29579623	0	0	64	/.well-known/acme-challenge/8BKD67JEG3L0XO4TJR3CDSPP0N27EVEM
1	1	0	0	0	29578903	0	0	29578903	0	0	64	/.well-known/acme-challenge/JY0HE7ZZWX4EVGZ6-IPL0DMV9HT9UDUB
1	0	0	0	1	0	0	29576220	0	0	29576220	0	/app/.env
1	1	0	0	0	29630563	0	0	29630563	0	0	64	/.well-known/acme-challenge/NB95E3G1VLMOA78MOO36DA853U3DB0HJ
1	0	0	0	4	0	0	29631616	0	0	29607978	0	/wp-content/txets.php
1	1	0	0	0	29590063	0	0	29590063	0	0	64	/.well-known/acme-challenge/77VY8O-UZ_XN93B0TKU3KQ0NLOSX2AKK
1	1	0	0	0	29557483	0	0	29557483	0	0	64	/.well-known/acme-challenge/3CVPKEAER22NQST4CP-C03W06HMQL3FJ
1	0	0	0	1	0	0	29576220	0	0	29576220	0	/.git/refs/heads/main
1	0	0	0	1	0	0	29546044	0	0	29546044	0	/old/wp-admin/setup-config.php?step=1&language=en_GB
1	1	0	0	0	29617783	0	0	29617783	0	0	64	/.well-known/acme-challenge/FV5AKLAN6636_C1RTTQKJ71JQ9PAV0Q1
1	0	0	0	1	0	0	29546044	0	0	29546044	0	/wordpress/wp-admin/install.php?step=1&language=en_GB
1	0	0	0	1	0	0	29576220	0	0	29576220	0	/site/.env
1	1	0	0	0	29615263	0	0	29615263	0	0	64	/.well-known/acme-challenge/HDK9V4-75B4IC6SDJOUXJD_DKT9N9QS-
1	1	0	0	0	29581141	0	0	29581141	0	0	64	/.well-known/acme-challenge/154HN4DM3M-0PK70EDF-LGZ77J2D8PSS
1	1	0	0	0	29557303	0	0	29557303	0	0	64	/.well-known/acme-challenge/ZXMF3YQS2PW28TSCJ0VIGMYTBTVBIQF5
1	1	0	0	0	29576023	0	0	29576023	0	0	64	/.well-known/acme-challenge/_PGLA0Q4XMMTY5X84XSQ0DTFPD956URE
1	1	0	0	0	29613823	0	0	29613823	0	0	64	/.well-known/acme-challenge/KWW0NMX6MEEF36Z_5S7XRT7X363K15Z1
1	1	0	0	0	29555863	0	0	29555863	0	0	64	/.well-known/acme-challenge/F-NLID0BJBUKP89TV09MAQGD3CJ3SEYI
1	0	0	0	1	0	0	29603239	0	0	29603239	0	/.ftp-sync.json
1	1	0	0	0	29563963	0	0	29563963	0	0	64	/.well-known/acme-challenge/OC9-2R4BTDCYD3FN3-NMKYUQ3-1K714R
1	1	0	0	0	29555683	0	0	29555683	0	0	64	/.well-known/acme-challenge/Q7JUYU3LQ7ZAJ-XHWP_--J57SRTO_L16
1	1	0	0	0	29607163	0	0	29607163	0	0	64	/.well-known/acme-challenge/H1I4OFKELYOUI-E8G6YGSBB5ADZEZJF8
1	1	0	0	0	29618143	0	0	29618143	0	0	64	/.well-known/acme-challenge/N79YV_H30GYB103KD5L14M29EZ6FBOO0
1	1	0	0	0	29611483	0	0	29611483	0	0	64	/.well-known/acme-challenge/QSA3Q_ECB4VHQIEY30GUBPYXBD6F2YWC
1	0	0	0	1	0	0	29576220	0	0	29576220	0	/var/www/.env
1	1	0	0	0	29565305	0	0	29565305	0	0	64	/.well-known/acme-challenge/9MSPN4ZB8VQM8VSM2YNR_K59JSWI5TBF
1	1	0	0	0	29571883	0	0	29571883	0	0	64	/.well-known/acme-challenge/D2KXPQJ0R_0-W106EENIMD53WT3ATDH1
1	1	0	0	0	29587761	0	0	29587761	0	0	64	/.well-known/acme-challenge/_WD21YIXT5M_D1OE8P_G71MPUUPQYCA0?135.148.195.1
1	0	0	0	2	0	0	29596868	0	0	29590803	0	/robots.txt?135.148.195.1
1	1	0	0	0	29602843	0	0	29602843	0	0	64	/.well-known/acme-challenge/TQ-D-QIL_W5DBIFLEUST00424YDXPUDX
1	0	0	0	1	0	0	29576220	0	0	29576220	0	/.env.local.backup
1	1	0	0	0	29563423	0	0	29563423	0	0	64	/.well-known/acme-challenge/R-6V4AT6HJC0YLWLFF05-4T62E0F2Z_7
1	1	0	0	0	29564503	0	0	29564503	0	0	64	/.well-known/acme-challenge/SLFVQ-0D2RPMEMFYZM0Z3HYRGK_H3T6M
1	0	0	0	1	0	0	29576220	0	0	29576220	0	/.git/refs/heads/master
1	1	0	0	0	29581783	0	0	29581783	0	0	64	/.well-known/acme-challenge/LO0HO5DG-HEH-3YAVY25MGIPAQP5O_R8
1	1	0	0	0	29545783	0	0	29545783	0	0	64	/.well-known/acme-challenge/PNPTEQ43G5W4WDL0OOUUL38TZ5PG4XWV
1	1	0	0	0	29578363	0	0	29578363	0	0	64	/.well-known/acme-challenge/6HJEFWI02FMWV84K9-Q72BL34R7DUNFT?135.148.195.1
1	1	0	0	0	29632903	0	0	29632903	0	0	64	/.well-known/acme-challenge/OJ202J9TOZ9IK38K_8WGESKAUIQPAIEB
1	0	0	0	1	0	0	29576220	0	0	29576220	0	/web/.env
1	1	0	0	0	29591323	0	0	29591323	0	0	64	/.well-known/acme-challenge/50BC2WS3SGSB2DNHUJXO101VQ46MCCWD
1	1	0	0	0	29593883	0	0	29593883	0	0	64	/.well-known/acme-challenge/9UQAM1A18ZOCZNP9Z7SS7SGB9MB1VUYO
1	1	0	0	0	29626423	0	0	29626423	0	0	64	/.well-known/acme-challenge/DBT_THCJZQJISPY5KI2CB0R0J4U5AAAH
1	0	0	0	12	0	0	29624317	0	0	29545743	0	/media/wp-includes/wlwmanifest.xml
1	1	0	0	0	29609323	0	0	29609323	0	0	64	/.well-known/acme-challenge/WRD68KXL04FYE1BZO3I4YMNH3J9CIW2C
1	1	0	0	0	29551861	0	0	29551861	0	0	64	/.well-known/acme-challenge/NYA_BRJV4KDE0_D11DDJKM0B388-M8Q-
1	1	0	0	0	29623543	0	0	29623543	0	0	64	/.well-known/acme-challenge/L3P31QTNNQXC8Q84V5-1NQQ2OUMK9HR5
1	1	0	0	0	29568643	0	0	29568643	0	0	64	/.well-known/acme-challenge/A3YHDL7OJ-AKDH-FVIGM3YDOCQ_USPZ0
1	1	0	0	0	29607883	0	0	29607883	0	0	64	/.well-known/acme-challenge/N2NUV79LYHJ8D-BIK2Y_ABB_TE113Q6Z
1	1	0	0	0	29590783	0	0	29590783	0	0	64	/.well-known/acme-challenge/I8-KSN5AK61KAFM-7_C4LBPMBC13OGLA
1	1	0	0	0	29553343	0	0	29553343	0	0	64	/.well-known/acme-challenge/SUY8EZYEHF5NL70BMHA-A76Q80URI_VC
1	1	0	0	0	29549563	0	0	29549563	0	0	64	/.well-known/acme-challenge/78W2388U39W6ROX3CQ4B_65CSLRVHYR_
1	1	0	0	0	29602724	0	0	29602724	0	0	64	/.well-known/acme-challenge/J3JDDITC1V133S1T98YWDM8ZCA7W_SO0
1	0	0	0	13	0	0	29624317	0	0	29545743	0	/website/wp-includes/wlwmanifest.xml
1	1	0	0	0	29624443	0	0	29624443	0	0	64	/.well-known/acme-challenge/J82AVMLU73MR9CBCJN086TEJURO7UX7O
1	1	0	0	0	29545423	0	0	29545423	0	0	64	/.well-known/acme-challenge/0-1KK469LSN1B3O3QQDQRJI34N8EMRG3
1	1	0	0	0	29565763	0	0	29565763	0	0	64	/.well-known/acme-challenge/1BTTIZH08MNP3KZBLIU3V3AHJ5X-WKUE
1	1	0	0	0	29557663	0	0	29557663	0	0	64	/.well-known/acme-challenge/XN9QUWY3FYDIH8-3D7CJM0U_ZIR8HU3-
1	1	0	0	0	29566123	0	0	29566123	0	0	64	/.well-known/acme-challenge/W1WDS7WXTY7LJ-8MTJYBTTUFLG6SLIG9
1	1	0	0	0	29631103	0	0	29631103	0	0	64	/.well-known/acme-challenge/IV6V_9A-TKRUL02M_S_0-AHH9YXBYSBY
1	1	0	0	0	29549923	0	0	29549923	0	0	64	/.well-known/acme-challenge/3PTWVFJX3RIV9N1BJD8MHMHT7BFLJF4V
1	1	0	0	0	29632363	0	0	29632363	0	0	64	/.well-known/acme-challenge/IMXQ-F_VOSWB-6Z4A0W_KHVDPFGNNPL6
1	0	0	0	1	0	0	29576220	0	0	29576220	0	/.git/index
1	1	0	0	0	29617603	0	0	29617603	0	0	64	/.well-known/acme-challenge/9A2S5_MX24TQAR5VLK-F9ARGGMDNOEZV
1	1	0	0	0	29569003	0	0	29569003	0	0	64	/.well-known/acme-challenge/TYOS9EZV09E93L3-71XEWKD1E3J-PMPE
1	1	0	0	0	29597623	0	0	29597623	0	0	64	/.well-known/acme-challenge/WCSWO5NTZYNBMSSB0Y619O40EPLATCTM
1	0	0	0	3	0	0	29631731	0	0	29562502	0	/style.php
1	1	0	0	0	29567412	0	0	29567412	0	0	64	/.well-known/acme-challenge/_HPGYCRTI29A-G_65IVBT07RYT1I103Q
1	1	0	0	0	29605137	0	0	29605137	0	0	64	/.well-known/acme-challenge/HSTYE-A18_3SS9O10HDVOF3E0SV0XY_N?46.101.9.216
1	1	0	0	0	29547403	0	0	29547403	0	0	64	/.well-known/acme-challenge/AUB0ZUC2R53F5I1MX09V6N5X4HQM6B97
1	0	0	0	1	0	0	29627798	0	0	29627798	0	/new
1	1	0	0	0	29617243	0	0	29617243	0	0	64	/.well-known/acme-challenge/XSBC14Q6GTILS_BRVIDZE6-KUSSWP2MF
1	1	0	0	0	29595823	0	0	29595823	0	0	64	/.well-known/acme-challenge/FNX25B7UGUPWC6LMJU4GQJVAYP-6YWTG
1	1	0	0	0	29601791	0	0	29601791	0	0	64	/.well-known/acme-challenge/AH1312VZQ2-X-I-24K64P3HLB2S8HH-X
1	1	0	0	0	29559103	0	0	29559103	0	0	64	/.well-known/acme-challenge/NTBE8OWFKRMKC45FQ-76U3RB1RL_N458
1	1	0	0	0	29553163	0	0	29553163	0	0	64	/.well-known/acme-challenge/MK6T447S1T5NL2OHRLPOO1V5FMTAS23-
1	1	0	0	0	29556943	0	0	29556943	0	0	64	/.well-known/acme-challenge/W0LY4X0B_B86-P-RWP7LFL_G_TKB2LI7
1	1	0	0	0	29589207	0	0	29589207	0	0	64	/.well-known/acme-challenge/1ZFI3HDTUKIZFI8OEDQ5Y1TO-_PDTP83
1	1	0	0	0	29599963	0	0	29599963	0	0	64	/.well-known/acme-challenge/MIO8_TQVJZM0117VCME_EPXTSXMR403Z
1	1	0	0	0	29617243	0	0	29617243	0	0	64	/.well-known/acme-challenge/W6_V7LSLXMRF_758D98D0OCASCN03B1S
1	1	0	0	0	29578183	0	0	29578183	0	0	64	/.well-known/acme-challenge/S2Q4B53WP1O9KSEPM-3JTRXVS3ULKNOL
1	1	0	0	0	29600143	0	0	29600143	0	0	64	/.well-known/acme-challenge/IA_Q-EGX8R8PQEQ2NGZN6PL8IGHCDUP2
1	1	0	0	0	29602303	0	0	29602303	0	0	64	/.well-known/acme-challenge/0I3QGWRKYWKZS35T0SL2JSDW6MAFBW9X
1	1	0	0	0	29624121	0	0	29624121	0	0	64	/.well-known/acme-challenge/0TJCFB9BRN4_86NYZ-XU36IC-0QY4B0L
1	1	0	0	0	29620483	0	0	29620483	0	0	64	/.well-known/acme-challenge/UBBW6N66PZKI5M6UHSIZDSISE5CH55KX
1	1	0	0	0	29550463	0	0	29550463	0	0	64	/.well-known/acme-challenge/ZGNJ7MAPW_PMW80VMZRVFUXL68DLOOEI
1	1	0	0	0	29595103	0	0	29595103	0	0	64	/.well-known/acme-challenge/N_H3EMAKRDNB5EP-C9LY064RCZX8OTPF
1	0	0	0	1	0	0	29603239	0	0	29603239	0	/.sftp-config.json
1	1	0	0	0	29594923	0	0	29594923	0	0	64	/.well-known/acme-challenge/0U0SW-PW_2_2V-PXNB6DS-PHRJ4GHVF8
1	1	0	0	0	29624803	0	0	29624803	0	0	64	/.well-known/acme-challenge/9O87BQ-HMTIN38344MNNA9W_YK--5KIG
1	1	0	0	0	29624263	0	0	29624263	0	0	64	/.well-known/acme-challenge/HUWCTDD7E3NMIPBQUYWYIH9EIGUQPTU-
1	1	0	0	0	29594023	0	0	29594023	0	0	64	/.well-known/acme-challenge/5PP-B0Y11PBLDN5WR7MDEDXYO_OK2-6U
1	1	0	0	0	29626783	0	0	29626783	0	0	64	/.well-known/acme-challenge/4PBQWBXROBJ5G0AZ8HO3_UPVZSEA6375
1	0	0	0	1	0	0	29547642	0	0	29547642	0	/.aws/credentials
1	1	0	0	0	29554423	0	0	29554423	0	0	64	/.well-known/acme-challenge/M822JOO_KSRF_-ZF768DOOLJ2WGL1R35
1	1	0	0	0	29567999	0	0	29567999	0	0	64	/.well-known/acme-challenge/T74XPHYLECX796Q8PASQI7O1L6_Z066N
1	1	0	0	0	29607523	0	0	29607523	0	0	64	/.well-known/acme-challenge/YW8_AJCB-CG6PHENX-BRDAPHCXWIWQ2Y
1	1	0	0	0	29562343	0	0	29562343	0	0	64	/.well-known/acme-challenge/PJ5YV4JUSXAHSWXS23OBUG9V1AEWU00L
1	1	0	0	0	29610763	0	0	29610763	0	0	64	/.well-known/acme-challenge/LB--FB-Z4DU71SQV4ZB5B6ZSTX-57E7Y
1	1	0	0	0	29574043	0	0	29574043	0	0	64	/.well-known/acme-challenge/PUEXRWSHJFU-7OSGEX9480GMV-99M31V?135.148.195.1
1	1	0	0	0	29558743	0	0	29558743	0	0	64	/.well-known/acme-challenge/HSQREBER8VAA3SG-O32VPBBE5_AXEVRD
1	0	0	0	4	0	0	29579406	0	0	29552350	0	/.git/config
1	1	0	0	0	29622823	0	0	29622823	0	0	64	/.well-known/acme-challenge/VJ07N1-_53_F4XU2TO2-SWOS2QJ3UHB_
1	1	0	0	0	29568823	0	0	29568823	0	0	64	/.well-known/acme-challenge/Y_WX82DVSFK4DDK-_5DQAI-TE1JUD9ZJ
1	1	0	0	0	29564143	0	0	29564143	0	0	64	/.well-known/acme-challenge/3W4591ZUYOJ23LIT5Z0CJ76HK9VR5Y4Y
1	1	0	0	0	29558383	0	0	29558383	0	0	64	/.well-known/acme-challenge/3_3R1LXVW5EWPBMSTBCQV5NQ82ZGCCS7
1	1	0	0	0	29596939	0	0	29596939	0	0	64	/.well-known/acme-challenge/WS2-57CWKJYK-P_0FXOJ66EM1I0ZTQLE
1	1	0	0	0	29603743	0	0	29603743	0	0	64	/.well-known/acme-challenge/XGK79AP80MOXYJ8S-0SB89_GY2FQXO5_
1	1	0	0	0	29617423	0	0	29617423	0	0	64	/.well-known/acme-challenge/AH7AJ9ONOEQBY0OZI4J9HGNRRH_BDU83
1	1	0	0	0	29556943	0	0	29556943	0	0	64	/.well-known/acme-challenge/9X-XU52KWLTD4N8Y8P5KUZ2Y6FVZHIUY
1	0	0	0	1	0	0	29631616	0	0	29631616	0	/txets.php?46.101.9.216
1	0	0	0	17	0	0	29624317	0	0	29545743	0	/blog/wp-includes/wlwmanifest.xml
1	1	0	0	0	29624263	0	0	29624263	0	0	64	/.well-known/acme-challenge/S1HP4PZ652AM-R1CC2TB3-KNOXS1M9P8
1	1	0	0	0	29615263	0	0	29615263	0	0	64	/.well-known/acme-challenge/3BMV1Q7QMB9OX9BWFILPYQT_0715-RPL
1	1	0	0	0	29546143	0	0	29546143	0	0	64	/.well-known/acme-challenge/QGIGZJNFWF9Z_RLPQNY-BYBP-VUXI3S5
1	0	0	0	3	0	0	29619060	0	0	29614849	0	/wordpress/wp-admin/install.php?step=1
1	1	0	0	0	29599063	0	0	29599063	0	0	64	/.well-known/acme-challenge/JRKQWCI6Q8A6EBBP-P1802BQTZB_0ZX3
1	1	0	0	0	29568283	0	0	29568283	0	0	64	/.well-known/acme-challenge/B75C2J2Y6LCP9ORKOV6TAKU3LVVWHZ5T
1	0	0	0	6	0	0	29615100	0	0	29545461	0	/security.txt
1	1	0	0	0	29584843	0	0	29584843	0	0	64	/.well-known/acme-challenge/I0_TZCMA_9F_NWJNAOZHG2V83ERK5ETX
1	1	0	0	0	29581423	0	0	29581423	0	0	64	/.well-known/acme-challenge/L-TA3U7O7315PSIQ_QUPG3CBQBDYG7RP
1	1	0	0	0	29562883	0	0	29562883	0	0	64	/.well-known/acme-challenge/NNYADT7SDN_3POL9HSLM03_W5TVBC_ZK
1	0	0	0	2	0	0	29584444	0	0	29584444	0	/site.xml
1	1	0	0	0	29632003	0	0	29632003	0	0	64	/.well-known/acme-challenge/OYTJ3MUWAAYWDFQALERWSO3RSFK1422T
1	1	0	0	0	29574223	0	0	29574223	0	0	64	/.well-known/acme-challenge/NH41TSA_SKJFA61SFHUM-MCCPOOMNMPA
1	1	0	0	0	29547043	0	0	29547043	0	0	64	/.well-known/acme-challenge/7P-M3G51CUXJTKK-UX23J58OCS27R-4V
1	1	0	0	0	29607883	0	0	29607883	0	0	64	/.well-known/acme-challenge/682ZL6LB69PVJKLIWRYL392JU0T98KWO
1	1	0	0	0	29628043	0	0	29628043	0	0	64	/.well-known/acme-challenge/ZNQEO69I23MD4Y1EFLSLNW87GSUCW0BL
1	1	0	0	0	29553703	0	0	29553703	0	0	64	/.well-known/acme-challenge/EIDT1ZQT1TKV72AYUSG1C46UA2IC5G1R
1	1	0	0	0	29560003	0	0	29560003	0	0	64	/.well-known/acme-challenge/ZBGE3KLM8WT6WT5YJRP4TJFSODDDILYT
1	1	0	0	0	29611339	0	0	29611339	0	0	64	/.well-known/acme-challenge/IRY7LM0W9TL78KQONGVTWFMOCECVRL95
1	0	0	0	1	0	0	29576220	0	0	29576220	0	/.env.example
1	1	0	0	0	29548663	0	0	29548663	0	0	64	/.well-known/acme-challenge/038GZN-RBQJ_J8Q10VWPDJ056XOXL-7_
1	1	0	0	0	29630383	0	0	29630383	0	0	64	/.well-known/acme-challenge/NYK-GPXU5VXCWIKI0CPLFH-W9ZG0K5SZ
1	1	0	0	0	29560003	0	0	29560003	0	0	64	/.well-known/acme-challenge/2YDPDRR9D94SSL6AOSAZ0Z5P1KPM1QN4
1	1	0	0	0	29557303	0	0	29557303	0	0	64	/.well-known/acme-challenge/_NY5YWD2Q0N0_SWYJJ1_MWY4SIX2DQ88
1	1	0	0	0	29545963	0	0	29545963	0	0	64	/.well-known/acme-challenge/34T50GN6XWJJX74GKX_OWF9YZTM5NOQC
1	1	0	0	0	29601943	0	0	29601943	0	0	64	/.well-known/acme-challenge/Q05QFCVAIO5QKEUEK5PWBTTD9AZ8RD45
1	1	0	0	0	29628043	0	0	29628043	0	0	64	/.well-known/acme-challenge/N4PZXS8D195HNIU-V08S700HWXAL27Y5
1	1	0	0	0	29593883	0	0	29593883	0	0	64	/.well-known/acme-challenge/19WKIHBO8F5A1QW2M9UMJPCH8954M3ZU
1	1	0	0	0	29620483	0	0	29620483	0	0	64	/.well-known/acme-challenge/RX9MDCLMX495S8JMIBO5AXRHQ9940PCJ
1	1	0	0	0	29608483	0	0	29608483	0	0	64	/.well-known/acme-challenge/LH4GO0QVZU8HPSU5XV-_MYCYTL7OIVTT
1	1	0	0	0	29619223	0	0	29619223	0	0	64	/.well-known/acme-challenge/G_1ADAPAQ1G8ZLHCMX4U789U_YAESCO4
1	1	0	0	0	29632903	0	0	29632903	0	0	64	/.well-known/acme-challenge/V7ULIOLPEJ1BQE4QWDTEG52KT7S0Y41Q
1	0	0	0	8	0	0	29615100	0	0	29545461	0	/.well-known/security.txt
1	7	7	0	0	29618189	0	0	29572589	0	0	428525	/?135.148.195.1
1	1	0	0	0	29600683	0	0	29600683	0	0	64	/.well-known/acme-challenge/EYO0C5Q3LTTFG8_4A6J145OBZ7G1_R1A
1	1	0	0	0	29554243	0	0	29554243	0	0	64	/.well-known/acme-challenge/7CMU41WON-0MWP4TDV2INJ1ZS4RXZM1K
1	1	0	0	0	29571523	0	0	29571523	0	0	64	/.well-known/acme-challenge/CZQKK5DJBXYVEI_0YHA8SYQMJ0I82XJ8
1	1	0	0	0	29613643	0	0	29613643	0	0	64	/.well-known/acme-challenge/CNZEUF4YRD4GWGT2ODB_6AZ5PXU0_S1Q
1	1	0	0	0	29630743	0	0	29630743	0	0	64	/.well-known/acme-challenge/_Q6-VBN6-YQ8FQ5BDQUGCMXD9BU0RMKU
1	1	0	0	0	29568463	0	0	29568463	0	0	64	/.well-known/acme-challenge/CSBF7XRHD0-BU6P-YQ37Y6X7UZOEOT5X
1	0	0	0	1	0	0	29549544	0	0	29549544	0	/wordpress/wp-admin/setup-config.php?216.123.194.197
1	1	0	0	0	29631643	0	0	29631643	0	0	64	/.well-known/acme-challenge/DRLZRR1-LUELT_I4N6YDIF_BSF9CXRFC
1	1	0	0	0	29572603	0	0	29572603	0	0	64	/.well-known/acme-challenge/F514BW8ZB0RVYR8F7-KX9HIGMNR8ZR5M
1	0	0	0	1	0	0	29576220	0	0	29576220	0	/private/.env
1	1	0	0	0	29614742	0	0	29614742	0	0	64	/.well-known/acme-challenge/B_VVPR4F1A0FIOB46VSZIPW08KU8YS8T
1	0	0	0	1	0	0	29558144	0	0	29558144	0	/wp-includes/css/buttons.css
1	1	0	0	0	29629483	0	0	29629483	0	0	64	/.well-known/acme-challenge/SJOEZMPL9ODVM26ZTCK-TKJ4BYM9MVDV
1	1	0	0	0	29574223	0	0	29574223	0	0	64	/.well-known/acme-challenge/7_SC_-JDTW5J_ZR346VXBY080M328W7N
1	5	0	0	0	29545416	0	0	29545416	0	0	435	/.well-known/acme-challenge/bdRl0eb4ewlMhqh7jvhso0FvZZpgvtbIwHpf-pKRYZk
1	1	0	0	0	29574763	0	0	29574763	0	0	64	/.well-known/acme-challenge/1AMC88DU50-V2C1ESSOHT-3YUQK9V70H
1	1	0	0	0	29627863	0	0	29627863	0	0	64	/.well-known/acme-challenge/-Y_STL9-NVRB9_VZSPAEJMV7NHLCTQSG
1	0	0	0	78	0	0	29614414	0	0	29545595	0	/wordpress/wp-admin/setup-config.php
1	1	0	0	0	29556763	0	0	29556763	0	0	64	/.well-known/acme-challenge/TJV_7XBL-X5E6_AYBN9F7HL-SRGHPF7Q?216.123.194.197
1	1	0	0	0	29579803	0	0	29579803	0	0	64	/.well-known/acme-challenge/6YE7RY0VI2WYGZAFIQP-B-0BTE39JUJH
1	1	0	0	0	29563963	0	0	29563963	0	0	64	/.well-known/acme-challenge/6WCRNHZOKAVXT195DXSDBI52-EEDT5BC
1	1	0	0	0	29571343	0	0	29571343	0	0	64	/.well-known/acme-challenge/QGJJ5X98PBVWPKZ_RFXRQ8ZGLOMXPC-K
1	1	0	0	0	29572783	0	0	29572783	0	0	64	/.well-known/acme-challenge/FUJ5MOUEQ_D-6Z79FUUS2IHZY4C9ECUP
1	1	0	0	0	29597983	0	0	29597983	0	0	64	/.well-known/acme-challenge/FVNSPNODTZ80SVVLTV_UTA29LKB0XFCH
1	1	0	0	0	29596363	0	0	29596363	0	0	64	/.well-known/acme-challenge/5STR0WK7HLLSWON1XRUJMF9IIJH94YIW
1	1	0	0	0	29576923	0	0	29576923	0	0	64	/.well-known/acme-challenge/JQ2F789UVXRX3A86OT4I-UW41KBCDOX3
1	1	0	0	0	29570263	0	0	29570263	0	0	64	/.well-known/acme-challenge/QS_1-1Q7BU1ARXMCKKCKW9ESL7UGXKTT
1	1	0	0	0	29631312	0	0	29631312	0	0	64	/.well-known/acme-challenge/4MVAUM7NGAJI84Z3QQJL6VLBFQIVHRIM
1	1	0	0	0	29553883	0	0	29553883	0	0	64	/.well-known/acme-challenge/I0Q_6XFAIZ-UTQUETMSYXVB5ESFDYF76
1	1	0	0	0	29610583	0	0	29610583	0	0	64	/.well-known/acme-challenge/DJND5UR426UNW4L9L0DHQNORYUH2QN5K
1	0	0	0	17	0	0	29624317	0	0	29545743	0	/test/wp-includes/wlwmanifest.xml
1	1	0	0	0	29592223	0	0	29592223	0	0	64	/.well-known/acme-challenge/-1GO6NUZ39O_F6GXWOJ8F8SUMY22ZZX1
1	0	0	0	1	0	0	29549783	0	0	29549783	0	/FileZilla.xml
1	1	0	0	0	29590423	0	0	29590423	0	0	64	/.well-known/acme-challenge/QF5_VV_B670G_HCB935Q95TNDXS04CVE
1	1	0	0	0	29602843	0	0	29602843	0	0	64	/.well-known/acme-challenge/YE17971_EGX_HJN5LHQYNGIUBIL2S7VK
1	1	0	0	0	29582863	0	0	29582863	0	0	64	/.well-known/acme-challenge/-O4NEU7VGMBYLND6DBS2-FIWAKKF8FB7
1	1	0	0	0	29554603	0	0	29554603	0	0	64	/.well-known/acme-challenge/A_O4E477UY4DJ-RBRY5_RR7PTRKLWT83
1	2301	2301	0	2	29632988	0	29624413	29545421	0	29548180	133380818	/
1	1	0	0	0	29590063	0	0	29590063	0	0	64	/.well-known/acme-challenge/20YBVZ1M89TTLQQORO702CEZ911BUO3S
1	0	0	0	2	0	0	29576220	0	0	29547646	0	/.git/HEAD
1	1	0	0	0	29545603	0	0	29545603	0	0	64	/.well-known/acme-challenge/THDVKB73195ESTO82KIS39VJ-L9C0D8F
1	1	0	0	0	29560363	0	0	29560363	0	0	64	/.well-known/acme-challenge/4BNZQFE8NAAZ6U7SP2NJ1H1AZYYD-0NJ
1	1	0	0	0	29627143	0	0	29627143	0	0	64	/.well-known/acme-challenge/LYZRWASGQKL_TDTTA9H1WR5GW1EYVC6S
1	1	0	0	0	29549743	0	0	29549743	0	0	64	/.well-known/acme-challenge/D5_M_VCQ4PZPTXWNKRA8OQ9ELVRAQVZ8
1	1	0	0	0	29580523	0	0	29580523	0	0	64	/.well-known/acme-challenge/0CMJTMOPTUXCQ3O1DL34CYBVT6QDODFB
1	1	0	0	0	29564323	0	0	29564323	0	0	64	/.well-known/acme-challenge/93T7W3O3FXJ-II2K52QISHP_P76ZCSEI
1	1	0	0	0	29558563	0	0	29558563	0	0	64	/.well-known/acme-challenge/-QV1JD7RW5U_8W-NYH8DNNDX2LXMYTKO
1	0	0	0	1	0	0	29576220	0	0	29576220	0	/config/.env
1	1	0	0	0	29583403	0	0	29583403	0	0	64	/.well-known/acme-challenge/R_ITERW2TD--BWDII76TAM3683S6_IGG
1	1	0	0	0	29592223	0	0	29592223	0	0	64	/.well-known/acme-challenge/7X_NY5F8WFFO2LDJ7_PLO457V1R0I4E6
1	1	0	0	0	29594203	0	0	29594203	0	0	64	/.well-known/acme-challenge/86JEMOREK_2JO00K-Q4XBEIP55BY_0W9
1	1	0	0	0	29612203	0	0	29612203	0	0	64	/.well-known/acme-challenge/PVKZP32NZ36UB1V7L1SWXCKVK935F-IK
1	1	0	0	0	29613463	0	0	29613463	0	0	64	/.well-known/acme-challenge/KEPQAV_OBZVSJM22PQLJG8A_AMA292W5
1	1	0	0	0	29631312	0	0	29631312	0	0	64	/.well-known/acme-challenge/UPSG8V_KWKBJW74RC2Z3X-TLW-LAUEUD
1	1	0	0	0	29596183	0	0	29596183	0	0	64	/.well-known/acme-challenge/XAO0YFZ50YNSXGJLTVCB74QEIVHZ0WFG
1	1	0	0	0	29577103	0	0	29577103	0	0	64	/.well-known/acme-challenge/L8D9A7IVLTXIC2__LBB2BYLKUKI9B6UB
1	1	0	0	0	29606623	0	0	29606623	0	0	64	/.well-known/acme-challenge/N-MC8XCWYV7LEYX_U560QKF7TCV9LA1O
1	1	0	0	0	29576203	0	0	29576203	0	0	64	/.well-known/acme-challenge/64FX137PZMNP60G_-CDRGYWPOHF1ZXLB
1	0	0	0	1	0	0	29576220	0	0	29576220	0	/.env.dev.local
1	0	0	0	12	0	0	29624317	0	0	29545743	0	/2018/wp-includes/wlwmanifest.xml
1	1	0	0	0	29579983	0	0	29579983	0	0	64	/.well-known/acme-challenge/K4AK53Y-0QNG63FWWTM-7YFH3G-L0O91
1	1	0	0	0	29595103	0	0	29595103	0	0	64	/.well-known/acme-challenge/7ECWCH44L18C2LLZG_OU3QY279UZA6HX
1	1	0	0	0	29548303	0	0	29548303	0	0	64	/.well-known/acme-challenge/RE4-QWVJOH7E_120GG5IARXVCLLTWBVJ
1	1	0	0	0	29545963	0	0	29545963	0	0	64	/.well-known/acme-challenge/CW4VS5JBTBLVUS2CVNJFDJ2D2WZ924I1
1	1	0	0	0	29551576	0	0	29551576	0	0	64	/.well-known/acme-challenge/CDF_JK3Y9YRQVLN338T3LZ24KE3TBUSE
1	1	0	0	0	29632543	0	0	29632543	0	0	64	/.well-known/acme-challenge/Q6K98MFEJRMG4MQFCGZGQGBE5XJ3KPTZ
1	1	0	0	0	29596003	0	0	29596003	0	0	64	/.well-known/acme-challenge/_9-Y6JWATSW19PC1M6S1B1PID-EJ4R3B
1	1	0	0	0	29616703	0	0	29616703	0	0	64	/.well-known/acme-challenge/ZK_NEJN4UR0LHHGB592FPJMSI7BTM2QB
1	1	0	0	0	29615083	0	0	29615083	0	0	64	/.well-known/acme-challenge/_5-M79UPRF595RAW4KST0EBMLCUHXF63
1	1	0	0	0	29568103	0	0	29568103	0	0	64	/.well-known/acme-challenge/26UBWGZGBEIUZ_UQUPUA8UDA93-O0MZO
1	1	0	0	0	29621023	0	0	29621023	0	0	64	/.well-known/acme-challenge/D_J91UUGD0OMVVJA57R6224-YMXS0WZX
1	1	0	0	0	29547943	0	0	29547943	0	0	64	/.well-known/acme-challenge/18-5D-ZPAWNSOEN1R6YRZPY8V4-VY97L
1	1	0	0	0	29547223	0	0	29547223	0	0	64	/.well-known/acme-challenge/NB223WFVKZ-AMMALCSM7_SQHJRPQJN1Y
1	1	0	0	0	29589883	0	0	29589883	0	0	64	/.well-known/acme-challenge/5G27KSHIOMDVJZ8PON7SWR7U9BASPMR_
1	1	0	0	0	29600323	0	0	29600323	0	0	64	/.well-known/acme-challenge/4S16G_KSDWPEBH1A_SQURKVD-FTZAE6M
1	1	0	0	0	29590243	0	0	29590243	0	0	64	/.well-known/acme-challenge/IVV49W-FV_XJ1GV-QBYHJGJ3OVB8JIK9
1	1	0	0	0	29592943	0	0	29592943	0	0	64	/.well-known/acme-challenge/SMK66HHKGRWB2D_R5UPGUHCP_BNO1H_K
1	0	0	0	1	0	0	29546044	0	0	29546044	0	/new/wp-admin/install.php?step=1&language=en_GB
1	1	0	0	0	29623903	0	0	29623903	0	0	64	/.well-known/acme-challenge/8N9E97C_XTN8_3TWFWYV1VL6VEYAO2IC
1	1	0	0	0	29584663	0	0	29584663	0	0	64	/.well-known/acme-challenge/P2U9G-J8V8UAZ1CYX51PACRPD-R3ALGT
1	1	0	0	0	29613283	0	0	29613283	0	0	64	/.well-known/acme-challenge/3PH56PE1MFU5FLTH3WAVC1XCKSZG01M6
1	1	0	0	0	29563243	0	0	29563243	0	0	64	/.well-known/acme-challenge/QKJKJTSHGMKP4Q5RQ5Y0P_IW_VCRTZ9U
3	1	1	0	0	29583225	0	0	29583225	0	0	62744	https://spyhost.site/
3	17	16	0	6	29627965	0	29614883	29551363	0	29548464	1126912	http://www.calvarylegal.com/
3	2	2	0	0	29606614	0	0	29562383	0	0	125488	http://calvarylegal.com/index.html
3	3	3	0	0	29628181	0	0	29627790	0	0	0	https://www.netcraft.com/survey/
3	44	43	0	38	29627823	0	29630658	29549486	0	29546840	2226611	http://calvarylegal.com/
3	1	1	0	0	29587892	0	0	29587892	0	0	62744	http://aisearchindex.space/
4	3	3	0	0	29628181	0	0	29627790	0	0	0	Mozilla/4.0 (compatible; Netcraft Web Server Survey)
4	1	1	0	0	29620615	0	0	29620615	0	0	10293	Mozilla/5.0 (iPhone; CPU iPhone OS 17_4_1 like Mac OS X) AppleWebKit/605.1.15 (KHTML, like Gecko) Version/17.4 Mobile/15E148 Safari/604.1
4	0	0	0	242	0	0	29633048	0	0	29614849	0	http://calvarylegal.com/wp-admin/install.php?step=1
4	2	2	0	0	29589206	0	0	29589206	0	0	125488	Mozilla/5.0 (Windows NT 10.0; Win64; x64; rv:65.0) Gecko/20100101 Firefox/65.0
4	2	2	0	0	29551699	0	0	29551655	0	0	125488	Mozilla/5.0 (Windows NT 10.0; Win64; x64) AppleWebKit/537.36 (KHTML, like Gecko) Chrome/130.0.0.0 Safari/537.36
4	2	2	0	0	29562383	0	0	29562383	0	0	125488	Mozilla/5.0 (Windows NT 10.0; Win64; x64) AppleWebKit/537.36 (KHTML, like Gecko) Chrome/129.0.0.0 Safari/537.36
4	1	1	0	0	29600558	0	0	29600558	0	0	62744	Mozilla/5.0 (iPhone; CPU iPhone OS 16_3 like Mac OS X) AppleWebKit/605.1.15 (KHTML, like Gecko) CriOS/122.0.6261.89 Mobile/15E148 Safari/604
4	1	1	0	0	29627147	0	0	29627147	0	0	52061	Mozilla/5.0 (Linux; Android 12; M2102J20SG) AppleWebKit/537.36 (KHTML, like Gecko) Chrome/101.0.4951.61 Mobile Safari/537.36
4	1	1	0	0	29547381	0	0	29547381	0	0	62744	Mozilla/5.0 (iPhone; CPU iPhone OS 26_3_0 like Mac OS X) AppleWebKit/605.1.15 (KHTML, like Gecko) GSA/353.1.720279278 Mobile/15E148 Safari/604.1
4	1	1	0	0	29576772	0	0	29576772	0	0	62744	Mozilla/5.0 (Windows NT 10.0; Win64; x64; rv:109.0) Gecko/20100101 Firefox/117.0
4	1	1	0	0	29566434	0	0	29566434	0	0	62744	Mozilla/5.0 (X11; Linux x86_64) AppleWebKit/537.36 (KHTML, like Gecko) Chrome/71.0.3578.98 Safari/537.36
4	1	1	0	0	29567195	0	0	29567195	0	0	62744	Mozilla/5.0 (Windows NT 10.0; Win64; x64; rv:148.0) Gecko/20100101 Firefox/148.0
4	1	1	0	0	29582839	0	0	29582839	0	0	62744	Mozilla/4.0 (compatible; MSIE 6.0; Windows NT 5.1; SV1; .NET CLR 3.0.4506.2152; .NET CLR 3.5.30729; .NET CLR 2.0.50727; 360SE)
4	1	1	0	0	29557498	0	0	29557498	0	0	62744	Mozilla/5.0 (X11; CrOS i686 3912.101.0) AppleWebKit/537.36 (KHTML, like Gecko) Chrome/27.0.1453.116 Safari/537.36
4	16	16	0	13	29629679	0	29629679	29548464	0	29548464	993221	Mozilla/5.0 (X11; Linux x86_64; rv:142.0) Gecko/20100101 Firefox/142.0
4	2	2	0	0	29562037	0	0	29562032	0	0	125488	python-requests/2.23.0
4	0	0	0	1	0	0	29603753	0	0	29603753	0	axios/1.8.4
4	3	3	0	22	29567036	0	29613587	29567036	0	29567036	188232	Mozilla/5.0 (Windows NT 10.0; Win64; x64) AppleWebKit/537.36 (KHTML, like Gecko) Chrome/146.0.0.0 Safari/537.36
4	4	4	0	60	29564240	0	29564240	29556637	0	29556637	250976	Mozilla/5.0 (Windows NT 10.0; Win64; x64) AppleWebKit/537.36 (KHTML, like Gecko) Chrome/95.0.4638.69 Safari/537.36
4	1	1	0	0	29571996	0	0	29571996	0	0	62744	Mozilla/5.0 (Windows NT 6.3; Win64; x64) AppleWebKit/537.36 (KHTML, like Gecko) HeadlessChrome/77.0.3865.120 Safari/537.36
4	9	9	0	19	29632701	0	29631246	29580251	0	29580251	114939	Mozilla/5.0 AppleWebKit/537.36 (KHTML, like Gecko; compatible; bingbot/2.0; +http://www.bing.com/bingbot.htm) Chrome/116.0.1938.76 Safari/537.36
4	1	1	0	0	29568490	0	0	29568490	0	0	62744	Mozilla/5.0 (Windows NT 10.0; Win64; x64) AppleWebKit/537.36 (KHTML, like Gecko) Chrome/61.0.3163.100 Safari/537.36
4	1	1	0	0	29578242	0	0	29578242	0	0	62744	Mozilla/5.0 (Linux; Android 11; Pixel 5) AppleWebKit/537.36 (KHTML, like Gecko) Chrome/99.0.4812.0 Mobile Safari/537.36
4	0	0	0	1	0	0	29547642	0	0	29547642	0	Mozilla/5.0 (Macintosh; Intel Mac OS X 10.15; rv:128.0) Gecko/20100101 Firefox/128.0
4	0	0	0	2	0	0	29565241	0	0	29558681	0	Mozlila/5.0 (Linux; Android 7.0; SM-G892A Bulid/NRD90M; wv) AppleWebKit/537.36 (KHTML, like Gecko) Version/4.0 Chrome/60.0.3112.107 Moblie Safari/537.36
4	3	3	0	0	29577366	0	0	29564902	0	0	188232	Mozilla/5.0 (Windows NT 10.0; Win64; x64) AppleWebKit/537.36 (KHTML, like Gecko) Chrome/117.0.5938.132 Safari/537.36
4	4	4	0	1	29559695	0	29558136	29558136	0	29558136	62744	CheckMarkNetwork/1.0 (+http://www.checkmarknetwork.com/spider.html)
4	3	3	0	0	29631312	0	0	29555212	0	0	177549	Mozilla/5.0 (Windows NT 10.0; Win64; x64) AppleWebKit/537.36 (KHTML, like Gecko) Chrome/122.0.0.0 Safari/537.3
4	0	0	0	6	0	0	29626807	0	0	29576825	0	Googlebot-Image/1.0
4	0	0	0	1	0	0	29546234	0	0	29546234	0	Mozilla/5.0 (Macintosh; Intel Mac OS X 10_15_7) AppleWebKit/537.36 (KHTML, like Gecko) Chrome/133.0.0.0 Safari/537.36
4	1	1	0	0	29550942	0	0	29550942	0	0	62744	Mozilla/5.0 (Windows; U; Windows NT 5.1; en-US) AppleWebKit/534.7 (KHTML, like Gecko) Chrome/7.0.514.0 Safari/534.7
4	1	1	0	0	29552484	0	0	29552484	0	0	62744	Mozilla/5.0 (Windows NT 10.0; WOW64) AppleWebKit/537.36 (KHTML, like Gecko) Chrome/101.0.4951.54 Safari/537.36 Edg/101.0.1210.39
4	1	1	0	0	29563853	0	0	29563853	0	0	62744	Mozilla/5.0 (compatible; MSIE 10.6; Windows NT 6.1; Trident/5.0; InfoPath.2; SLCC1; .NET CLR 3.0.4506.2152; .NET CLR 3.5.30729; .NET CLR 2.0.50727) 3gpp-gba UNTRUSTED/1.0
4	1	1	0	0	29605608	0	0	29605608	0	0	62744	Mozilla/5.0 (Windows NT 10.0; Win64; x64) AppleWebKit/537.36 (KHTML, like Gecko) Chrome/128.0.0.0 Safari/537.36
4	13	13	0	0	29558360	0	0	29546642	0	0	815672	Mozilla/5.0 (compatible; CMS-Checker/1.0; +https://example.com)
4	2	2	0	0	29617816	0	0	29575395	0	0	114805	Mozilla/5.0 (Linux; Android 12; SAMSUNG SM-A415F) AppleWebKit/537.36 (KHTML, like Gecko) SamsungBrowser/23.0 Chrome/115.0.0.0 Mobile Safari/537.3
4	1	1	0	0	29550946	0	0	29550946	0	0	62744	Mozilla/5.0 (Linux; Android 6.0; LG-D850 Build/MRA58K) AppleWebKit/537.36 (KHTML, like Gecko) Chrome/53.0.2785.97 Mobile Safari/537.36
4	3	3	0	1	29581771	0	29581771	29581771	0	29581771	40437	Mozilla/5.0 (X11; Ubuntu; Linux x86_64; rv:114.0) Gecko/20100101 Firefox/114.0
4	3	3	0	1	29554552	0	29554552	29551828	0	29554552	188232	Mozilla/5.0 (iPhone; CPU iPhone OS 18_6 like Mac OS X) AppleWebKit/605.1.15 (KHTML, like Gecko) Version/26.4 Mobile/15E148 Safari/604.1 Ddg/26.4
4	3	3	0	0	29560637	0	0	29560637	0	0	188232	2ip bot/1.1 (+https://2ip.io)
4	0	0	0	1	0	0	29566334	0	0	29566334	0	Mozilla/5.0 (compatible; MSIE 9.0; Windows NT 6.1; Trident/5.0)
4	1	1	0	0	29573118	0	0	29573118	0	0	62744	Mozilla/5.0 (iPhone; CPU iPhone OS 26_3_1 like Mac OS X) AppleWebKit/605.1.15 (KHTML, like Gecko) CriOS/146.0.7680.151 Mobile/15E148 Safari/604.1
4	17	17	0	17	29628007	0	29626804	29575916	0	29575915	1013233	Mozilla/5.0 (Windows NT 10.0; Win64; x64) AppleWebKit/537.36 (KHTML, like Gecko) Chrome/139.0.0.0 Safari/537.36/Nutch-1.21-SNAPSHOT
4	3	3	0	23	29595899	0	29595899	29547057	0	29545595	188232	Mozilla/5.0 (Windows NT 10.0; Win64; x64) AppleWebKit/537.36 (KHTML, like Gecko) Chrome/145.0.0.0 Safari/537.36
4	1	1	0	0	29563029	0	0	29563029	0	0	62744	Mozilla/5.0 (Windows NT 10.0; Win64; x64) AppleWebKit/537.36 (KHTML, like Gecko) Chrome/120.0.0.0 Safari/537.36 Viewer/99.9.8853.8
4	1	1	0	0	29582839	0	0	29582839	0	0	62744	Mozilla/5.0 (Windows NT 10.0; WOW64) AppleWebKit/537.36 (KHTML, like Gecko) Chrome/55.0.2883.87 Safari/537.36
4	1	1	0	0	29555252	0	0	29555252	0	0	62744	Mozilla/5.0 (Linux; U; Android 4.1.2; en-us; LG-P870/P87020d Build/JZO54K) AppleWebKit/534.30 (KHTML, like Gecko) Version/4.0 Mobile Safari/534.30
4	3	3	0	0	29559579	0	0	29559565	0	0	40437	Mozilla/5.0 (Windows NT 10.0; Win64; x64) AppleWebKit/537.36 (KHTML, like Gecko) Chrome/114.0.0.0 YaBrowser/22.7.0 Yowser/2.5 Safari/537.36
4	0	0	0	1	0	0	29559403	0	0	29559403	0	Mozilla/5.0 (X11; Ubuntu; Linux x86_64; rv:117.0) Gecko/20100101 Firefox/117.0
4	3	3	0	0	29602659	0	0	29567135	0	0	188232	Mozilla/5.0 (Macintosh; Intel Mac OS X 10_15_7) AppleWebKit/605.1.15 (KHTML, like Gecko) Version/18.6 Safari/605.1.15
4	40	40	0	217	29624317	0	29624317	29545743	0	29545743	2477711	Mozilla/5.0 (Windows NT 10.0; Win64; x64) AppleWebKit/537.36 (KHTML, like Gecko) Chrome/78.0.3904.108 Safari/537.36
4	0	0	0	6	0	0	29630296	0	0	29546044	0	Mozilla/5.0 (compatible; Yahoo! Slurp; http://help.yahoo.com/help/us/ysearch/slurp)
4	6	6	0	0	29623766	0	0	29572038	0	0	355098	Mozilla/5.0 (compatible; InternetMeasurement/1.0; +https://internet-measurement.com/)
4	24	14	0	6	29550642	0	29545424	29545416	0	29545421	134554	Mozilla/5.0 (compatible; Let's Encrypt validation server; +https://www.letsencrypt.org)
4	1	1	0	0	29559610	0	0	29559610	0	0	62744	Mozilla/5.0 (Windows; U; Windows NT 6.0; en-US) AppleWebKit/534.14 (KHTML, like Gecko) Chrome/9.0.601.0 Safari/534.14
4	1	1	0	0	29582839	0	0	29582839	0	0	62744	Mozilla/5.0 (X11; U; Linux i686; de-AT; rv:1.2.1) Gecko/20021130
4	6	6	0	0	29632967	0	0	29547050	0	0	365781	Mozilla/5.0 (Windows NT 10.0; Win64; x64) AppleWebKit/537.36 (KHTML, like Gecko) Chrome/91.0.4472.114 Safari/537.36 Edg/91.0.864.54
4	1	1	0	0	29629486	0	0	29629486	0	0	52061	Mozilla/5.0 (Macintosh; Intel Mac OS X 10_15_7) AppleWebKit/537.36 (KHTML, like Gecko) Chrome/114.0.0.0 Safari/537.36
4	0	0	0	1	0	0	29604299	0	0	29604299	0	Mozilla/5.0 (Macintosh; Intel Mac OS X 10_15_7) AppleWebKit/605.1.15 (KHTML, like Gecko) Version/17.1.2 Safari/605.1.15
4	1	1	0	0	29589316	0	0	29589316	0	0	62744	Mozilla/5.0 (Windows NT 10.0; Win64; x64) AppleWebKit/537.36 (KHTML, like Gecko) Chrome/109.0.0.0 Safari/537.36
4	2	2	0	0	29628427	0	0	29628427	0	0	104122	Mozilla/5.0 (compatible; WebatlaBot/1.0; +https://bot.webatla.com; abuse@webatla.com)
4	1	1	0	0	29584444	0	0	29584444	0	0	0	curl/8.18.0
4	1	1	0	0	29611358	0	0	29611358	0	0	62744	Mozilla/5.0 (Windows NT 6.1; Win64; x64; rv:25.0) Gecko/20100101 Firefox/29.0
4	0	0	0	55	0	0	29632172	0	0	29555442	0	Mozilla/5.0 (Macintosh; Intel Mac OS X 10_15_7) AppleWebKit/537.36 (KHTML, like Gecko) Chrome/131.0.0.0 Safari/537.36; compatible; OAI-SearchBot/1.0; +https://openai.com/searchbot
4	1	1	0	3	29548776	0	29622245	29548776	0	29622245	62744	Mozilla/5.0 (Macintosh; Intel Mac OS X 10_15_7) AppleWebKit/537.36 (KHTML, like Gecko) Chrome/131.0.0.0 Safari/537.36
4	0	0	0	1	0	0	29546044	0	0	29546044	0	Mozilla/5.0 (Windows NT 10.0; Win64; x64) AppleWebKit/537.36 (KHTML, like Gecko) Edge/115.0.0.0
4	0	0	0	1	0	0	29557468	0	0	29557468	0	Mozilla/5.0 (Windows NT 10.0; Win64; x64) AppleWebKit/537.36 (KHTML, like Gecko) Chrome/139.0.0.0 Safari/537.36/Nutch-1.21-SNAPSHOT, Mozilla/5.0 (Windows NT 10.0; Win64; x64) AppleWebKit/537.36 (KHTML, like Gecko) Chrome/139.0.0.0 Safari/537.36/Nutch-1.21-SNAPSHOT
4	2	2	0	1	29562393	0	29562394	29558644	0	29562394	125488	Mozilla/5.0 (Windows NT 10.0; Win64; x64) AppleWebKit/537.36 (KHTML, like Gecko) Chrome/145.0.0.0 Safari/537.36 Edg/145.0.0.0
4	5	5	0	1	29603302	0	29556970	29545448	0	29556970	313720	Mozilla/5.0 (X11; Ubuntu; Linux x86_64; rv:134.0) Gecko/20100101 Firefox/134.0
4	1	1	0	0	29626807	0	0	29626807	0	0	10293	Mozilla/5.0 (Linux; Android 6.0.1; Nexus 5X Build/MMB29P) AppleWebKit/537.36 (KHTML, like Gecko) Chrome/147.0.7727.116 Mobile Safari/537.36 (compatible; Googlebot/2.1; +http://www.google.com/bot.html)
4	1	1	0	0	29547390	0	0	29547390	0	0	62744	Mozilla/5.0 (X11; Linux x86_64) AppleWebKit/537.36 (KHTML, like Gecko) Chrome/55.0.2883.87 Safari/537.36
4	0	0	0	1	0	0	29579778	0	0	29579778	0	Mozilla/5.0 (Macintosh; Intel Mac OS X 10_15_7) AppleWebKit/537.36 (KHTML, like Gecko) Chrome/113.0.0.0 Safari/537.36
4	1	1	0	0	29618611	0	0	29618611	0	0	52061	Mozilla/5.0 (Linux; Android 11; SM-A505FN) AppleWebKit/537.36 (KHTML, like Gecko) Chrome/101.0.4951.41 Mobile Safari/537.36
4	1	1	0	0	29620162	0	0	29620162	0	0	52061	Mozilla/5.0 (Windows NT 10.0; Win64; x64) AppleWebKit/537.36 (KHTML, like Gecko) Chrome/108.0.0.0 Safari/537.36
4	5	4	0	1	29627618	0	29558648	29558644	0	29558648	373984	Mozilla/5.0 (Windows NT 10.0; Win64; x64) AppleWebKit/537.36 (KHTML, like Gecko) Chrome/143.0.0.0 Safari/537.36
4	1	1	0	0	29595653	0	0	29595653	0	0	62744	Mozilla/5.0 (Windows NT 10.0; Win64; x64) AppleWebKit/537.36 (KHTML, like Gecko) Chrome/79.0.3945.136 Safari/537.36
4	1	1	0	0	29618608	0	0	29618608	0	0	52061	Mozilla/5.0 (X11; U; Linux; i686; en-US; rv:1.6) Gecko Debian/1.6-7
4	1	1	0	0	29561269	0	0	29561269	0	0	62744	Mozilla/5.0 (Knoppix; Linux x86_64) AppleWebKit/537.36 (KHTML, like Gecko) Chrome/123.0.0.0 Safari/537.36
4	1	1	0	0	29581439	0	0	29581439	0	0	62744	Mozilla/5.0 (X11; U; OpenBSD i386; en-US; rv:1.8.1.7) Gecko/20070930 Firefox/2.0.0.7
4	2	2	0	0	29616450	0	0	29566257	0	0	125488	Mozilla/5.0 (Windows NT 10.0; Win64; x64) AppleWebKit/537.36 (KHTML, like Gecko) Chrome/125.0.0.0 Safari/537.36
4	0	0	0	2	0	0	29579462	0	0	29579462	0	Mozilla/5.0 (Macintosh; Intel Mac OS X 10_11_6) AppleWebKit/601.7.7 (KHTML, like Gecko) Version/9.1.2 Safari/601.7.7
4	3	3	0	0	29566852	0	0	29566838	0	0	188232	Mozilla/5.0 (iPhone; CPU iPhone OS 18_7 like Mac OS X) AppleWebKit/605.1.15 (KHTML, like Gecko) Version/26.3 Mobile/15E148 Safari/604.1
4	1	1	0	0	29581141	0	0	29581141	0	0	62744	Mozilla/5.0 (compatible; Konqueror/3.5; SunOS) KHTML/3.5.1 (like Gecko)
4	4	4	0	0	29632228	0	0	29546225	0	0	240293	visionheight.com/scan Mozilla/5.0 (Macintosh; Intel Mac OS X 10_15_7) Chrome/126.0.0.0 Safari/537.36
4	3	3	0	0	29567921	0	0	29549889	0	0	188232	Mozilla/5.0 (Windows NT 6.1; WOW64) AppleWebKit/534.24 (KHTML, like Gecko) Chrome/11.0.696.71 Safari/534.24
4	1	1	0	0	29561496	0	0	29561496	0	0	62744	Opera/9.80 (Android 4.0.4; Linux; Opera Mobi/ADR-1205181138; U; pl) Presto/2.10.254 Version/12.00
4	2	2	0	4	29547590	0	29547899	29547590	0	29547590	26958	Mozilla/5.0 (Linux; Android 6.0.1; Nexus 5X Build/MMB29P) AppleWebKit/537.36 (KHTML, like Gecko) Chrome/144.0.7559.132 Mobile Safari/537.36 (compatible; GoogleOther)
4	1	1	0	0	29609940	0	0	29609940	0	0	62744	Mozilla/5.0 (Maemo; Linux armv7l; rv:2.0.1) Gecko/20100101 Firefox/4.0.1 Fennec/2.0.1
4	1	0	0	0	29624197	0	0	29624197	0	0	133691	Mozilla/5.0 (compatible; Baiduspider-render/2.0; +http://www.baidu.com/search/spider.html)
4	2	2	0	0	29614715	0	0	29612557	0	0	26958	curl/7.76.1
4	1	1	0	0	29570174	0	0	29570174	0	0	62744	Mozilla/5.0 (Linux; U; Android 8.1.0; zh-CN; vivo Y85 Build/OPM1.171019.011) AppleWebKit/537.36 (KHTML, like Gecko) Version/4.0 Chrome/57.0.2987.108 UCBrowser/11.9.6.976 Mobile Safari/537.36
4	30	30	0	21	29630610	0	29630610	29549922	0	29549922	1818222	Mozilla/5.0 (compatible; CensysInspect/1.1; +https://about.censys.io/)
4	1	1	0	0	29614003	0	0	29614003	0	0	62744	Mozilla/5.0 (Linux; Android 10; K) AppleWebKit/537.36 (KHTML, like Gecko) Chrome/146.0.0.0 Mobile Safari/537.36
4	1	1	0	0	29571363	0	0	29571363	0	0	62744	Mozilla/5.0 (Macintosh; Intel Mac OS X 11) AppleWebKit/538.41 (KHTML, like Gecko) Chrome/87.0.4280.88 Safari/537.36
4	0	0	0	1	0	0	29571363	0	0	29571363	0	Mozilla/5.0 (Windows NT 10.0; Win64; x64) AppleWebKit/537.36 (KHTML, like Gecko) Chrome/142.0.0.0 Safari/537.36
4	2	2	0	22	29562193	0	29631731	29546043	0	29558144	125488	Go-http-client/1.1
4	1	1	0	0	29605397	0	0	29605397	0	0	62744	Mozilla/5.0 (X11; Linux x86_64; rv:52.0) Gecko/20100101 Firefox/52.0
4	4	4	0	3	29605881	0	29605881	29579763	0	29579763	250976	Mozilla/5.0 (iPhone; CPU iPhone OS 17_1_2 like Mac OS X) AppleWebKit/605.1.15 (KHTML, like Gecko) Version/17.1.2 Mobile/15E148 Safari/604
4	1	1	0	0	29603682	0	0	29603682	0	0	62744	Mozilla/5.0 (Windows NT 10.0; Win64; x64) AppleWebKit/537.36 (KHTML, like Gecko) Chrome/84.0.4147.89 Safari/537.36
4	1	1	0	0	29568852	0	0	29568852	0	0	62744	Mozilla/5.0 (Windows NT 10.0; Win64; x64) AppleWebKit/537.36 (KHTML, like Gecko) Chrome/113.0.0.0 Safari/537.36 OPR/99.0.0.0
4	4	4	0	0	29547382	0	0	29547382	0	0	53916	Mozilla/5.0 (Linux; Android 10; K) AppleWebKit/537.36 (KHTML, like Gecko) Chrome/138.0.0.0 Mobile Safari/537.36 (compatible; Google-Read-Aloud; +https://support.google.com/webmasters/answer/1061943)
4	2	2	0	0	29598778	0	0	29582268	0	0	125488	Mozilla/5.0 (Windows NT 10.0; Win64; x64) AppleWebKit/537.36 (KHTML, like Gecko) Chrome/124.0.0.0 Safari/537.36
4	1	1	0	1	29603762	0	29603762	29603762	0	29603762	62744	Mozilla/5.0 (iPhone; CPU iPhone OS 26_3 like Mac OS X) AppleWebKit/605.1.15 (KHTML, like Gecko) CriOS/144.0.7559.95 Mobile/15E148 Safari/604.1
4	1	1	0	1	29545758	0	29545758	29545758	0	29545758	62744	curl/7.83.1
4	1	1	0	0	29569594	0	0	29569594	0	0	62744	Mediapartners-Google
4	1	1	0	0	29556101	0	0	29556101	0	0	62744	Mozilla/5.0 (Windows NT 4.0; WOW64) AppleWebKit/537.36 (KHTML, like Gecko) Chrome/37.0.2049.0 Safari/537.36
4	2	2	0	0	29603617	0	0	29603617	0	0	13479	Mozilla/5.0 (X11; Linux x86_64) AppleWebKit/537.36 (KHTML, like Gecko) Chrome/112.0.0.0 Safari/537.36 AppEngine-Google; (+http://code.google.com/appengine; appid: s~virustotalcloud)
4	10	10	0	1	29631769	0	29591165	29568559	0	29591165	606074	Hello from Palo Alto Networks, find out more about our scans in https://docs-cortex.paloaltonetworks.com/r/1/Cortex-Xpanse/Scanning-activity
4	2	2	0	0	29611831	0	0	29565819	0	0	125488	Mozilla/5.0 (Macintosh; Intel Mac OS X 10_15_7) AppleWebKit/537.36 (KHTML, like Gecko) Chrome/111.0.0.0 Safari/537.36
4	5	5	0	0	29613998	0	0	29613982	0	0	313720	Mozilla/5.0 (Windows NT 10.0; Win64; x64; rv:149.0) Gecko/20100101 Firefox/149.0
4	2	2	0	0	29561835	0	0	29551828	0	0	125488	Mozilla/5.0 (Macintosh; Intel Mac OS X 10_15_7) AppleWebKit/537.36 (KHTML, like Gecko) Chrome/145.0.0.0 Safari/537.36
4	1	1	0	0	29600059	0	0	29600059	0	0	62744	Mozilla/5.0 (Windows NT 10.0; Win64; x64) AppleWebKit/537.36 (KHTML, like Gecko) Chrome/138.0.7204.97 Safari/537.36
4	4	4	0	3	29584444	0	29584444	29584444	0	29584444	250976	Mozilla/5.0 (X11; Linux x86_64; rv:140.0) Gecko/20100101 Firefox/140.0
4	1	1	0	0	29584051	0	0	29584051	0	0	62744	Mozilla/5.0 (Windows NT 10.0; Win64; x64) AppleWebKit/537.36 (KHTML, like Gecko) Chrome/98.0.4758.82 Safari/537.36
4	1	1	0	0	29632985	0	0	29632985	0	0	52061	Mozilla/5.0 (Linux; U; Android 10; Infinix X688B Build/QP1A.190711.020; wv) AppleWebKit/537.36 (KHTML, like Gecko) Version/4.0 Chrome/99.0.4844.58 Mobile Safari/537.36 OPR/62.5.2254.61243
4	2	2	0	0	29626116	0	0	29593676	0	0	114805	Mozilla/4.0 (compatible; MSIE 8.0; Windows NT 6.1; WOW64; Trident/4.0; SLCC2; .NET CLR 2.0.50727; .NET CLR 3.5.30729; .NET CLR 3.0.30729)
4	1	1	0	0	29584619	0	0	29584619	0	0	13479	Mozilla/5.0 (Linux; Android 6.0.1; Nexus 5X Build/MMB29P) AppleWebKit/537.36 (KHTML, like Gecko) Chrome/146.0.7680.164 Mobile Safari/537.36 (compatible; Googlebot/2.1; +http://www.google.com/bot.html)
4	1	1	0	0	29630111	0	0	29630111	0	0	52061	Mozilla/5.0 (Windows; U; Win98; en-US; rv:1.4) Gecko Netscape/7.1 (ax)
4	1	1	0	0	29623782	0	0	29623782	0	0	0	Mozilla/5.0 (Windows NT 10.0; Win64; x64) AppleWebKit/537.36 (KHTML, like Gecko) Chrome/78.0.3904.97 Safari/537.36 OPR/64.0.3417.92
4	1	1	0	5	29615100	0	29615100	29615100	0	29615100	62744	Mozilla/5.0 (Windows NT 6.3; Win64; x64) AppleWebKit/537.36 (KHTML, like Gecko) Chrome/89.0.4389.82 Safari/537.36
4	2	2	0	0	29608727	0	0	29567587	0	0	125488	Mozilla/5.0 (Windows NT 10.0; Win64; x64) AppleWebKit/537.36 (KHTML, like Gecko) Chrome/131.0.0.0 Safari/537.36 Edg/131.0.0.0
4	1	1	0	0	29598563	0	0	29598563	0	0	62744	Mozilla/5.0 (Windows Phone 8.1; ARM; Trident/7.0; Touch; rv:11.0; IEMobile/11.0; NOKIA; Lumia 530) like Gecko
4	2	2	0	0	29567412	0	0	29563107	0	0	76223	Mozilla/5.0 (iPhone; CPU iPhone OS 26_3_1 like Mac OS X) AppleWebKit/605.1.15 (KHTML, like Gecko) EdgiOS/145.0.3800.99 Version/26.0 Mobile/15E148 Safari/604.1
4	12	12	0	16	29624209	0	29624157	29584444	0	29584444	710196	Mozilla/5.0 (Windows NT 10.0; WOW64) AppleWebKit/537.36 (KHTML, like Gecko) Chrome/48.0.2564.116 Safari/537.36
4	2	2	0	0	29613763	0	0	29572986	0	0	125488	Mozilla/5.0 (Windows NT 10.0; Win64; x64) AppleWebKit/537.36 (KHTML, like Gecko) Chrome/79.0.3945.79 Safari/537.36
4	1	1	0	0	29557907	0	0	29557907	0	0	62744	Mozilla/5.0 (Linux; arm_64; Android 12; CPH2205) AppleWebKit/537.36 (KHTML, like Gecko) Chrome/110.0.0.0 YaBrowser/23.3.3.86.00 SA/3 Mobile Safari/537.36
4	2	2	0	0	29621709	0	0	29607056	0	0	114805	Mozilla/5.0 (Windows NT 10.0; Win64; x64) AppleWebKit/537.36 (KHTML, like Gecko) Chrome/99.0.4844.84 Safari/537.36 OPR/85.0.4341.75
4	1	1	0	0	29559610	0	0	29559610	0	0	62744	Mozilla/5.0 (Windows NT 6.2; Win64; x64; rv:16.0.1) Gecko/20121011 Firefox/21.0.1
4	0	0	0	1	0	0	29627214	0	0	29627214	0	Mozilla/5.0 (iPhone; CPU iPhone OS 18_7 like Mac OS X) AppleWebKit/605.1.15 (KHTML, like Gecko) Version/18.7 Mobile/15E148 Safari/604.1 Ddg/18.7
4	0	0	0	4	0	0	29546044	0	0	29546044	0	Mozilla/5.0 (X11; Linux x86_64) AppleWebKit/537.36 (KHTML, like Gecko) Chrome/115.0.0.0 Safari/537.36
4	0	0	0	3	0	0	29619060	0	0	29614849	0	http://calvarylegal.com/wordpress/wp-admin/install.php?step=1
4	0	0	0	1	0	0	29604397	0	0	29604397	0	Mozilla/5.0 (Macintosh; Intel Mac OS X 10_15_7) AppleWebKit/605.1.15 (KHTML, like Gecko) Version/13.1 Safari/605.1.15
4	4	4	0	0	29589683	0	0	29589544	0	0	250976	Mozilla/5.0 (Windows NT 10.0; Win64; x64; rv:104.0) Gecko/20100101 Firefox/104.0
4	2	2	0	0	29607443	0	0	29585499	0	0	125488	Mozilla/5.0 (Android 14; Mobile; rv:123.0) Gecko/123.0 Firefox/123
4	2	2	0	0	29605137	0	0	29563107	0	0	76223	Mozilla/5.0 (Windows NT 10.0; Win64; x64) AppleWebKit/537.36 (KHTML, like Gecko) Chrome/139.0.0.0 Safari/537.36
4	1	1	0	0	29572510	0	0	29572510	0	0	62744	Mozilla/5.0 (Macintosh; Intel Mac OS X 10_14_6) AppleWebKit/537.36 (KHTML, like Gecko) Chrome/98.0.4758.102 Safari/537.36
4	1	1	0	0	29549866	0	0	29549866	0	0	62744	Mozilla/5.0 (Linux; U; Android 13; sk-sk; Xiaomi 11T Pro Build/TKQ1.220829.002) AppleWebKit/537.36 (KHTML, like Gecko) Version/4.0 Chrome/112.0.5615.136 Mobile Safari/537.36 XiaoMi/MiuiBrowser/14.4.0-g
4	1	1	0	0	29615915	0	0	29615915	0	0	62744	Mozilla/5.0 (Linux; Android 10; SM-M307F) AppleWebKit/537.36 (KHTML, like Gecko) Chrome/98.0.4758.101 Mobile Safari/537.36
4	11	11	0	0	29625030	0	0	29584444	0	0	626086	Mozilla/5.0 (compatible; Baiduspider/2.0; +http://www.baidu.com/search/spider.html)
4	0	0	0	1	0	0	29579406	0	0	29579406	0	Mozilla/5.0 (Windows NT 6.1; WOW64) AppleWebKit/537.36 (KHTML, like Gecko) Chrome/55.0.2883.87 UBrowser/6.2.4098.3 Safari/537.36
4	6	6	0	0	29601132	0	0	29550635	0	0	376464	Mozilla/5.0 (X11; Linux x86_64) AppleWebKit/537.36 (KHTML, like Gecko) Chrome/44.0.2403.157 Safari/537.36
4	2	2	0	0	29577627	0	0	29576823	0	0	26958	Mozilla/5.0 (Linux; Android 6.0.1; Nexus 5X Build/MMB29P) AppleWebKit/537.36 (KHTML, like Gecko) Chrome/146.0.7680.153 Mobile Safari/537.36 (compatible; Googlebot/2.1; +http://www.google.com/bot.html)
4	501	501	0	501	29632811	0	29632811	29545455	0	29545455	30398493	Mozilla/5.0 (Windows NT 10.0; Win64; x64) AppleWebKit/537.36 (KHTML, like Gecko) Chrome/122.0.0.0 Safari/537.36
4	1	1	0	0	29632263	0	0	29632263	0	0	10293	Mozilla/5.0 (Linux; Android 6.0.1; Nexus 5X Build/MMB29P) AppleWebKit/537.36 (KHTML, like Gecko) Chrome/147.0.7727.137 Mobile Safari/537.36 (compatible; Googlebot/2.1; +http://www.google.com/bot.html)
4	1	1	0	0	29552023	0	0	29552023	0	0	62744	Mozilla/5.0 (Macintosh, Intel Mac OS X 10_15_7) AppleWebKit/605.1.15 (KHTML, like Gecko) Version/17.5 Safari/605.1.15
4	1	1	0	0	29562393	0	0	29562393	0	0	62744	Mozilla/5.0 (Windows NT 10.0; Win64; x64) AppleWebKit/537.36 (KHTML, like Gecko) Chrome/143.0.0.0 Safari/537.36 Edg/143.0.0.0
4	1	1	0	1	29550446	0	29550446	29550446	0	29550446	62744	panscient.com
4	1	1	0	0	29546192	0	0	29546192	0	0	62744	Mozilla/5.0 (Linux; Android 14; Pixel 8) AppleWebKit/537.36 (KHTML, like Gecko) Chrome/131.0.0.0 Mobile Safari/537.36
4	1	1	0	0	29548043	0	0	29548043	0	0	62744	HTMLParser/1.6
4	2	2	0	0	29547497	0	0	29547422	0	0	26958	Mozilla/5.0 (Linux; Android 6.0.1; Nexus 5X Build/MMB29P) AppleWebKit/537.36 (KHTML, like Gecko) Chrome/144.0.7559.132 Mobile Safari/537.36 (compatible; Googlebot/2.1; +http://www.google.com/bot.html)
4	7	7	0	0	29623131	0	0	29594311	0	0	91167	Mozilla/5.0 (Linux; Android 6.0.1; Nexus 5X Build/MMB29P) AppleWebKit/537.36 (KHTML, like Gecko) Chrome/146.0.7680.177 Mobile Safari/537.36 (compatible; Googlebot/2.1; +http://www.google.com/bot.html)
4	0	0	0	2	0	0	29630296	0	0	29627798	0	Mozilla/5.0 (compatible; Bingbot/2.0; +http://www.bing.com/bingbot.htm)
4	1	1	0	0	29561881	0	0	29561881	0	0	62744	Mozilla/5.0 (X11; Linux x86_64; rv:104.0) Gecko/20100101 Firefox/104.0
4	4	4	0	0	29616450	0	0	29583071	0	0	250976	MetaInspector/5.12.1 (+https://github.com/jaimeiniesta/metainspector)
4	0	0	0	1	0	0	29572104	0	0	29572104	0	Mozilla/5.0 (Windows NT 10.0; Win64; x64; rv:109.0) Gecko/20100101 Firefox/114.0
4	1	1	0	0	29584046	0	0	29584046	0	0	62744	Mozilla/5.0 (iPhone; CPU iPhone OS 10_3_3 like Mac OS X) AppleWebKit/603.3.8 (KHTML, like Gecko) Version/10.0 Mobile/14G60 Safari/602.1
4	1	1	0	0	29611829	0	0	29611829	0	0	62744	Mozilla/5.0 (Windows NT 10.0; Win64; x64) AppleWebKit/537.36 (KHTML, like Gecko) Chrome/138.0.0.0 Safari/537.36
4	0	0	0	1	0	0	29566335	0	0	29566335	0	Mozilla/5.0 (X11; Ubuntu; Linux x86_64; rv:26.0) Gecko/20100101 Firefox/26.0
4	1	1	0	0	29581141	0	0	29581141	0	0	62744	Mozilla/5.0 (Linux; U; Android 3.0.1; en-us; GT-P7100 Build/HRI83) AppleWebkit/534.13 (KHTML, like Gecko) Version/4.0 Safari/534.13
4	728	0	0	0	29632903	0	0	29545416	0	0	46592	Cpanel-HTTP-Client/1.0
4	2	2	0	0	29603617	0	0	29583071	0	0	26958	GoogleOther
4	3	3	0	0	29582839	0	0	29570175	0	0	188232	Mozilla/5.0 (Macintosh; Intel Mac OS X 10_11) AppleWebKit/601.1.27 (KHTML, like Gecko) Chrome/47.0.2526.106 Safari/601.1.27
4	2	2	0	0	29611648	0	0	29599557	0	0	125488	Mozilla/5.0 (X11; Linux x86_64) AppleWebKit/537.36 (KHTML, like Gecko) Chrome/131.0.0.0 Safari/537.36
4	1	1	0	5	29545461	0	29545461	29545461	0	29545461	62744	Mozilla/5.0 (Windows NT 6.1; Win64; x64) AppleWebKit/537.36 (KHTML, like Gecko) Chrome/91.0.4472.164 Safari/537.36
4	23	23	0	0	29632811	0	0	29560664	0	0	1368331	Mozilla/5.0 (Windows NT 10.0; Win64; x64) AppleWebKit/537.36 (KHTML, like Gecko) Chrome/86.0.4240.75 Safari/537.36
4	25	25	0	0	29624026	0	0	29549486	0	0	1515185	User-Agent:Mozilla/5.0 (Windows NT 10.0; Win64; x64) AppleWebKit/537.36 (KHTML, like Gecko) Chrome/140.0.0.0 Safari/537.36 Edg/140.0.0.0; 360Spider
4	0	0	0	1	0	0	29609352	0	0	29609352	0	Mozilla/5.0 (Windows NT 10.0; rv:114.0) Gecko/20100101 Firefox/114.0
4	0	0	0	4	0	0	29613583	0	0	29567465	0	Mozilla/5.0 (Macintosh; Intel Mac OS X 10_15_7) AppleWebKit/605.1.15 (KHTML, like Gecko) Version/17.4 Safari/605.1.15 (Applebot/0.1; +http://www.apple.com/go/applebot)
4	1014	1014	0	14	29632988	0	29616671	29545429	0	29545472	61838651	Mozilla/5.0 (iPhone; CPU iPhone OS 13_2_3 like Mac OS X) AppleWebKit/605.1.15 (KHTML, like Gecko) Version/13.0.3 Mobile/15E148 Safari/604.1
4	1	1	0	0	29566841	0	0	29566841	0	0	62744	Mozilla/5.0 (Windows; U; Windows NT 6.0 x64; en-US; rv:1.9pre) Gecko/2008072421 Minefield/3.0.2pre
4	1	1	0	0	29590160	0	0	29590160	0	0	62744	Mozilla/5.0 (Linux; Android 14; Pixel 8 Pro) AppleWebKit/537.36 (KHTML, like Gecko) Chrome/120.0.6099.144 Mobile Safari/537.36
4	1	1	0	0	29583447	0	0	29583447	0	0	62744	Mozilla/5.0 (Macintosh; Intel Mac OS X 10_6_7) AppleWebKit/535.1 (KHTML, like Gecko) Chrome/14.0.813.0 Safari/535.1
4	1	1	0	0	29605137	0	0	29605137	0	0	62744	Mozilla/5.0 (Macintosh; Intel Mac OS X 10_15_7) AppleWebKit/605.1.15 (KHTML, like Gecko) Version/17.6 Safari/605.1.15
4	1	1	0	0	29582839	0	0	29582839	0	0	62744	Mozilla/4.0 (compatible; MSIE 5.0; Windows NT 4.0) Opera 6.0 [en]
4	1	1	0	1	29599842	0	29629486	29599842	0	29629486	62744	Mozilla/5.0 (X11; Linux x86_64) AppleWebKit/537.36 (KHTML, like Gecko) Chrome/113.0.0.0 Safari/537.36
4	3	3	0	3	29627214	0	29627214	29564382	0	29564382	177549	DuckDuckBot/1.1; (+http://duckduckgo.com/duckduckbot.html)
4	1	1	0	5	29545461	0	29545461	29545461	0	29545461	62744	Mozilla/5.0 (Windows NT 10.0; Win64; x64) AppleWebKit/537.36 (KHTML, like Gecko) Chrome/93.0.4577.82 Safari/537.36
4	19	19	0	0	29620455	0	0	29567249	0	0	1181453	Mozilla/5.0 (Macintosh; Intel Mac OS X 10_8_3) AppleWebKit/537.31 (KHTML, like Gecko) Chrome/26.0.1410.65 Safari/537.31
4	3	3	0	0	29567263	0	0	29567258	0	0	188232	MetaInspector/5.16.0 (+https://github.com/jaimeiniesta/metainspector)
4	1	1	0	0	29612800	0	0	29612800	0	0	62744	Mozilla/5.0 (Windows NT 10.0; Win64; x64) AppleWebKit/537.36 (KHTML, like Gecko) Chrome/98.0.4758.80 Safari/537.36
4	1	1	0	0	29551828	0	0	29551828	0	0	62744	Mozilla/5.0 (Windows NT 10.0; Win64; x64) Chrome/120.0.0.0
4	11	11	0	0	29624576	0	0	29622686	0	0	51465	Mozilla/5.0 (Macintosh; Intel Mac OS X 10_15_7) AppleWebKit/537.36 (KHTML, like Gecko) Chrome/124.0.0.0 Safari/537.36
4	4	4	0	0	29569450	0	0	29563107	0	0	103181	Mozilla/5.0 (Windows NT 10.0; Win64; x64) AppleWebKit/537.36 (KHTML, like Gecko) Chrome/146.0.0.0 Safari/537.36 Edg/146.0.0.0
4	1	1	0	0	29601301	0	0	29601301	0	0	62744	Mozilla/5.0 (Macintosh; Intel Mac OS X 10_15_6) AppleWebKit/537.36 (KHTML, like Gecko) Chrome/101.0.4951.64 Safari/537.36
4	1	1	0	0	29598545	0	0	29598545	0	0	62744	Mozilla/5.0 (Windows; U; Windows NT 6.0; en-US) AppleWebKit/527  (KHTML, like Gecko, Safari/419.3) Arora/0.6 (Change: )
4	1	1	0	2	29615915	0	29554196	29615915	0	29552771	62744	Mozilla/5.0 (Windows NT 10.0; Win64; x64) AppleWebKit/537.36
4	3	3	0	0	29559610	0	0	29557572	0	0	40437	Mozilla/5.0 (Windows NT 10.0; Win64; x64) AppleWebKit/537.36 (KHTML, like Gecko) Chrome/120.0.0.0 Safari/537.36
4	0	0	0	14	0	0	29624159	0	0	29584444	0	Mozilla/5.0 (Windows NT 10.0; Win64; x64) AppleWebKit/537.36 (KHTML, like Gecko) Chrome/133.0.6943.141 Safari/537.36
4	1	1	0	5	29615100	0	29615100	29615100	0	29615100	62744	Mozilla/5.0 (Windows NT 10.0; Win64; x64) AppleWebKit/537.36 (KHTML, like Gecko) Chrome/90.0.4430.41 YaBrowser/21.5.0.579 Yowser/2.5 Safari/537.36
4	3	3	0	0	29596284	0	0	29553447	0	0	62744	Mozilla/5.0 (Windows NT 6.1; WOW64; Trident/7.0; rv:11.0) like Gecko
4	1	1	0	0	29553097	0	0	29553097	0	0	62744	Mozilla/5.0 (Macintosh; Intel Mac OS X 15_7_3) AppleWebKit/605.1.15 (KHTML, like Gecko) Version/26.0 Safari/605.1.15
4	0	0	0	3	0	0	29627798	0	0	29546044	0	Mozilla/5.0 (Macintosh; Intel Mac OS X 10_15_7) AppleWebKit/605.1.15 (KHTML, like Gecko) Version/15.1 Safari/605.1.15
4	1	1	0	0	29581442	0	0	29581442	0	0	62744	Mozilla/5.0 (Linux; U; Android 5.1; zh-CN; OPPO R7 Build/LMY47I) AppleWebKit/537.36 (KHTML, like Gecko) Version/4.0 Chrome/57.0.2987.108 UCBrowser/12.0.2.982 Mobile Safari/537.36
4	1	1	0	4	29545466	0	29545466	29545466	0	29545466	62744	Mozilla/5.0 (Macintosh; Intel Mac OS X 10_15_7) AppleWebKit/605.1.15 (KHTML, like Gecko) Version/14.1.1 Safari/605.1.15
4	1	1	0	0	29562393	0	0	29562393	0	0	62744	Mozilla/5.0 (Linux, Android 10, K) AppleWebKit/537.36 (KHTML, like Gecko) Chrome/142.0.0.0 Mobile Safari/537.36
4	1	1	0	0	29582839	0	0	29582839	0	0	62744	Mozilla/5.0 (Windows NT 5.1) AppleWebKit/537.36 (KHTML, like Gecko) Chrome/53.0.2785.104 Safari/537.36 Core/1.53.3064.400 QQBrowser/9.6.11332.400
4	1	1	0	0	29577136	0	0	29577136	0	0	62744	Mozilla/5.0 (Linux; Android 13; SM-A037U) AppleWebKit/537.36 (KHTML, like Gecko) Chrome/128.0.0.0 Mobile Safari/537.36
4	4	4	0	4	29613440	0	29613440	29562991	0	29562991	250976	Mozilla/5.0 (compatible; Website-info.net-Robot; https://website-info.net/robot)
4	0	0	0	1	0	0	29603617	0	0	29603617	0	python-requests/2.33.0
4	1	1	0	0	29570178	0	0	29570178	0	0	62744	Mozilla/5.0 (Linux; U; Android 7.0; zh-CN; FRD-AL10 Build/HUAWEIFRD-AL10) AppleWebKit/537.36 (KHTML, like Gecko) Version/4.0 Chrome/57.0.2987.108 UCBrowser/11.9.4.974 UWS/2.14.0.11 Mobile Safari/537.36 AliApp(TB/7.10.1) UCBS/2.11.1.1 TTID/227200@taobao_android_7.10.1 WindVane/8.3.0 1080X1794
4	3	3	0	0	29603617	0	0	29603616	0	0	188232	Mozilla/5.0 (Windows NT 10.0; Win64; x64) AppleWebKit/537.36 (KHTML, like Gecko) Chrome/114.0.0.0 Safari/537.36 Edg/114.0.1823.51
4	2	2	0	0	29556602	0	0	29553960	0	0	26958	Mozilla/5.0 (Linux; Android 6.0.1; Nexus 5X Build/MMB29P) AppleWebKit/537.36 (KHTML, like Gecko) Chrome/145.0.7632.116 Mobile Safari/537.36 (compatible; Googlebot/2.1; +http://www.google.com/bot.html)
4	2	2	0	0	29613763	0	0	29572985	0	0	26958	Mozilla/5.0 (Windows NT 6.1; Win64; x64) AppleWebKit/537.36 (KHTML, like Gecko) Chrome/83.0.4103.61 Safari/537.36
4	5	5	0	17	29552603	0	29546156	29546156	0	29546156	313720	Mozilla/5.0 (Windows NT 10.0; Win64; x64) AppleWebKit/537.36 (KHTML, like Gecko) Chrome/88.0.4240.193 Safari/537.36
4	6	6	0	0	29563770	0	0	29563738	0	0	376464	Mozilla/5.0 (compatible; Dataprovider.com)
4	2	2	0	0	29603617	0	0	29603616	0	0	13479	Mozilla/5.0 (Android 13; Mobile; rv:109.0) Gecko/112.0 Firefox/112.0 AppEngine-Google; (+http://code.google.com/appengine; appid: s~virustotalcloud)
4	0	0	0	1	0	0	29552350	0	0	29552350	0	Mozilla/5.0 (Macintosh; Intel Mac OS X 10_15_7) AppleWebKit/605.1.15 (KHTML, like Gecko) Version/18.0 Safari/605.1.15
4	3	3	0	0	29577004	0	0	29545543	0	0	188232	Mozilla/5.0 (Windows NT 10.0; Win64; x64; rv:123.0) Gecko/20100101 Firefox/123
4	0	0	0	1	0	0	29547641	0	0	29547641	0	Mozilla/5.0 (Windows NT 10.0; Win64; x64; rv:141.0) Gecko/20100101 Firefox/141.0
4	0	0	0	3	0	0	29627798	0	0	29546044	0	Mozilla/5.0 (iPhone; CPU iPhone OS 16_4 like Mac OS X) AppleWebKit/605.1.15 (KHTML, like Gecko) Version/16.4 Mobile/15E148 Safari/604.1
4	0	0	0	55	0	0	29614414	0	0	29546617	0	http://calvarylegal.com/wordpress/wp-admin/setup-config.php
4	4	4	0	0	29619723	0	0	29582300	0	0	229610	RootEvidence/1.0
4	1	1	0	0	29570081	0	0	29570081	0	0	62744	DNSClient
4	1	1	0	0	29614338	0	0	29614338	0	0	62744	Mozilla/5.0 (Fedora; Linux i686) AppleWebKit/537.36 (KHTML, like Gecko) Chrome/121.0.0.0 Safari/537.36
4	1	1	0	0	29546840	0	0	29546840	0	0	0	curl/7.81.0
4	0	0	0	1	0	0	29577127	0	0	29577127	0	Fuzz Faster U Fool v2.1.0
4	2	2	0	0	29615502	0	0	29565305	0	0	125488	curl/8.3.0
4	2	2	0	0	29567036	0	0	29567036	0	0	125488	Mozilla/5.0 (X11; Linux x86_64) AppleWebKit/537.36 (KHTML, like Gecko) Chrome/145.0.0.0 Safari/537.36
4	11	11	0	3	29632811	0	29632811	29632811	0	29632811	61758	Mozilla/5.0 (X11; Linux x86_64) AppleWebKit/537.36 (KHTML, like Gecko; GeedoShopProductFinder) Chrome/142.0.0.0 Safari/537.36
4	1	1	0	0	29583225	0	0	29583225	0	0	62744	Mozilla/5.0 (Windows NT 10.0; Win64; x64) AppleWebKit/537.36 (KHTML, like Gecko) Chrome/123.0.0.0 Safari/537.36 AISearchIndex.space
4	2	2	0	0	29561686	0	0	29561686	0	0	125488	Mozilla/5.0 AppleWebKit/537.36 (KHTML, like Gecko; compatible; Nicecrawler/1.1; +http://www.nicecrawler.com/) Chrome/90.0.4430.97 Safari/537.36
4	0	0	0	1	0	0	29547646	0	0	29547646	0	Mozilla/5.0 (Macintosh; Intel Mac OS X 10_15_7) AppleWebKit/537.36 (KHTML, like Gecko) Chrome/139.0.0.0 Safari/537.36
4	1	1	0	0	29582839	0	0	29582839	0	0	62744	Opera/9.80 (Windows NT 5.1; U; ru) Presto/2.5.22 Version/10.50
4	5	5	0	4	29582839	0	29582839	29570173	0	29570174	313720	Dalvik/2.1.0 (Linux; U; Android 9.0; ZTE BA520 Build/MRA58K)
4	1	1	0	0	29582839	0	0	29582839	0	0	62744	Mozilla/5.0 (Linux; Android 7.0; SM-G9350 Build/NRD90M; wv) AppleWebKit/537.36 (KHTML, like Gecko) Version/4.0 Chrome/53.0.2785.49 Mobile MQQBrowser/6.2 TBS/043307 Safari/537.36 MicroMessenger/6.5.7.1041 NetType/WIFI Language/zh_CN
4	1	1	0	2	29595017	0	29595021	29595017	0	29595017	62744	Mozilla/5.0 (compatible; DotBot/1.1; http://www.opensiteexplorer.org/dotbot, help@moz.com)
4	3	3	0	0	29552369	0	0	29552359	0	0	40437	Mozilla/5.0 (Windows NT 10.0) AppleWebKit/537.36 (KHTML, like Gecko) Chrome/114.0.0.0 Safari/537.36
4	1	1	0	1	29551077	0	29551095	29551077	0	29551095	62744	Mozilla/5.0 (X11; CrOS x86_64 14541.0.0) AppleWebKit/537.36 (KHTML, like Gecko) Chrome/121.0.0.0 Safari/537.3
4	1	1	0	0	29571014	0	0	29571014	0	0	13479	Mozilla/5.0 (Linux; Android 6.0.1; Nexus 5X Build/MMB29P) AppleWebKit/537.36 (KHTML, like Gecko) Chrome/145.0.7632.159 Mobile Safari/537.36 (compatible; Googlebot/2.1; +http://www.google.com/bot.html)
4	2	2	0	0	29615915	0	0	29552478	0	0	125488	Avant Browser/1.2.789rel1 (http://www.avantbrowser.com)
4	2	2	0	0	29589874	0	0	29589206	0	0	125488	Mozilla/5.0 (compatible; NetcraftSurveyAgent/1.0; +info@netcraft.com)
4	1	1	0	5	29546840	0	29546840	29546840	0	29546840	62744	Mozilla/5.0 (X11; Linux x86_64) AppleWebKit/537.36 (KHTML, like Gecko) Chrome/134.0.0.0 Safari/537.3
4	1	1	0	0	29607056	0	0	29607056	0	0	62744	Mozilla/5.0 (Windows NT 6.1; WOW64; rv:10.0.1) Gecko/20100101 Firefox/10.0.1
4	1	1	0	1	29567172	0	29567161	29567172	0	29567161	62744	Mozilla/5.0 (compatible; ips-agent)
4	1	1	0	0	29592624	0	0	29592624	0	0	62744	Mozilla/5.0 (Windows; U; Windows XP) Gecko MultiZilla/1.6.1.0a
4	1	1	0	0	29559610	0	0	29559610	0	0	62744	Mozilla/5.0 (Linux; Android 6.0; ALE-L21 Build/HuaweiALE-L21) AppleWebKit/537.36 (KHTML, like Gecko) Chrome/50.0.2661.89 Mobile Safari/537.36
4	1	1	0	0	29566334	0	0	29566334	0	0	62744	Mozilla/5.0 (Windows NT 6.1; WOW64; rv:33.0) Gecko/20100101 Firefox/33.0
4	0	0	0	62	0	0	29612813	0	0	29546617	0	http://calvarylegal.com/wp-admin/setup-config.php
4	3	3	0	1	29626055	0	29615915	29567671	0	29615915	177549	Mozilla/5.0 (Windows NT 10.0; Win64; x64) AppleWebKit/537.36 (KHTML, like Gecko) Chrome/121.0.0.0 Safari/537.3
4	3	3	0	0	29627965	0	0	29551363	0	0	177549	Mozilla/5.0 (Windows NT 10.0; Win64; x64) AppleWebKit/537.36 (KHTML, like Gecko) Chrome/140.0.0.0 Safari/537.36 Edg/140.0.0.0; 360Spider
4	1	1	0	0	29601815	0	0	29601815	0	0	62744	Mozilla/5.0 (X11; Linux x86_64; rv:83.0) Gecko/20100101 Firefox/83.0
4	10	10	0	0	29627823	0	0	29568885	0	0	606074	User-Agent:Mozilla/5.0 (Windows NT 6.1; WOW64) AppleWebKit/537.36 (KHTML, like Gecko) Chrome/50.0.2661.102 Safari/537.36
4	1	1	0	0	29549486	0	0	29549486	0	0	62744	Mozilla/5.0 (X11; Linux x86_64) AppleWebKit/537.36 (KHTML, like Gecko) Chrome/91.0.4472.77 Safari/537.36
4	1	1	0	0	29582839	0	0	29582839	0	0	62744	Mozilla/4.0 (compatible; MSIE 5.0; Windows NT 6.0; Trident/4.0; SV1; .NET CLR 1.1.4322; msn OptimizedIE8;ZHCN)
4	2	2	0	0	29606614	0	0	29606614	0	0	125488	Mozilla/5.0 (Windows NT 10.0; Win64; x64) AppleWebKit/537.36 (KHTML, like Gecko) Chrome/103.0.0.0 Safari/537.36 OpenWave/97.4.2043.44
4	1	1	0	0	29604298	0	0	29604298	0	0	62744	Mozilla/5.0 (iPhone; U; CPU like Mac OS X; en) AppleWebKit/420  (KHTML, like Gecko) Version/3.0 Mobile/1A543a Safari/419.3
4	1	1	0	0	29589206	0	0	29589206	0	0	62744	Mozilla/5.0 (X11; CrOS x86_64 13982.82.0) AppleWebKit/537.36 (KHTML, like Gecko) Chrome/92.0.4515.157 Safari/537.36
4	1	1	0	0	29599028	0	0	29599028	0	0	62744	Mozilla/5.0 (iPhone; CPU iPhone OS 17_2 like Mac OS X) AppleWebKit/605.1.15 (KHTML, like Gecko) CriOS/120.0.6099.119 Mobile/15E148 Safari/604.1
4	25	25	0	0	29593250	0	0	29567258	0	0	1317624	Ruby
4	11	11	0	87	29626807	0	29632263	29545758	0	29545758	240427	Mozilla/5.0 (compatible; Googlebot/2.1; +http://www.google.com/bot.html)
4	1	1	0	0	29609352	0	0	29609352	0	0	62744	Mozilla/5.0 (Macintosh; Intel Mac OS X 10_15_2) AppleWebKit/537.36 (KHTML, like Gecko) Chrome/79.0.3945.88 Safari/537.36
4	1	1	0	0	29590682	0	0	29590682	0	0	62744	Mozilla/5.0 (Macintosh; PPC Mac OS X 10.8; rv:55.0) Gecko/20100101 Firefox/55.0
4	1	1	0	0	29587892	0	0	29587892	0	0	62744	Mozilla/5.0 (X11; Linux x86_64; rv:102.0) Gecko/20100101 Firefox/102.0
4	0	0	0	2	0	0	29624413	0	0	29624413	0	Mozilla/5.0 (Linux; U; Android 4.4.2; en-US; HM NOTE 1W Build/KOT49H) AppleWebKit/534.30 (KHTML, like Gecko) Version/4.0 UCBrowser/11.0.5.850 U3/0.8.0 Mobile Safari/534.30
4	3	3	0	0	29603678	0	0	29564847	0	0	188232	Mozilla/5.0 (X11; Linux x86_64) AppleWebKit/537.36 (KHTML, like Gecko) Chrome/125.0.0.0 Safari/537.36
4	2	2	0	0	29603886	0	0	29603813	0	0	125488	Mozilla/5.0 (Macintosh; Intel Mac OS X 10_15_7) AppleWebKit/537.36
4	1	1	0	0	29562575	0	0	29562575	0	0	62744	Mozilla/5.0 (X11; Linux x86_64; rv:49.0) Gecko/20100101 Firefox/49.0
4	2	2	0	4	29630296	0	29630296	29627798	0	29546044	104122	Mozilla/5.0 (Windows NT 10.0; Win64; x64) AppleWebKit/537.36 (KHTML, like Gecko) Chrome/115.0.0.0 Safari/537.36
4	1	1	0	0	29561027	0	0	29561027	0	0	62744	Mozilla/5.0 (Windows NT 6.1; WOW64) AppleWebKit/537.36 (KHTML, like Gecko) Chrome/40.0.2214.89 Vivaldi/1.0.94.2 Safari/537.36
4	2	2	0	0	29556841	0	0	29556841	0	0	125488	Mozilla/5.0 (Macintosh; Intel Mac OS X 10.15; rv:109.0) Gecko/20100101 Firefox/119.0
4	0	0	0	9	0	0	29603239	0	0	29603239	0	Mozilla/5.0 (Macintosh; Intel Mac OS X 10.15; rv:77.0) Gecko/20100101 Firefox/77.0
4	5	5	0	2	29627606	0	29627606	29549486	0	29564733	292354	Mozilla/5.0 (Macintosh; Intel Mac OS X 10_15_7) AppleWebKit/605.1.15 (KHTML, like Gecko) Version/17.3.1 Safari/605.1.1
4	9	9	0	1	29584444	0	29575872	29575872	0	29575872	564696	Mozilla/5.0 (X11; Linux aarch64; rv:109.0) Gecko/20100101 Firefox/115.0
4	28	28	0	16	29630658	0	29630658	29547054	0	29547054	1692734	Mozilla/5.0 (X11; Linux x86_64) AppleWebKit/537.36 (KHTML, like Gecko) Chrome/142.0.0.0 Safari/537.36
4	2	2	0	0	29613288	0	0	29570085	0	0	0	node
4	1	1	0	0	29611831	0	0	29611831	0	0	62744	Mozilla/5.0 (Windows NT 10.0; Win64; x64) AppleWebKit/537.36 (KHTML, like Gecko) Chrome/135.0.0.0 Safari/537.36 Edg/135.0.0.0
4	1	1	0	0	29561686	0	0	29561686	0	0	62744	Mozilla/5.0 (X11; Linux x86_64) AppleWebKit/537.36 (KHTML, like Gecko) HeadlessChrome/80.0.3987.132 Safari/537.36
4	1	1	0	0	29553841	0	0	29553841	0	0	62744	Mozilla/5.0 (Linux; Android 12; LE2121) AppleWebKit/537.36 (KHTML, like Gecko) Chrome/101.0.4951.61 Mobile Safari/537.36
4	2	2	0	8	29589691	0	29562775	29549959	0	29546545	125488	Mozilla/5.0
4	1	1	0	0	29623782	0	0	29623782	0	0	52061	Mozilla/5.0 (Windows NT 6.1; Win64; x64) AppleWebKit/537.36 (KHTML, like Gecko) Chrome/78.0.3904.97 Safari/537.36
4	1	1	0	0	29601299	0	0	29601299	0	0	62744	Mozilla/5.0 (Linux; Android 6.0; HTC One M9 Build/MRA58K) AppleWebKit/537.36 (KHTML, like Gecko) Chrome/52.0.2743.98 Mobile Safari/537.36
4	0	0	0	3	0	0	29546044	0	0	29546044	0	Mozilla/5.0 (iPad; CPU OS 16_4 like Mac OS X) AppleWebKit/605.1.15 (KHTML, like Gecko) Version/16.4 Mobile/15E148 Safari/604.1
4	3	3	0	1	29596069	0	29596069	29596069	0	29596069	40437	Mozilla/5.0 (Windows NT 10.0; Win64; x64) AppleWebKit/537.36 (KHTML, like Gecko) Chrome/114.0.0.0 Safari/537.36 Edg/114.0.1264.71
4	0	0	0	2	0	0	29548180	0	0	29548180	0	Mozilla/5.0 (X11; Linux x86_64) AppleWebKit/537.36 (KHTML, like Gecko) Chrome/81.0.4044.129 Safari/537.36
4	1	1	0	0	29621730	0	0	29621730	0	0	52061	Opera/7.50 (Windows ME; U) [en]
4	1	1	0	0	29603121	0	0	29603121	0	0	62744	Mozilla/5.0 (Debian; Linux i686) AppleWebKit/537.36 (KHTML, like Gecko) Chrome/134.0.0.0 Safari/537.36
4	1	1	0	0	29575357	0	0	29575357	0	0	62744	Mozilla/5.0 (Windows NT 10.0; Win64; x64) AppleWebKit/537.36 (KHTML, like Gecko) Chrome/39.0.2171.71 Safari/537.36 Edge/12.0
4	1	1	0	0	29548689	0	0	29548689	0	0	62744	Mozilla/5.0 (Windows NT 10.0; Win64; x64; rv:128.0) Gecko/20100101 Firefox/128.0
4	3	3	0	1	29563133	0	29563133	29563133	0	29563133	40437	Mozilla/5.0 (Windows NT 10.0; Win64; x64; Xbox; Xbox One) AppleWebKit/537.36 (KHTML, like Gecko) Chrome/114.0.0.0 Safari/537.36 Edge/44.18363.8131
4	1	1	0	0	29624334	0	0	29624334	0	0	52061	Mozilla/5.0 (Linux; Android 12; SM-G998B) AppleWebKit/537.36 (KHTML, like Gecko) Chrome/101.0.4951.41 Mobile Safari/537.36
4	3	3	0	1	29625294	0	29571357	29556478	0	29571357	177549	Mozilla/5.0 (Windows NT 6.1; Win64; x64; rv:109.0) Gecko/20100101 Firefox/115
4	1	1	0	0	29620907	0	0	29620907	0	0	52061	Mozilla/5.0 (Windows NT 10.0; Win64; x64) AppleWebKit/537.36 (KHTML, like Gecko) Chrome/120.0.0.0 Safari/0A7EC9
4	6	6	0	0	29626807	0	0	29576825	0	0	74502	Mozilla/5.0 (Linux; Android 6.0.1; Nexus 5X Build/MMB29P) AppleWebKit/537.36 (KHTML, like Gecko) Chrome/99.0.4844.84 Mobile Safari/537.36 (compatible; Googlebot/2.1; +http://www.google.com/bot.html)
4	1	1	0	0	29572104	0	0	29572104	0	0	62744	Mozilla/5.0 (Windows NT 10.0; Win64; x64) AppleWebKit/537.36 (KHTML, like Gecko) Chrome/114.0.0.0 Safari/537.36
4	1	1	0	0	29589760	0	0	29589760	0	0	62744	Mozilla/5.0 (Windows; U; Windows NT 6.0; en-GB; rv:1.9.0.11) Gecko/2009060215 Firefox/3.0.11 (.NET CLR 3.5.30729)
4	1	1	0	5	29545466	0	29545466	29545466	0	29545466	62744	Mozilla/5.0 (Windows NT 6.1; Win64; x64) AppleWebKit/537.36 (KHTML, like Gecko) Chrome/93.0.4577.63 Safari/537.36
4	15	15	0	14	29614887	0	29614887	29546008	0	29546008	941160	Mozilla/5.0 (Windows NT 6.1) AppleWebKit/537.36 (KHTML, like Gecko) Chrome/49.0.2623.112 Safari/537.36
4	1	1	0	0	29555739	0	0	29555739	0	0	62744	python-requests/2.31.0
4	1	1	0	0	29558093	0	0	29558093	0	0	62744	Mozilla/5.0 (iPhone; CPU OS 13_3_1 like Mac OS X) AppleWebKit/605.1.15 (KHTML, like Gecko) FxiOS/28.0  Mobile/15E148 Safari/605.1.15
4	2	2	0	0	29632811	0	0	29632811	0	0	20586	Mozilla/5.0 (Macintosh; Intel Mac OS X 10_15_7) AppleWebKit/537.36 (KHTML, like Gecko) Chrome/135.0.0.0 Safari/537.36
4	3	3	0	0	29609750	0	0	29609745	0	0	188232	Mozilla/5.0 (Macintosh; Intel Mac OS X 10_15_6) AppleWebKit/605.1.15 (KHTML, like Gecko) Version/15.3 Mobile/15E148 Safari/604.1
4	4	4	0	6	29620738	0	29623819	29555242	0	29618026	177549	Mozilla/5.0 (Windows NT 10.0; Win64; x64) AppleWebKit/537.36 (KHTML, like Gecko) Chrome/131.0.0.0 Safari/537.36
4	1	1	0	0	29579778	0	0	29579778	0	0	62744	Mozilla/5.0 (Macintosh; Intel Mac OS X 10_15_7) AppleWebKit/605.1.15 (KHTML, like Gecko) Version/16.2 Safari/605.1.15
4	1	1	0	0	29603683	0	0	29603683	0	0	62744	Mozilla/5.0 (Windows NT 10.0; Win64; x64) AppleWebKit/537.36 (KHTML, like Gecko) Chrome/74.0.3729.169 Safari/537.36,
4	1	1	0	0	29623782	0	0	29623782	0	0	52061	Mozilla/5.0 (Windows NT 10.0; Win64; x64) AppleWebKit/537.36 (KHTML, like Gecko) Chrome/99.0.3809.100 Safari/537.36
4	1	1	0	0	29566334	0	0	29566334	0	0	62744	Mozilla/5.0 (Windows NT 6.1; WOW64; rv:27.3) Gecko/20100101 Firefox/27.3
4	1	1	0	0	29556681	0	0	29556681	0	0	62744	Mozilla/5.0 (iPhone; CPU iPhone OS 11_0 like Mac OS X) AppleWebKit/604.1.38 (KHTML, like Gecko) Version/11.0 Mobile/15A5362a Safari/604.1
4	1	1	0	0	29566854	0	0	29566854	0	0	62744	Mozilla/5.0 (Macintosh; Intel Mac OS X 10_15_7) AppleWebKit/537.36 (KHTML, like Gecko) Chrome/98.0.4758.136 Safari/537.36
4	1	1	0	1	29557982	0	29557982	29557982	0	29557982	62744	Mozilla/5.0 (Windows NT 10.0; Win64; x64) AppleWebKit/537.36 (KHTML, like Gecko) Chrome/122.0.0.0 Safari/537.36 Agency/93.8.2357.5
4	1	1	0	0	29571992	0	0	29571992	0	0	62744	Mozilla/5.0 (Windows NT 10.0; Win64; x64) AppleWebKit/537.36 (KHTML, like Gecko) Chrome/102.0.5005.63 Safari/537.36
4	1	1	0	0	29622245	0	0	29622245	0	0	52061	Mozilla/5.0 (iPhone; CPU iPhone OS 12_3_1 like Mac OS X) AppleWebKit/605.1.15 (KHTML, like Gecko) Mobile/15E148 MicroMessenger/7.0.4(0x17000428) NetType/WIFI Language/zh_CN
4	20	20	0	2	29628361	0	29620162	29584444	0	29568852	1180099	Mozilla/5.0 (Windows NT 10.0; Win64; x64) AppleWebKit/537.36 (KHTML, like Gecko) Chrome/99.0.4844.51 Safari/537.36
4	1	1	0	0	29546598	0	0	29546598	0	0	62744	Mozilla/5.0 (Windows NT 10.0; WOW64) AppleWebKit/537.36 (KHTML, like Gecko) Chrome/86.0.4240.198 Safari/537.36
4	1	1	0	0	29604300	0	0	29604300	0	0	62744	SonyEricssonS500i/R6BC Browser/NetFront/3.3 Profile/MIDP-2.0 Configuration/CLDC-1.1
4	1	1	0	0	29595683	0	0	29595683	0	0	62744	Mozilla/5.0 (Windows NT 6.1; WOW64) AppleWebKit/537.36 (KHTML, like Gecko) Brave Chrome/89.0.4389.105 Safari/537.36
4	9	9	0	0	29632544	0	0	29551942	0	0	554013	Mozilla/5.0 (X11; Linux x86_64) AppleWebKit/537.36 (KHTML, like Gecko) Chrome/105.0.0.0 Safari/537.36
4	1	1	0	0	29561019	0	0	29561019	0	0	62744	Mozilla/5.0 (Linux; Android 11; CPH2373) AppleWebKit/537.36 (KHTML, like Gecko) Chrome/101.0.4951.41 Mobile Safari/537.36
5	1	1	0	0	29571357	0	0	29571357	0	0	62744	5.133.192.212
5	1	1	0	0	29624306	0	0	29624306	0	0	52061	170.106.8.192
5	3	3	0	0	29632502	0	0	29577065	0	0	177549	49.51.72.236
5	2	2	0	1	29567036	0	29567036	29567036	0	29567036	125488	34.92.145.146
5	1	1	0	0	29562058	0	0	29562058	0	0	62744	43.153.102.138
5	1	1	0	0	29567671	0	0	29567671	0	0	62744	5.133.192.193
5	1	1	0	0	29607443	0	0	29607443	0	0	62744	5.133.192.189
5	0	0	0	1	0	0	29566412	0	0	29566412	0	104.23.221.30
5	1	1	0	0	29624334	0	0	29624334	0	0	52061	98.84.110.46
5	2	2	0	0	29626318	0	0	29596188	0	0	114805	43.159.143.190
5	0	0	0	1	0	0	29571357	0	0	29571357	0	5.133.192.187
5	1	1	0	0	29620716	0	0	29620716	0	0	52061	43.157.62.101
5	3	3	0	0	29627156	0	0	29545769	0	0	177549	43.159.143.187
5	1	1	0	1	29617454	0	29617454	29617454	0	29617454	62744	66.132.224.88
5	3	3	0	0	29584604	0	0	29557346	0	0	188232	180.110.203.108
5	5	5	0	0	29623694	0	0	29563629	0	0	292354	43.140.247.223
5	9	9	0	0	29610729	0	0	29549383	0	0	564696	43.165.65.75
5	3	3	0	18	29555943	0	29555943	29555943	0	29555943	188232	34.46.205.146
5	1	1	0	1	29567172	0	29567161	29567172	0	29567161	62744	72.13.46.9
5	1	1	0	0	29558034	0	0	29558034	0	0	62744	34.76.103.88
5	3	3	0	0	29616628	0	0	29565865	0	0	188232	43.153.54.14
5	3	3	0	18	29557219	0	29557219	29557219	0	29557219	188232	34.74.251.101
5	0	0	0	1	0	0	29583431	0	0	29583431	0	27.47.24.126
5	1	1	0	0	29619697	0	0	29619697	0	0	52061	43.153.215.249
5	1	1	0	0	29561496	0	0	29561496	0	0	62744	193.24.123.41
5	3	3	0	0	29611366	0	0	29603886	0	0	188232	43.153.19.83
5	0	0	0	1	0	0	29593132	0	0	29593132	0	5.183.252.236
5	1	1	0	0	29572510	0	0	29572510	0	0	62744	18.207.216.108
5	3	3	0	0	29618964	0	0	29563998	0	0	177549	101.42.46.71
5	1	1	0	0	29555252	0	0	29555252	0	0	62744	13.220.133.136
5	2	2	0	0	29616896	0	0	29616450	0	0	125488	49.51.206.121
5	1	1	0	0	29622245	0	0	29622245	0	0	52061	167.172.254.227
5	0	0	0	1	0	0	29626548	0	0	29626548	0	146.19.39.196
5	2	2	0	0	29555614	0	0	29546281	0	0	125488	43.135.115.233
5	2	2	0	0	29605137	0	0	29583850	0	0	125488	43.130.26.3
5	5	5	0	0	29567385	0	0	29567258	0	0	313720	98.93.98.167
5	1	1	0	0	29612639	0	0	29612639	0	0	62744	43.153.215.224
5	2	2	0	0	29578873	0	0	29556190	0	0	125488	182.44.9.147
5	0	0	0	1	0	0	29631890	0	0	29631890	0	172.70.247.36
5	2	2	0	2	29613440	0	29613440	29613440	0	29613440	125488	152.53.22.210
5	1	1	0	0	29575627	0	0	29575627	0	0	62744	170.106.65.93
5	3	3	0	0	29602986	0	0	29551857	0	0	188232	101.32.15.141
5	1	1	0	0	29614389	0	0	29614389	0	0	62744	5.183.252.196
5	3	3	0	18	29558331	0	29558331	29558331	0	29558331	188232	34.32.177.213
5	4	4	0	0	29611555	0	0	29560444	0	0	250976	43.135.145.77
5	2	2	0	0	29564527	0	0	29548732	0	0	125488	43.153.85.46
5	1	1	0	0	29597103	0	0	29597103	0	0	62744	43.134.73.5
5	1	1	0	16	29546043	0	29546044	29546043	0	29546043	62744	128.90.170.2
5	2	2	0	0	29596089	0	0	29574187	0	0	125488	43.166.130.123
5	1	1	0	0	29584277	0	0	29584277	0	0	62744	43.159.132.207
5	1	1	0	0	29562193	0	0	29562193	0	0	62744	128.90.170.1
5	1	1	0	0	29548248	0	0	29548248	0	0	62744	43.135.145.73
5	1	1	0	0	29552023	0	0	29552023	0	0	62744	179.43.166.250
5	1	1	0	0	29593132	0	0	29593132	0	0	62744	146.19.39.169
5	1	1	0	0	29563107	0	0	29563107	0	0	62744	216.170.118.130
5	0	0	0	3	0	0	29560370	0	0	29545595	0	104.23.217.98
5	3	3	0	0	29584444	0	0	29584444	0	0	188232	146.70.115.165
5	1	1	0	0	29570967	0	0	29570967	0	0	62744	199.244.88.232
5	1	1	0	0	29593309	0	0	29593309	0	0	62744	199.244.88.231
5	2	2	0	0	29609921	0	0	29589691	0	0	125488	199.244.88.229
5	1	1	0	0	29600985	0	0	29600985	0	0	62744	18.207.211.100
5	2	2	0	0	29567994	0	0	29553745	0	0	125488	199.244.88.225
5	8	8	0	0	29614361	0	0	29559710	0	0	501952	14.215.163.132
5	4	4	0	0	29604072	0	0	29604071	0	0	250976	113.78.93.76
5	1	1	0	0	29565739	0	0	29565739	0	0	62744	43.130.105.21
5	1	1	0	0	29632544	0	0	29632544	0	0	52061	199.244.88.222
5	1	1	0	0	29551942	0	0	29551942	0	0	62744	199.244.88.221
5	1	1	0	0	29630620	0	0	29630620	0	0	52061	111.230.233.46
5	1	1	0	0	29609752	0	0	29609752	0	0	62744	199.244.88.219
5	6	6	0	0	29589683	0	0	29589206	0	0	376464	184.94.240.88
5	2	2	0	0	29583356	0	0	29545524	0	0	125488	150.109.230.210
5	2	2	0	0	29582839	0	0	29582839	0	0	125488	112.125.120.10
5	1	1	0	0	29595825	0	0	29595825	0	0	62744	185.81.145.157
5	0	0	0	1	0	0	29559403	0	0	29559403	0	34.145.35.85
5	2	2	0	0	29618864	0	0	29591735	0	0	114805	43.167.241.46
5	3	3	0	18	29545743	0	29545743	29545743	0	29545743	188232	34.6.156.126
5	1	1	0	0	29616450	0	0	29616450	0	0	62744	66.132.195.94
5	1	1	0	0	29571587	0	0	29571587	0	0	62744	117.177.193.98
5	2	2	0	0	29617347	0	0	29553536	0	0	125488	125.94.144.102
5	3	3	0	0	29608797	0	0	29550020	0	0	188232	182.44.10.67
5	1	1	0	1	29621261	0	29596236	29621261	0	29596236	52061	43.157.20.63
5	3	3	0	0	29581945	0	0	29554625	0	0	188232	43.157.142.101
5	0	0	0	43	0	0	29632265	0	0	29549996	0	104.23.221.207
5	1	1	0	0	29616401	0	0	29616401	0	0	62744	66.132.172.218
5	0	0	0	34	0	0	29632918	0	0	29548702	0	104.23.221.206
5	1	1	0	0	29626193	0	0	29626193	0	0	52061	162.14.66.219
5	1	1	0	0	29608483	0	0	29608483	0	0	62744	146.19.91.41
5	0	0	0	1	0	0	29557982	0	0	29557982	0	93.158.127.79
5	0	0	0	1	0	0	29609041	0	0	29609041	0	104.23.221.189
5	1	1	0	0	29603682	0	0	29603682	0	0	62744	102.129.152.89
5	1	1	0	0	29616450	0	0	29616450	0	0	62744	66.132.172.197
5	1	1	0	1	29624824	0	29624824	29624824	0	29624824	52061	64.227.180.142
5	1	1	0	1	29594051	0	29594051	29594051	0	29594051	62744	66.132.172.196
5	1	1	0	1	29581456	0	29581456	29581456	0	29581456	62744	66.132.195.64
5	1	1	0	0	29624463	0	0	29624463	0	0	52061	129.226.94.52
5	1	1	0	0	29572291	0	0	29572291	0	0	62744	54.161.38.67
5	1	1	0	0	29616450	0	0	29616450	0	0	62744	66.132.172.191
5	1	1	0	0	29568917	0	0	29568917	0	0	62744	185.13.99.111
5	2	2	0	0	29615915	0	0	29595718	0	0	125488	43.159.149.56
5	2	2	0	0	29607056	0	0	29607056	0	0	125488	44.207.0.77
5	0	0	0	1	0	0	29626804	0	0	29626804	0	146.19.91.25
5	1	1	0	0	29603624	0	0	29603624	0	0	62744	52.34.76.65
5	5	5	0	0	29618213	0	0	29551432	0	0	303037	119.28.89.249
5	1	1	0	1	29628067	0	29628067	29628067	0	29628067	52061	66.132.172.187
5	3	3	0	0	29583071	0	0	29567258	0	0	188232	100.49.108.228
5	1	1	0	1	29591855	0	29591855	29591855	0	29591855	62744	66.132.195.51
5	1	1	0	0	29627823	0	0	29627823	0	0	52061	106.118.105.143
5	1	1	0	0	29617816	0	0	29617816	0	0	52061	93.158.90.74
5	0	0	0	1	0	0	29631687	0	0	29631687	0	104.28.164.218
5	1	1	0	0	29600558	0	0	29600558	0	0	62744	93.158.90.73
5	0	0	0	1	0	0	29615915	0	0	29615915	0	93.158.90.71
5	1	1	0	0	29615915	0	0	29615915	0	0	62744	93.158.90.70
5	0	0	0	1	0	0	29605881	0	0	29605881	0	93.158.90.69
5	2	2	0	0	29605881	0	0	29588731	0	0	125488	93.158.90.68
5	1	1	0	0	29570812	0	0	29570812	0	0	62744	66.132.195.43
5	1	1	0	0	29585499	0	0	29585499	0	0	62744	93.158.90.67
5	5	5	0	0	29616478	0	0	29546824	0	0	313720	43.153.204.189
5	1	1	0	0	29556478	0	0	29556478	0	0	62744	93.158.90.66
5	1	1	0	1	29609072	0	29576080	29609072	0	29576080	62744	170.106.35.187
5	1	1	0	0	29624432	0	0	29624432	0	0	52061	43.133.60.72
5	0	0	0	4	0	0	29630625	0	0	29620234	0	172.71.164.57
5	0	0	0	3	0	0	29630249	0	0	29573627	0	172.71.164.56
5	4	4	0	0	29618673	0	0	29545973	0	0	229610	43.155.195.141
5	1	1	0	2	29577628	0	29632263	29577628	0	29572851	13479	66.249.76.69
5	0	0	0	2	0	0	29575641	0	0	29574224	0	66.249.76.68
5	2	2	0	0	29626283	0	0	29601634	0	0	114805	43.130.67.33
5	3	3	0	18	29563124	0	29563124	29563124	0	29563124	188232	34.61.29.208
5	1	1	0	0	29600059	0	0	29600059	0	0	62744	98.90.210.252
5	0	0	0	1	0	0	29561375	0	0	29561375	0	170.64.193.115
5	1	1	0	0	29562037	0	0	29562037	0	0	62744	178.211.57.76
5	1	1	0	0	29627147	0	0	29627147	0	0	52061	54.144.222.67
5	1	1	0	0	29603121	0	0	29603121	0	0	62744	107.172.58.36
5	1	1	0	0	29627606	0	0	29627606	0	0	52061	93.158.90.40
5	0	0	0	1	0	0	29627606	0	0	29627606	0	93.158.90.37
5	2	2	0	0	29561027	0	0	29561019	0	0	125488	18.235.234.117
5	1	1	0	0	29615915	0	0	29615915	0	0	62744	170.106.35.153
5	0	0	0	4	0	0	29605947	0	0	29584619	0	66.249.76.41
5	1	1	0	1	29594311	0	29602833	29594311	0	29602833	13479	66.249.76.40
5	1	1	0	1	29602226	0	29602226	29602226	0	29602226	62744	66.132.172.132
5	1	1	0	0	29625231	0	0	29625231	0	0	52061	43.130.117.94
5	1	1	0	0	29546386	0	0	29546386	0	0	62744	43.153.71.132
5	1	1	0	1	29606471	0	29606471	29606471	0	29606471	62744	199.45.155.105
5	0	0	0	1	0	0	29575177	0	0	29575177	0	162.158.110.209
5	0	0	0	1	0	0	29546616	0	0	29546616	0	64.226.81.7
5	1	1	0	0	29626804	0	0	29626804	0	0	52061	5.181.169.66
5	5	5	0	0	29626429	0	0	29555553	0	0	303037	43.155.129.131
5	0	0	0	1	0	0	29561245	0	0	29561245	0	152.42.237.126
5	2	2	0	0	29630517	0	0	29559786	0	0	114805	170.106.35.137
5	1	1	0	0	29582839	0	0	29582839	0	0	62744	199.45.155.101
5	3	3	0	0	29600074	0	0	29551363	0	0	188232	43.130.139.177
5	1	1	0	0	29555847	0	0	29555847	0	0	62744	170.106.180.246
5	1	1	0	0	29593250	0	0	29593250	0	0	62744	216.246.100.113
5	2	2	0	0	29625507	0	0	29582839	0	0	114805	49.51.50.147
5	2	2	0	0	29567312	0	0	29567249	0	0	125488	100.31.79.133
5	1	1	0	0	29566334	0	0	29566334	0	0	62744	82.80.249.235
5	3	3	0	1	29626453	0	29575937	29565934	0	29575937	177549	43.166.226.57
5	1	1	0	0	29557907	0	0	29557907	0	0	62744	93.159.230.28
5	5	5	0	0	29627655	0	0	29545673	0	0	303037	124.156.226.179
5	1	1	0	1	29552983	0	29552983	29552983	0	29552983	62744	64.226.86.84
5	1	1	0	0	29624822	0	0	29624822	0	0	52061	5.181.169.42
5	0	0	0	1	0	0	29606995	0	0	29606995	0	185.61.216.61
5	4	4	0	0	29622245	0	0	29622245	0	0	208244	120.239.230.42
5	1	1	0	15	29564240	0	29564240	29564240	0	29564240	62744	34.145.82.53
5	6	6	0	0	29612792	0	0	29553902	0	0	376464	182.42.111.213
5	1	1	0	0	29546008	0	0	29546008	0	0	62744	223.199.166.190
5	1	1	0	0	29627806	0	0	29627806	0	0	52061	43.130.139.136
5	2	2	0	0	29606302	0	0	29572589	0	0	125488	43.135.142.37
5	2	2	0	4	29566334	0	29566335	29566334	0	29566334	125488	82.80.249.195
5	4	4	0	0	29627707	0	0	29548865	0	0	240293	162.62.213.187
5	1	1	0	0	29553841	0	0	29553841	0	0	62744	3.86.247.53
5	2	2	0	0	29604300	0	0	29604298	0	0	125488	54.209.251.81
5	6	6	0	0	29619870	0	0	29547299	0	0	365781	43.133.91.48
5	2	2	0	0	29575653	0	0	29567042	0	0	125488	49.51.38.193
5	1	1	0	0	29627790	0	0	29627790	0	0	0	18.201.245.215
5	2	2	0	0	29580208	0	0	29561954	0	0	125488	43.155.27.244
5	2	2	0	0	29601600	0	0	29571906	0	0	125488	43.166.226.186
5	2	2	0	0	29592124	0	0	29573990	0	0	125488	43.157.180.116
5	0	0	0	1	0	0	29619775	0	0	29619775	0	172.69.150.84
5	1	1	0	0	29591280	0	0	29591280	0	0	62744	49.51.183.84
5	2	2	0	1	29573296	0	29565787	29564045	0	29565787	125488	162.62.213.165
5	1	1	0	0	29575890	0	0	29575890	0	0	62744	182.40.104.255
5	0	0	0	1	0	0	29592735	0	0	29592735	0	175.19.74.175
5	4	4	0	0	29624183	0	0	29622686	0	0	41172	34.42.160.208
5	1	1	0	0	29608411	0	0	29608411	0	0	62744	205.210.31.228
5	0	0	0	1	0	0	29591165	0	0	29591165	0	205.210.31.227
5	5	5	0	0	29632811	0	0	29554306	0	0	303037	49.233.45.47
5	2	2	0	0	29625303	0	0	29624370	0	0	104122	129.226.217.17
5	3	3	0	0	29616450	0	0	29562847	0	0	188232	182.42.111.156
5	1	1	0	0	29601151	0	0	29601151	0	0	62744	184.72.144.88
5	1	1	0	1	29573080	0	29573080	29573080	0	29573080	62744	174.138.7.174
5	2	2	0	0	29597284	0	0	29555593	0	0	125488	170.106.180.153
5	2	2	0	0	29566854	0	0	29566841	0	0	125488	100.25.0.114
5	0	0	0	7	0	0	29632140	0	0	29620485	0	162.158.110.103
5	1	1	0	0	29567267	0	0	29567267	0	0	62744	54.209.251.36
5	1	1	0	0	29575896	0	0	29575896	0	0	62744	170.106.84.136
5	0	0	0	2	0	0	29626608	0	0	29620546	0	162.158.110.102
5	3	3	0	0	29583447	0	0	29581442	0	0	188232	121.29.51.28
5	1	1	0	0	29582839	0	0	29582839	0	0	62744	170.106.180.139
5	2	2	0	0	29603886	0	0	29603813	0	0	125488	208.115.211.186
5	0	0	0	1	0	0	29579406	0	0	29579406	0	45.148.10.4
5	2	2	0	0	29551203	0	0	29545453	0	0	125488	170.106.73.216
5	4	4	0	0	29611998	0	0	29556148	0	0	250976	43.154.140.188
5	2	2	0	0	29554609	0	0	29547181	0	0	125488	43.153.54.138
5	0	0	0	1	0	0	29581418	0	0	29581418	0	150.255.253.188
5	1	1	0	0	29618093	0	0	29618093	0	0	52061	43.134.40.189
5	1	1	0	0	29630111	0	0	29630111	0	0	52061	98.83.147.108
5	3	3	0	0	29598191	0	0	29584178	0	0	188232	49.51.33.159
5	5	5	0	0	29609064	0	0	29549244	0	0	313720	43.138.68.113
5	2	2	0	0	29601301	0	0	29601299	0	0	125488	52.86.193.55
5	0	0	0	1	0	0	29624822	0	0	29624822	0	147.78.182.49
5	2	2	0	0	29622245	0	0	29569221	0	0	114805	182.42.105.144
5	1	1	0	0	29589316	0	0	29589316	0	0	62744	138.197.139.238
5	1	1	0	0	29596165	0	0	29596165	0	0	62744	43.130.16.212
5	1	1	0	0	29555212	0	0	29555212	0	0	62744	192.71.126.53
5	2	2	0	0	29618042	0	0	29584665	0	0	114805	49.51.183.15
5	3	3	0	1	29596069	0	29596069	29596069	0	29596069	40437	182.69.181.62
5	0	0	0	1	0	0	29597062	0	0	29597062	0	147.78.182.38
5	0	0	0	1	0	0	29564356	0	0	29564356	0	172.68.10.220
5	1	1	0	0	29567277	0	0	29567277	0	0	62744	34.227.86.138
5	1	1	0	0	29565305	0	0	29565305	0	0	62744	18.117.90.85
5	1	1	0	0	29594288	0	0	29594288	0	0	62744	43.128.103.68
5	4	4	0	0	29624498	0	0	29560906	0	0	229610	182.43.70.143
5	1	1	0	0	29569868	0	0	29569868	0	0	62744	170.106.165.76
5	1	1	0	0	29582959	0	0	29582959	0	0	62744	43.130.71.237
5	2	2	0	2	29545758	0	29545758	29545758	0	29545758	125488	35.197.144.66
5	0	0	0	1	0	0	29631004	0	0	29631004	0	172.68.10.201
5	0	0	0	4	0	0	29632585	0	0	29629378	0	172.68.10.200
5	1	1	0	0	29570166	0	0	29570166	0	0	62744	183.208.200.54
5	2	2	0	0	29550946	0	0	29550942	0	0	125488	3.81.91.120
5	0	0	0	1	0	0	29610343	0	0	29610343	0	172.70.248.123
5	0	0	0	6	0	0	29625787	0	0	29554581	0	172.70.248.122
5	1	1	0	0	29593376	0	0	29593376	0	0	62744	36.143.32.181
5	2	2	0	1	29561782	0	29561785	29561776	0	29561785	125488	34.147.13.82
5	1	1	0	0	29565874	0	0	29565874	0	0	62744	43.130.16.140
5	3	3	0	1	29592045	0	29555827	29558255	0	29555827	188232	43.156.109.53
5	0	0	0	1	0	0	29557907	0	0	29557907	0	104.28.159.67
5	1	1	0	0	29631747	0	0	29631747	0	0	52061	43.161.251.162
5	1	1	0	0	29617107	0	0	29617107	0	0	62744	170.106.163.155
5	4	4	0	0	29606251	0	0	29563089	0	0	250976	43.173.1.69
5	1	1	0	0	29616503	0	0	29616503	0	0	62744	49.51.195.195
5	1	1	0	0	29632811	0	0	29632811	0	0	52061	43.164.0.96
5	1	1	0	0	29587892	0	0	29587892	0	0	62744	46.138.250.165
5	1	1	0	0	29626493	0	0	29626493	0	0	52061	43.165.7.132
5	4	4	0	0	29627776	0	0	29587858	0	0	229610	43.173.1.57
5	1	1	0	0	29557616	0	0	29557616	0	0	62744	170.106.152.218
5	1	1	0	0	29612800	0	0	29612800	0	0	62744	3.91.250.164
5	3	3	0	0	29621664	0	0	29607563	0	0	177549	182.42.105.85
5	3	3	0	0	29601852	0	0	29565914	0	0	188232	43.128.149.102
5	1	1	0	0	29626483	0	0	29626483	0	0	52061	43.166.128.187
5	1	1	0	0	29572272	0	0	29572272	0	0	62744	54.174.245.213
5	6	6	0	0	29610467	0	0	29565305	0	0	376464	43.166.238.12
5	1	1	0	16	29547927	0	29547927	29547927	0	29547927	62744	34.139.67.36
5	1	1	0	15	29562452	0	29562452	29562452	0	29562452	62744	34.31.23.43
5	2	2	0	0	29549923	0	0	29549889	0	0	125488	20.98.104.241
5	2	2	0	0	29598396	0	0	29565546	0	0	125488	43.166.128.86
5	1	1	0	0	29593175	0	0	29593175	0	0	62744	43.153.107.22
5	0	0	0	2	0	0	29610904	0	0	29610904	0	172.71.184.202
5	2	2	0	0	29581141	0	0	29581141	0	0	125488	3.86.18.170
5	1	1	0	0	29594570	0	0	29594570	0	0	62744	185.81.144.91
5	1	1	0	0	29551828	0	0	29551828	0	0	62744	144.31.25.220
5	3	3	0	0	29626814	0	0	29575262	0	0	177549	43.156.156.96
5	2	2	0	0	29611648	0	0	29599557	0	0	125488	51.210.216.21
5	1	1	0	0	29589691	0	0	29589691	0	0	62744	103.115.64.35
5	1	1	0	0	29629871	0	0	29629871	0	0	52061	162.14.109.170
5	1	1	0	0	29559004	0	0	29559004	0	0	62744	43.130.60.195
5	3	3	0	0	29608072	0	0	29565715	0	0	188232	43.153.10.83
5	2	2	0	0	29610631	0	0	29608750	0	0	125488	43.159.136.201
5	2	2	0	0	29584444	0	0	29584444	0	0	125488	207.241.225.91
5	2	2	0	0	29584444	0	0	29584444	0	0	125488	207.241.225.90
5	1	1	0	0	29578140	0	0	29578140	0	0	62744	43.166.134.114
5	1	1	0	1	29582839	0	29582839	29582839	0	29582839	62744	121.237.36.31
5	1	1	0	0	29615502	0	0	29615502	0	0	62744	18.191.206.71
5	1	1	0	0	29600716	0	0	29600716	0	0	62744	43.135.185.59
5	1	1	0	0	29567036	0	0	29567036	0	0	62744	43.153.26.165
5	1	1	0	0	29582839	0	0	29582839	0	0	62744	121.237.36.28
5	3	3	0	0	29631853	0	0	29603654	0	0	177549	43.157.38.228
5	1	1	0	0	29582839	0	0	29582839	0	0	62744	121.237.36.27
5	5	5	0	0	29616951	0	0	29578453	0	0	313720	120.71.59.24
5	14	14	0	6	29550642	0	29545424	29545421	0	29545421	133684	176.65.148.161
5	1	1	0	0	29585248	0	0	29585248	0	0	62744	35.171.162.226
5	4	4	0	0	29613147	0	0	29549703	0	0	250976	43.128.67.187
5	1	1	0	1	29555686	0	29555686	29555686	0	29555686	62744	139.59.61.131
5	0	0	0	1	0	0	29627736	0	0	29627736	0	172.64.192.180
5	2	2	0	1	29575879	0	29575872	29575872	0	29575872	125488	31.13.189.231
5	1	1	0	0	29576772	0	0	29576772	0	0	62744	34.30.24.250
5	0	0	0	1	0	0	29603753	0	0	29603753	0	44.247.149.100
5	4	4	0	0	29626298	0	0	29545504	0	0	240293	43.130.101.151
5	1	1	0	0	29551077	0	0	29551077	0	0	62744	192.36.226.103
5	1	1	0	0	29617157	0	0	29617157	0	0	62744	43.128.73.132
5	1	1	0	0	29573118	0	0	29573118	0	0	62744	213.55.240.147
5	2	2	0	0	29572986	0	0	29572985	0	0	76223	205.169.39.182
5	1	1	0	0	29599028	0	0	29599028	0	0	62744	185.191.127.188
5	0	0	0	1	0	0	29579763	0	0	29579763	0	192.121.134.92
5	1	1	0	0	29627965	0	0	29627965	0	0	52061	180.153.236.94
5	3	3	0	0	29616951	0	0	29560335	0	0	188232	46.228.199.158
5	3	3	0	0	29573696	0	0	29550212	0	0	188232	43.134.141.244
5	1	1	0	1	29547057	0	29547057	29547057	0	29547057	62744	216.123.194.197
5	1	1	0	0	29545429	0	0	29545429	0	0	62744	43.135.135.57
5	1	1	0	0	29580638	0	0	29580638	0	0	62744	43.157.98.187
5	1	1	0	0	29567313	0	0	29567313	0	0	62744	52.55.239.157
5	1	1	0	0	29570081	0	0	29570081	0	0	62744	16.144.246.151
5	0	0	0	1	0	0	29614396	0	0	29614396	0	185.81.144.14
5	0	0	0	1	0	0	29624413	0	0	29624413	0	216.24.219.163
5	2	2	0	2	29562991	0	29562991	29562991	0	29562991	125488	152.53.21.162
5	1	1	0	0	29608727	0	0	29608727	0	0	62744	191.102.154.39
5	5	5	0	0	29619326	0	0	29555828	0	0	303037	36.111.67.189
5	1	1	0	0	29597298	0	0	29597298	0	0	62744	146.19.44.103
5	1	1	0	0	29601083	0	0	29601083	0	0	62744	180.153.236.75
5	2	2	0	0	29617577	0	0	29553875	0	0	114805	43.133.14.237
5	0	0	0	7	0	0	29632585	0	0	29619338	0	172.71.184.107
5	0	0	0	15	0	0	29629704	0	0	29618016	0	172.71.184.106
5	2	2	0	0	29616652	0	0	29545640	0	0	125488	170.106.143.6
5	2	2	0	0	29594693	0	0	29553244	0	0	125488	43.153.10.13
5	2	2	0	0	29621871	0	0	29603018	0	0	114805	43.155.140.157
5	1	1	0	0	29559695	0	0	29559695	0	0	0	3.16.215.198
5	0	0	0	1	0	0	29565944	0	0	29565944	0	43.130.111.40
5	1	1	0	1	29549831	0	29549831	29549831	0	29549831	62744	68.183.86.108
5	0	0	0	1	0	0	29605137	0	0	29605137	0	2a06:98c0:3600::103
5	1	1	0	1	29595899	0	29595899	29595899	0	29595899	62744	66.244.74.69
5	3	3	0	0	29559579	0	0	29559565	0	0	40437	116.206.156.120
5	1	1	0	0	29562393	0	0	29562393	0	0	62744	146.190.11.185
5	1	1	0	0	29603617	0	0	29603617	0	0	62744	18.216.234.55
5	0	0	0	1	0	0	29624413	0	0	29624413	0	216.24.219.145
5	1	1	0	0	29581835	0	0	29581835	0	0	62744	180.153.236.59
5	1	1	0	0	29599207	0	0	29599207	0	0	62744	180.153.236.60
5	1	1	0	0	29568885	0	0	29568885	0	0	62744	112.32.239.209
5	1	1	0	0	29584444	0	0	29584444	0	0	62744	103.108.231.24
5	1	1	0	1	29630658	0	29630658	29630658	0	29630658	52061	142.93.152.4
5	1	1	0	0	29614694	0	0	29614694	0	0	62744	180.153.236.49
5	1	1	0	0	29566771	0	0	29566771	0	0	62744	180.153.236.46
5	1	1	0	0	29558351	0	0	29558351	0	0	62744	104.198.71.160
5	0	0	0	1	0	0	29547641	0	0	29547641	0	185.220.101.99
5	2	2	0	1	29599327	0	29616572	29567645	0	29616572	125488	43.157.38.131
5	3	3	0	0	29626472	0	0	29554934	0	0	177549	43.156.232.190
5	2	2	0	0	29616493	0	0	29596012	0	0	125488	43.130.57.76
5	2	2	0	0	29584051	0	0	29584046	0	0	125488	54.197.45.196
5	0	0	0	1	0	0	29557468	0	0	29557468	0	72.56.188.75
5	1	1	0	0	29560906	0	0	29560906	0	0	62744	180.153.236.38
5	1	1	0	0	29605137	0	0	29605137	0	0	62744	203.2.64.59
5	1	1	0	0	29624183	0	0	29624183	0	0	52061	52.91.59.96
5	1	1	0	0	29624026	0	0	29624026	0	0	52061	180.153.236.34
5	1	1	0	0	29601634	0	0	29601634	0	0	62744	116.179.33.14
5	2	2	0	0	29616641	0	0	29584389	0	0	125488	43.166.247.155
5	1	1	0	0	29559674	0	0	29559674	0	0	0	3.149.26.102
5	1	1	0	0	29601634	0	0	29601634	0	0	62744	116.179.33.13
5	2	2	0	0	29567354	0	0	29567294	0	0	125488	3.92.190.19
5	1	1	0	0	29621252	0	0	29621252	0	0	52061	180.153.236.29
5	1	1	0	0	29621053	0	0	29621053	0	0	52061	43.166.242.189
5	1	1	0	0	29615915	0	0	29615915	0	0	62744	180.153.236.26
5	1	1	0	0	29615915	0	0	29615915	0	0	62744	180.153.236.25
5	0	0	0	1	0	0	29546545	0	0	29546545	0	143.244.132.112
5	3	3	0	0	29617327	0	0	29555542	0	0	188232	43.133.220.37
5	2	2	0	0	29610556	0	0	29563209	0	0	125488	119.96.24.54
5	2	2	0	0	29595574	0	0	29559761	0	0	125488	43.157.82.252
5	1	1	0	0	29605137	0	0	29605137	0	0	62744	24.199.126.211
5	1	1	0	0	29598696	0	0	29598696	0	0	62744	43.130.37.243
5	1	1	0	15	29556637	0	29556637	29556637	0	29556637	62744	34.139.152.37
5	1	1	0	0	29621250	0	0	29621250	0	0	52061	180.153.236.17
5	2	2	0	0	29613763	0	0	29613763	0	0	76223	205.169.39.100
5	1	1	0	1	29564404	0	29564404	29564404	0	29564404	62744	144.126.206.179
5	1	1	0	0	29584444	0	0	29584444	0	0	62744	72.56.188.49
5	1	1	0	0	29621805	0	0	29621805	0	0	52061	144.126.201.230
5	1	1	0	0	29616692	0	0	29616692	0	0	62744	43.135.182.95
5	1	1	0	0	29612954	0	0	29612954	0	0	62744	43.130.57.46
5	0	0	0	1	0	0	29581418	0	0	29581418	0	121.29.149.48
5	2	1	0	0	29627618	0	0	29627618	0	0	185752	54.71.187.124
5	1	1	0	0	29615915	0	0	29615915	0	0	62744	180.153.236.10
5	1	1	0	0	29563942	0	0	29563942	0	0	62744	43.152.72.247
5	4	4	0	0	29613996	0	0	29613982	0	0	250976	185.70.54.104
5	0	0	0	1	0	0	29622408	0	0	29622408	0	5.181.168.212
5	2	2	0	0	29606282	0	0	29589678	0	0	125488	43.152.72.244
5	1	1	0	0	29563107	0	0	29563107	0	0	13479	78.138.63.67
5	1	1	0	0	29547026	0	0	29547026	0	0	62744	34.133.204.169
5	1	1	0	0	29618521	0	0	29618521	0	0	52061	129.226.151.24
5	6	6	0	0	29605696	0	0	29551987	0	0	376464	125.75.66.97
5	2	2	0	0	29626331	0	0	29592409	0	0	114805	49.51.243.156
5	1	1	0	0	29618521	0	0	29618521	0	0	52061	43.156.232.134
5	1	1	0	1	29562643	0	29562643	29562643	0	29562643	62744	199.45.154.127
5	0	0	0	1	0	0	29622245	0	0	29622245	0	202.46.62.117
5	1	1	0	0	29567195	0	0	29567195	0	0	62744	173.66.2.76
5	0	0	0	2	0	0	29611819	0	0	29547983	0	162.158.111.82
5	1	1	0	0	29609940	0	0	29609940	0	0	62744	13.222.159.208
5	2	2	0	0	29603279	0	0	29597646	0	0	125488	43.130.32.245
5	0	0	0	3	0	0	29612810	0	0	29572397	0	162.158.111.81
5	1	1	0	0	29632811	0	0	29632811	0	0	10293	35.209.217.255
5	1	1	0	1	29619146	0	29619146	29619146	0	29619146	52061	199.45.154.119
5	3	3	0	17	29546156	0	29546156	29546156	0	29546156	188232	193.32.126.230
5	1	1	0	0	29573500	0	0	29573500	0	0	62744	43.155.188.157
5	0	0	0	1	0	0	29601634	0	0	29601634	0	202.46.62.109
5	0	0	0	1	0	0	29584444	0	0	29584444	0	202.46.62.107
5	2	2	0	0	29567343	0	0	29567319	0	0	125488	18.209.248.120
5	0	0	0	1	0	0	29624153	0	0	29624153	0	202.46.62.103
5	3	3	0	0	29615513	0	0	29560094	0	0	188232	182.42.110.255
5	3	3	0	0	29613278	0	0	29549034	0	0	188232	43.157.148.38
5	3	3	0	0	29626513	0	0	29560335	0	0	177549	43.135.182.43
5	3	3	0	0	29623638	0	0	29557508	0	0	177549	101.32.52.164
5	1	1	0	0	29604560	0	0	29604560	0	0	62744	213.232.121.231
5	2	0	0	0	29545416	0	0	29545416	0	0	174	23.178.112.105
5	0	0	0	1	0	0	29546008	0	0	29546008	0	123.245.84.126
5	1	1	0	0	29617597	0	0	29617597	0	0	52061	43.134.186.61
5	8	8	0	0	29609971	0	0	29558345	0	0	501952	43.165.67.57
5	1	1	0	0	29559058	0	0	29559058	0	0	62744	139.212.70.18
5	1	1	0	0	29558027	0	0	29558027	0	0	62744	34.62.169.66
5	3	3	0	0	29606103	0	0	29559610	0	0	188232	49.51.233.95
5	1	1	0	0	29576595	0	0	29576595	0	0	62744	185.247.137.234
5	3	3	0	0	29626524	0	0	29581228	0	0	188306	124.156.225.181
5	1	1	0	0	29616531	0	0	29616531	0	0	62744	43.134.49.216
5	2	2	0	1	29558136	0	29558136	29558136	0	29558136	62744	3.128.179.83
5	1	1	0	0	29620907	0	0	29620907	0	0	52061	115.37.57.173
5	3	3	0	0	29616710	0	0	29567514	0	0	188232	43.156.228.27
5	1	1	0	0	29556681	0	0	29556681	0	0	62744	52.55.143.87
5	1	1	0	0	29611831	0	0	29611831	0	0	62744	18.236.119.132
5	3	3	0	0	29566883	0	0	29546225	0	0	188232	3.151.194.164
5	1	1	0	0	29598778	0	0	29598778	0	0	62744	89.124.106.82
5	1	1	0	0	29622485	0	0	29622485	0	0	52061	185.247.137.218
5	0	0	0	1	0	0	29549783	0	0	29549783	0	3.230.122.209
5	2	2	0	0	29610209	0	0	29573786	0	0	125488	43.153.87.54
5	9	9	0	0	29612134	0	0	29552604	0	0	564696	43.165.65.180
5	1	1	0	1	29617105	0	29617105	29617105	0	29617105	62744	66.132.224.226
5	1	1	0	0	29571992	0	0	29571992	0	0	62744	3.82.234.136
5	0	0	0	1	0	0	29622245	0	0	29622245	0	202.46.62.2
5	2	2	0	0	29554290	0	0	29549786	0	0	125488	170.106.113.235
5	1	1	0	0	29589206	0	0	29589206	0	0	62744	34.245.116.65
5	1	1	0	0	29570085	0	0	29570085	0	0	0	35.92.241.107
5	0	0	0	5	0	0	29618026	0	0	29618026	0	213.209.159.185
5	1	1	0	0	29581418	0	0	29581418	0	0	62744	218.58.15.250
5	2	2	0	0	29595683	0	0	29595653	0	0	125488	18.205.25.77
5	1	1	0	0	29600515	0	0	29600515	0	0	62744	43.135.36.201
5	1	1	0	0	29598711	0	0	29598711	0	0	62744	43.157.22.109
5	1	1	0	0	29592075	0	0	29592075	0	0	62744	49.51.233.46
5	1	1	0	0	29567412	0	0	29567412	0	0	62744	64.23.137.100
5	4	4	0	0	29627640	0	0	29546676	0	0	240293	43.166.247.82
5	1	1	0	0	29547390	0	0	29547390	0	0	62744	167.99.104.235
5	1	1	0	0	29627986	0	0	29627986	0	0	0	54.154.12.125
5	1	1	0	0	29581931	0	0	29581931	0	0	62744	185.247.137.167
5	4	4	0	0	29584444	0	0	29584444	0	0	250976	120.228.234.199
5	0	0	0	1	0	0	29617414	0	0	29617414	0	157.22.102.200
5	1	1	0	1	29607714	0	29607714	29607714	0	29607714	62744	134.122.53.30
5	1	1	0	0	29626347	0	0	29626347	0	0	62818	43.165.65.117
5	1	1	0	0	29616450	0	0	29616450	0	0	62744	43.155.26.193
5	3	3	0	1	29604585	0	29545472	29553076	0	29545472	188232	43.153.47.201
5	3	3	0	0	29616908	0	0	29576019	0	0	188232	43.157.22.57
5	0	0	0	1	0	0	29567465	0	0	29567465	0	17.246.19.15
5	1	1	0	0	29576617	0	0	29576617	0	0	62744	170.106.113.159
5	1	1	0	0	29618061	0	0	29618061	0	0	52061	43.134.5.250
5	1	0	0	0	29545416	0	0	29545416	0	0	87	44.243.103.66
5	1	1	0	0	29557982	0	0	29557982	0	0	62744	93.158.71.185
5	2	2	0	0	29584444	0	0	29550927	0	0	125488	170.106.167.214
5	1	1	0	0	29590160	0	0	29590160	0	0	62744	66.29.156.225
5	1	1	0	0	29618521	0	0	29618521	0	0	52061	43.156.225.86
5	3	3	0	0	29609807	0	0	29588122	0	0	188232	122.51.236.174
5	4	4	0	0	29597227	0	0	29574256	0	0	250976	43.153.123.4
5	1	1	0	0	29631769	0	0	29631769	0	0	52061	198.235.24.168
5	3	3	0	0	29625926	0	0	29572408	0	0	177549	43.153.123.3
5	6	6	0	0	29624121	0	0	29570469	0	0	365781	182.44.12.37
5	1	1	0	0	29601790	0	0	29601790	0	0	62744	147.182.148.210
5	2	2	0	0	29606177	0	0	29553602	0	0	125488	43.163.104.54
5	1	1	0	1	29629679	0	29629679	29629679	0	29629679	52061	206.189.99.55
5	3	3	0	0	29600239	0	0	29575442	0	0	188232	123.187.240.242
5	0	0	0	1	0	0	29556970	0	0	29556970	0	91.231.89.99
5	4	4	0	0	29623324	0	0	29560473	0	0	240293	175.6.217.4
5	3	3	0	0	29629955	0	0	29563196	0	0	177549	43.130.154.56
5	227	227	0	227	29632811	0	29632811	29545700	0	29545700	13911715	50.19.195.90
5	1	1	0	0	29562032	0	0	29562032	0	0	62744	34.79.154.21
5	2	2	0	0	29625424	0	0	29624890	0	0	104122	111.172.249.49
5	4	4	0	0	29593514	0	0	29545714	0	0	250976	43.167.236.228
5	1	1	0	0	29595383	0	0	29595383	0	0	62744	54.211.137.191
5	0	0	0	1	0	0	29611806	0	0	29611806	0	17.22.253.184
5	2	2	0	0	29629544	0	0	29566548	0	0	114805	43.157.156.190
5	2	2	0	0	29628741	0	0	29611038	0	0	114805	43.159.152.4
5	2	2	0	5	29600636	0	29605696	29583071	0	29593002	26958	66.249.78.7
5	0	0	0	6	0	0	29605773	0	0	29595718	0	66.249.78.6
5	1	1	0	6	29605773	0	29605312	29605773	0	29594257	13479	66.249.78.5
5	1	1	0	0	29631297	0	0	29631297	0	0	52061	43.153.96.233
5	2	2	0	0	29585513	0	0	29570822	0	0	125488	43.159.152.187
5	0	0	0	1	0	0	29605247	0	0	29605247	0	66.249.78.2
5	2	2	0	0	29624104	0	0	29618521	0	0	104122	43.134.5.186
5	5	5	0	0	29606957	0	0	29556251	0	0	313720	43.159.152.184
5	1	1	0	1	29550446	0	29550446	29550446	0	29550446	62744	84.239.45.134
5	0	0	0	1	0	0	29588700	0	0	29588700	0	147.78.183.107
5	1	1	0	0	29618301	0	0	29618301	0	0	52061	43.134.178.104
5	1	1	0	0	29566257	0	0	29566257	0	0	62744	3.219.28.208
5	2	2	0	0	29606614	0	0	29606614	0	0	125488	185.195.65.81
5	2	2	0	0	29628427	0	0	29596992	0	0	114805	43.135.211.148
5	2	2	0	0	29606331	0	0	29584461	0	0	125488	43.156.204.134
5	1	1	0	0	29579763	0	0	29579763	0	0	62744	185.12.150.17
5	3	3	0	0	29589702	0	0	29559073	0	0	188232	43.164.196.57
5	1	1	0	0	29579394	0	0	29579394	0	0	62744	198.235.24.105
5	1	1	0	0	29567135	0	0	29567135	0	0	62744	108.45.81.66
5	6	6	0	0	29601132	0	0	29550635	0	0	376464	4.43.184.113
5	2	2	0	0	29575912	0	0	29575872	0	0	125488	43.130.15.147
5	1	1	0	0	29576039	0	0	29576039	0	0	62744	43.154.127.188
5	1	1	0	0	29599839	0	0	29599839	0	0	62744	43.164.197.224
5	7	7	0	0	29618521	0	0	29545768	0	0	428525	60.188.57.0
5	2	2	0	0	29617587	0	0	29600333	0	0	114805	43.135.144.81
5	0	0	0	1	0	0	29608165	0	0	29608165	0	162.158.86.208
5	2	2	0	0	29618521	0	0	29618189	0	0	104122	101.32.239.179
5	1	1	0	0	29567332	0	0	29567332	0	0	62744	54.164.88.101
5	1	1	0	0	29545449	0	0	29545449	0	0	62744	91.231.89.37
5	0	0	0	1	0	0	29620348	0	0	29620348	0	162.158.216.181
5	0	0	0	1	0	0	29619222	0	0	29619222	0	162.158.216.180
5	1	1	0	0	29564833	0	0	29564833	0	0	62744	43.135.130.202
5	6	6	0	0	29591444	0	0	29545653	0	0	376464	43.167.239.66
5	1	1	0	0	29603302	0	0	29603302	0	0	62744	91.231.89.22
5	1	0	0	0	29545416	0	0	29545416	0	0	87	35.89.217.138
5	1	1	0	1	29596146	0	29596146	29596146	0	29596146	62744	146.190.255.219
5	1	1	0	0	29625535	0	0	29625535	0	0	52061	129.226.93.97
5	0	0	0	1	0	0	29627214	0	0	29627214	0	184.83.239.48
5	2	2	0	0	29599958	0	0	29594030	0	0	125488	43.133.187.11
5	2	2	0	0	29602659	0	0	29602659	0	0	125488	178.4.252.3
5	4	4	0	0	29603725	0	0	29550454	0	0	250976	43.166.244.66
5	1	1	0	0	29601634	0	0	29601634	0	0	62744	43.134.35.91
5	1	1	0	0	29606995	0	0	29606995	0	0	62744	185.102.113.244
5	0	0	0	1	0	0	29608483	0	0	29608483	0	185.88.103.234
5	1	1	0	0	29583430	0	0	29583430	0	0	62744	106.117.106.30
5	1	1	0	0	29564733	0	0	29564733	0	0	62744	151.248.1.103
5	5	5	0	0	29630922	0	0	29545703	0	0	292354	43.133.253.253
5	1	1	0	0	29613288	0	0	29613288	0	0	0	34.221.30.7
5	1	1	0	0	29549959	0	0	29549959	0	0	62744	61.79.198.49
5	1	1	0	0	29631320	0	0	29631320	0	0	52061	175.27.163.171
5	1	1	0	0	29596394	0	0	29596394	0	0	62744	49.51.72.76
5	1	1	0	0	29581228	0	0	29581228	0	0	62744	66.132.186.201
5	0	0	0	1	0	0	29632202	0	0	29632202	0	172.69.50.153
5	1	1	0	0	29575357	0	0	29575357	0	0	62744	54.196.63.247
5	0	0	0	5	0	0	29632394	0	0	29589206	0	172.69.50.152
5	3	3	0	0	29588700	0	0	29557481	0	0	188232	49.51.183.220
5	2	2	0	0	29588587	0	0	29547424	0	0	125488	43.159.141.150
5	5	5	0	0	29575889	0	0	29555465	0	0	313720	119.28.140.106
5	1	1	0	0	29619723	0	0	29619723	0	0	52061	71.6.240.22
5	1	1	0	0	29603616	0	0	29603616	0	0	62744	18.216.109.236
5	1	1	0	0	29632985	0	0	29632985	0	0	52061	54.234.9.97
5	2	2	0	0	29576090	0	0	29576071	0	0	125488	43.131.45.213
5	1	1	0	0	29575622	0	0	29575622	0	0	62744	205.169.39.6
5	1	1	0	0	29629891	0	0	29629891	0	0	52061	66.132.186.167
5	1	1	0	0	29630107	0	0	29630107	0	0	52061	43.164.192.151
5	1	1	0	0	29581418	0	0	29581418	0	0	62744	123.178.210.74
5	0	0	0	1	0	0	29603732	0	0	29603732	0	172.69.50.132
5	1	1	0	0	29548043	0	0	29548043	0	0	62744	54.81.83.5
5	1	1	0	0	29566434	0	0	29566434	0	0	62744	80.31.247.231
5	1	1	0	0	29561881	0	0	29561881	0	0	62744	98.87.188.21
5	1	1	0	0	29601634	0	0	29601634	0	0	62744	116.179.33.145
5	1	1	0	0	29559610	0	0	29559610	0	0	62744	34.41.43.240
5	1	1	0	1	29627798	0	29627798	29627798	0	29627798	52061	206.81.2.50
5	1	1	0	1	29583376	0	29583377	29583376	0	29583377	62744	167.94.146.59
5	1	1	0	0	29589300	0	0	29589300	0	0	62744	1.193.71.68
5	0	0	0	9	0	0	29603239	0	0	29603239	0	159.223.57.188
5	1	1	0	0	29605137	0	0	29605137	0	0	62744	74.244.109.88
5	1	1	0	0	29603655	0	0	29603655	0	0	62744	43.157.43.147
5	1	1	0	1	29596081	0	29596081	29596081	0	29596081	62744	167.94.146.52
5	1	1	0	1	29628931	0	29628931	29628931	0	29628931	52061	167.94.146.51
5	1	1	0	0	29594424	0	0	29594424	0	0	62744	205.210.31.50
5	1	1	0	0	29579262	0	0	29579262	0	0	62744	205.210.31.49
5	1	1	0	0	29577975	0	0	29577975	0	0	62744	54.159.11.94
5	1	1	0	0	29551699	0	0	29551699	0	0	62744	37.19.223.227
5	0	0	0	1	0	0	29616671	0	0	29616671	0	43.157.50.58
5	0	0	0	1	0	0	29562775	0	0	29562775	0	129.227.238.178
5	1	1	0	0	29568559	0	0	29568559	0	0	62744	205.210.31.40
5	4	4	0	0	29627440	0	0	29550624	0	0	229610	170.106.15.3
5	1	1	0	0	29578635	0	0	29578635	0	0	62744	205.210.31.36
5	3	3	0	0	29626443	0	0	29571695	0	0	177549	43.166.134.47
5	4	4	0	0	29626367	0	0	29560572	0	0	240293	43.130.102.7
5	1	1	0	0	29624319	0	0	29624319	0	0	52061	220.181.108.175
5	1	1	0	0	29618521	0	0	29618521	0	0	52061	185.102.113.132
5	3	3	0	0	29604231	0	0	29580598	0	0	188232	182.44.2.148
5	0	0	0	1	0	0	29616640	0	0	29616640	0	185.102.113.129
5	2	2	0	0	29583225	0	0	29583225	0	0	125488	62.109.6.135
5	1	1	0	0	29611358	0	0	29611358	0	0	62744	34.134.117.96
5	1	1	0	0	29626896	0	0	29626896	0	0	52061	146.56.199.139
5	3	3	0	18	29575525	0	29575525	29575525	0	29575525	188232	34.48.106.228
5	1	1	0	0	29620039	0	0	29620039	0	0	52061	205.210.31.25
5	2	2	0	0	29567412	0	0	29567412	0	0	125488	18.212.184.127
5	2	2	0	0	29602724	0	0	29579739	0	0	125488	43.153.15.51
5	0	0	0	1	0	0	29546008	0	0	29546008	0	101.67.137.55
5	0	0	0	1	0	0	29561745	0	0	29561745	0	172.71.172.187
5	0	0	0	2	0	0	29562708	0	0	29555150	0	172.71.172.186
5	1	1	0	0	29576231	0	0	29576231	0	0	62744	43.131.39.179
5	5	5	0	0	29629012	0	0	29545723	0	0	303037	43.132.214.228
5	1	1	0	0	29579946	0	0	29579946	0	0	62744	43.153.96.79
5	1	1	0	0	29627605	0	0	29627605	0	0	52061	162.14.81.106
5	1	1	0	0	29589691	0	0	29589691	0	0	62744	220.181.108.159
5	1	1	0	0	29565586	0	0	29565586	0	0	62744	54.70.53.60
5	3	3	0	1	29561835	0	29554552	29551828	0	29554552	188232	75.80.43.7
5	2	2	0	0	29594130	0	0	29553696	0	0	125488	43.166.246.180
5	2	2	0	0	29621730	0	0	29621709	0	0	104122	18.209.112.233
5	1	1	0	0	29554663	0	0	29554663	0	0	62744	121.229.185.160
5	1	1	0	1	29605608	0	29623819	29605608	0	29623819	62744	195.178.110.242
5	0	0	0	1	0	0	29552350	0	0	29552350	0	195.178.110.241
5	1	1	0	0	29563029	0	0	29563029	0	0	62744	192.36.198.80
5	4	4	0	0	29631136	0	0	29582839	0	0	229610	49.51.180.2
5	1	1	0	0	29589760	0	0	29589760	0	0	62744	3.88.161.180
5	1	1	0	2	29568852	0	29629486	29568852	0	29568852	62744	135.148.195.15
5	1	1	0	0	29569450	0	0	29569450	0	0	62744	98.163.33.215
5	1	1	0	1	29609352	0	29579778	29609352	0	29579778	62744	135.148.195.12
5	2	2	0	0	29620162	0	0	29579778	0	0	114805	135.148.195.11
5	2	2	0	0	29585494	0	0	29555787	0	0	125488	43.131.253.14
5	1	1	0	0	29549677	0	0	29549677	0	0	62744	119.28.177.175
5	1	1	0	0	29545543	0	0	29545543	0	0	62744	185.12.150.110
5	3	3	0	18	29554534	0	29554534	29554534	0	29554534	188232	34.91.56.198
5	1	1	0	1	29546323	0	29546323	29546323	0	29546323	62744	35.187.249.42
5	3	3	0	0	29626503	0	0	29562262	0	0	177549	49.51.166.228
5	0	0	0	1	0	0	29631731	0	0	29631731	0	104.28.162.59
5	1	1	0	0	29631463	0	0	29631463	0	0	52061	43.164.3.182
5	2	2	0	0	29625030	0	0	29584444	0	0	114805	220.181.108.101
5	1	1	0	0	29551828	0	0	29551828	0	0	62744	172.114.82.130
5	0	0	0	43	0	0	29631581	0	0	29576220	0	172.71.172.117
5	0	0	0	20	0	0	29576220	0	0	29576220	0	172.71.172.116
5	2	2	0	0	29605760	0	0	29571802	0	0	125488	43.130.47.33
5	1	1	0	0	29625643	0	0	29625643	0	0	52061	43.156.127.60
5	3	3	0	0	29596253	0	0	29590545	0	0	188232	43.165.70.220
5	0	0	0	1	0	0	29620162	0	0	29620162	0	135.148.195.8
5	0	0	0	1	0	0	29572104	0	0	29572104	0	135.148.195.6
5	3	3	0	6	29571014	0	29567235	29547497	0	29547422	40437	66.249.75.3
5	2	2	0	4	29547590	0	29571222	29547422	0	29547747	26958	66.249.75.2
5	2	2	0	3	29556602	0	29570946	29553960	0	29546874	26958	66.249.75.1
5	2	2	0	1	29599842	0	29609352	29589316	0	29609352	125488	135.148.195.2
5	2	2	0	0	29629486	0	0	29572104	0	0	114805	135.148.195.1
5	1	1	0	1	29570088	0	29570088	29570088	0	29570088	62744	147.182.211.96
5	1	1	0	0	29614338	0	0	29614338	0	0	62744	107.173.171.201
5	2	2	0	0	29567328	0	0	29567298	0	0	125488	204.236.213.200
5	1	1	0	0	29624397	0	0	29624397	0	0	52061	43.134.236.33
5	2	2	0	0	29552603	0	0	29552603	0	0	125488	34.62.219.49
5	1	1	0	0	29582839	0	0	29582839	0	0	62744	182.136.227.213
5	1	1	0	0	29551363	0	0	29551363	0	0	62744	180.153.236.180
5	0	0	0	1	0	0	29558681	0	0	29558681	0	87.106.146.14
5	7	7	0	0	29620936	0	0	29549625	0	0	428525	117.33.163.216
5	1	1	0	0	29579645	0	0	29579645	0	0	62744	180.153.236.170
5	1	1	0	0	29547050	0	0	29547050	0	0	62744	62.141.44.236
5	1	1	0	0	29624121	0	0	29624121	0	0	52061	43.166.224.244
5	1	1	0	0	29569493	0	0	29569493	0	0	62744	180.153.236.161
5	3	3	0	1	29581771	0	29581771	29581771	0	29581771	40437	37.46.115.19
5	2	2	0	0	29601268	0	0	29571026	0	0	125488	180.153.236.159
5	1	1	0	0	29589874	0	0	29589874	0	0	62744	63.33.45.156
5	1	1	0	0	29598272	0	0	29598272	0	0	62744	180.153.236.156
5	1	1	0	0	29555739	0	0	29555739	0	0	62744	147.93.140.145
5	0	0	0	1	0	0	29565241	0	0	29565241	0	165.22.3.146
5	4	4	0	0	29602644	0	0	29575532	0	0	250976	170.106.192.3
5	3	3	0	0	29617563	0	0	29551603	0	0	177549	43.157.147.3
5	1	1	0	0	29625713	0	0	29625713	0	0	52061	43.166.165.124
5	1	1	0	1	29558576	0	29558576	29558576	0	29558576	62744	192.241.130.232
5	1	1	0	0	29607418	0	0	29607418	0	0	62744	170.106.82.209
5	1	1	0	0	29632967	0	0	29632967	0	0	52061	157.173.122.176
5	1	1	0	0	29590113	0	0	29590113	0	0	62744	180.153.236.140
5	2	2	0	0	29596046	0	0	29565232	0	0	125488	43.153.12.58
5	1	1	0	0	29563961	0	0	29563961	0	0	62744	180.153.236.134
5	1	1	0	0	29628815	0	0	29628815	0	0	52061	43.165.197.116
5	1	1	0	0	29545492	0	0	29545492	0	0	62744	43.131.23.154
5	1	1	0	0	29562393	0	0	29562393	0	0	62744	152.42.157.60
5	1	1	0	0	29632701	0	0	29632701	0	0	10293	207.46.13.6
5	1	1	0	0	29626548	0	0	29626548	0	0	52061	45.66.209.14
5	1	1	0	1	29630610	0	29630610	29630610	0	29630610	52061	66.132.172.97
5	2	2	0	0	29570548	0	0	29557892	0	0	125488	43.167.157.80
5	1	1	0	0	29571170	0	0	29571170	0	0	62744	180.153.236.119
5	1	1	0	0	29626045	0	0	29626045	0	0	52061	43.164.190.28
5	1	1	0	0	29549486	0	0	29549486	0	0	62744	180.153.236.114
5	6	6	0	0	29632811	0	0	29554489	0	0	355098	43.131.36.84
5	1	1	0	1	29575908	0	29575908	29575908	0	29575908	62744	209.97.182.254
5	3	3	0	0	29585499	0	0	29562262	0	0	188232	182.44.67.97
5	1	1	0	0	29589206	0	0	29589206	0	0	62744	180.153.236.109
5	1	1	0	0	29620615	0	0	29620615	0	0	10293	168.144.94.204
5	1	1	0	0	29592735	0	0	29592735	0	0	62744	113.57.185.187
5	3	3	0	0	29609919	0	0	29561507	0	0	188232	170.106.179.68
5	2	2	0	0	29628105	0	0	29609429	0	0	114805	43.166.237.57
5	0	0	0	1	0	0	29595825	0	0	29595825	0	147.78.182.182
5	1	1	0	0	29615915	0	0	29615915	0	0	62744	162.43.13.221
5	7	7	0	0	29626336	0	0	29550061	0	0	428525	43.157.170.13
5	2	2	0	0	29573185	0	0	29564764	0	0	125488	43.135.140.225
5	1	1	0	0	29603683	0	0	29603683	0	0	62744	64.225.100.118
5	1	1	0	0	29565806	0	0	29565806	0	0	62744	43.130.14.245
5	1	1	0	0	29593877	0	0	29593877	0	0	62744	66.132.172.40
5	1	1	0	1	29630122	0	29630122	29630122	0	29630122	52061	66.132.172.37
5	1	1	0	1	29549922	0	29549922	29549922	0	29549922	62744	66.132.153.137
5	2	2	0	0	29577355	0	0	29575916	0	0	125488	72.56.191.75
5	1	1	0	1	29616627	0	29616627	29616627	0	29616627	62744	66.132.172.33
5	6	6	0	0	29563770	0	0	29563738	0	0	376464	149.56.150.198
5	1	1	0	0	29580251	0	0	29580251	0	0	13479	52.167.144.235
5	1	1	0	0	29627279	0	0	29627279	0	0	52061	43.134.92.251
5	3	3	0	0	29626311	0	0	29545685	0	0	188306	43.130.67.6
5	4	4	0	0	29629112	0	0	29570946	0	0	240293	106.54.62.156
5	1	1	0	1	29550169	0	29550169	29550169	0	29550169	62744	45.142.154.63
5	1	1	0	0	29555859	0	0	29555859	0	0	62744	43.165.190.5
5	0	0	0	2	0	0	29548180	0	0	29548180	0	51.104.52.151
5	2	2	0	2	29562393	0	29562394	29558644	0	29558648	125488	87.120.103.236
5	2	2	0	2	29614887	0	29614887	29614883	0	29614883	125488	45.142.154.60
5	1	1	0	0	29628181	0	0	29628181	0	0	0	34.244.202.37
5	2	2	0	0	29602207	0	0	29565800	0	0	125488	43.130.9.111
5	2	2	0	0	29600107	0	0	29573404	0	0	125488	43.135.142.7
5	1	1	0	1	29569902	0	29569902	29569902	0	29569902	62744	159.203.18.80
5	3	3	0	0	29625740	0	0	29555583	0	0	177549	49.51.178.45
5	3	3	0	0	29590300	0	0	29565904	0	0	188232	101.33.66.34
5	1	1	0	1	29571030	0	29571030	29571030	0	29571030	62744	167.94.138.201
5	3	3	0	0	29590936	0	0	29552508	0	0	188232	43.135.139.165
5	1	1	0	0	29582839	0	0	29582839	0	0	62744	222.190.235.246
5	3	3	0	0	29559610	0	0	29557572	0	0	40437	85.11.167.108
5	3	3	0	0	29561686	0	0	29561686	0	0	188232	69.160.160.53
5	2	2	0	0	29627825	0	0	29559291	0	0	114805	49.51.204.74
5	1	1	0	0	29631246	0	0	29631246	0	0	10293	52.167.144.184
5	1	1	0	0	29588588	0	0	29588588	0	0	62744	43.130.74.193
5	2	2	0	0	29619597	0	0	29556067	0	0	114805	170.106.11.141
5	1	1	0	6	29630296	0	29630296	29630296	0	29630296	52061	128.90.141.19
5	1	1	0	9	29627798	0	29627798	29627798	0	29627798	52061	128.90.141.20
5	0	0	0	1	0	0	29567468	0	0	29567468	0	17.246.23.128
5	2	2	0	0	29581284	0	0	29554025	0	0	125488	43.130.91.95
5	0	0	0	1	0	0	29623322	0	0	29623322	0	172.70.160.251
5	4	4	0	0	29614715	0	0	29549495	0	0	250976	43.153.74.75
5	1	1	0	0	29631569	0	0	29631569	0	0	52061	43.164.196.244
5	0	0	0	6	0	0	29624803	0	0	29564355	0	172.71.144.107
5	1	1	0	0	29617302	0	0	29617302	0	0	62744	180.153.236.5
5	0	0	0	3	0	0	29630870	0	0	29605888	0	172.71.144.106
5	1	1	0	0	29563385	0	0	29563385	0	0	62744	43.153.122.30
5	3	3	0	0	29621253	0	0	29615915	0	0	166866	180.153.236.3
5	1	1	0	0	29584925	0	0	29584925	0	0	62744	43.153.58.28
5	1	1	0	0	29567351	0	0	29567351	0	0	62744	52.70.180.248
5	3	3	0	0	29607923	0	0	29547300	0	0	188232	182.42.104.32
5	1	1	0	0	29578242	0	0	29578242	0	0	62744	184.72.215.23
5	1	1	0	0	29598268	0	0	29598268	0	0	13479	52.167.144.156
5	10	10	0	0	29605696	0	0	29556777	0	0	627440	43.165.69.68
5	2	2	0	0	29551655	0	0	29546192	0	0	125488	121.127.34.140
5	1	1	0	0	29565819	0	0	29565819	0	0	62744	34.217.177.82
5	1	1	0	0	29548776	0	0	29548776	0	0	62744	121.127.34.138
5	1	1	0	0	29567587	0	0	29567587	0	0	62744	121.127.34.137
5	0	0	0	3	0	0	29632018	0	0	29622245	0	172.68.192.227
5	0	0	0	2	0	0	29629318	0	0	29623446	0	172.68.192.226
5	1	1	0	0	29602659	0	0	29602659	0	0	13479	52.167.144.143
5	1	1	0	1	29578739	0	29578739	29578739	0	29578739	62744	46.101.252.234
5	3	3	0	0	29595718	0	0	29559876	0	0	188232	170.106.161.78
5	0	0	0	1	0	0	29591165	0	0	29591165	0	172.68.192.224
5	5	5	0	0	29625066	0	0	29563797	0	0	292354	43.157.149.188
5	3	3	0	0	29608994	0	0	29564220	0	0	188232	43.159.140.236
5	0	0	0	18	0	0	29631616	0	0	29607978	0	203.175.125.130
5	0	0	0	1	0	0	29599152	0	0	29599152	0	220.181.51.90
5	1	1	0	3	29601634	0	29622245	29601634	0	29584444	62744	220.181.51.88
5	2	2	0	1	29624209	0	29604063	29604067	0	29604063	114805	220.181.51.85
5	3	3	0	0	29560637	0	0	29560637	0	0	188232	84.246.85.11
5	3	3	0	0	29622686	0	0	29567987	0	0	177549	223.244.35.77
5	0	0	0	1	0	0	29595718	0	0	29595718	0	157.22.100.89
5	5	5	0	0	29600804	0	0	29551828	0	0	313720	43.135.134.127
5	1	1	0	0	29554685	0	0	29554685	0	0	62744	170.106.11.6
5	1	1	0	1	29598934	0	29598934	29598934	0	29598934	62744	178.62.193.89
5	2	2	0	0	29562383	0	0	29562383	0	0	125488	37.19.223.11
5	1	1	0	0	29625030	0	0	29625030	0	0	52061	116.179.32.229
5	1	1	0	0	29626682	0	0	29626682	0	0	52061	43.165.170.119
5	2	2	0	5	29546840	0	29546840	29546840	0	29546840	62744	51.158.248.235
5	2	0	0	0	29545416	0	0	29545416	0	0	174	3.137.181.237
5	1	1	0	0	29624379	0	0	29624379	0	0	52061	116.179.32.221
5	2	2	0	0	29608634	0	0	29549207	0	0	125488	49.51.203.164
5	1	1	0	0	29560664	0	0	29560664	0	0	62744	174.129.69.153
5	1	1	0	0	29567323	0	0	29567323	0	0	62744	13.218.167.27
5	1	1	0	0	29587862	0	0	29587862	0	0	62744	223.90.128.12
5	1	1	0	0	29597410	0	0	29597410	0	0	62744	43.134.28.2
5	2	2	0	0	29627695	0	0	29564105	0	0	114805	43.166.132.142
5	3	3	0	3	29627214	0	29627214	29564382	0	29564382	177549	40.88.21.235
5	4	4	0	0	29619140	0	0	29567036	0	0	240293	43.130.110.130
5	1	0	0	0	29545416	0	0	29545416	0	0	87	47.130.151.190
5	1	1	0	1	29577432	0	29555602	29577432	0	29555602	62744	124.156.157.91
5	8	8	0	2	29582839	0	29582839	29570178	0	29570181	501952	183.134.59.133
5	1	1	0	1	29613343	0	29613343	29613343	0	29613343	62744	157.245.106.109
5	2	2	0	0	29605857	0	0	29594390	0	0	125488	43.159.139.164
5	3	3	0	1	29570175	0	29570174	29570173	0	29570174	188232	221.178.143.70
5	4	4	0	0	29624159	0	0	29624151	0	0	208244	112.39.36.19
5	2	2	0	0	29630389	0	0	29596096	0	0	114805	43.157.53.115
5	1	1	0	0	29567412	0	0	29567412	0	0	62744	104.59.121.219
5	1	1	0	0	29601822	0	0	29601822	0	0	62744	217.160.202.182
5	0	0	0	1	0	0	29567412	0	0	29567412	0	172.71.184.7
5	1	1	0	0	29547382	0	0	29547382	0	0	13479	74.125.215.198
5	3	3	0	0	29632988	0	0	29590635	0	0	177549	43.166.251.233
5	2	2	0	0	29547382	0	0	29547382	0	0	26958	74.125.215.197
5	1	1	0	0	29547382	0	0	29547382	0	0	13479	74.125.215.196
5	1	1	0	0	29553387	0	0	29553387	0	0	62744	150.109.46.88
5	7	7	0	1	29624617	0	29596076	29555176	0	29596076	417842	43.133.139.6
5	1	1	0	0	29567296	0	0	29567296	0	0	62744	54.90.134.140
5	1	1	0	0	29616522	0	0	29616522	0	0	62744	43.130.68.105
5	2	2	0	0	29571304	0	0	29555907	0	0	125488	43.159.128.237
5	1	1	0	0	29632083	0	0	29632083	0	0	52061	119.91.20.139
5	1	1	0	0	29577136	0	0	29577136	0	0	62744	34.220.67.218
5	1	1	0	0	29545449	0	0	29545449	0	0	62744	91.231.89.125
5	1	1	0	0	29601634	0	0	29601634	0	0	62744	116.179.32.162
5	1	1	0	1	29603762	0	29603762	29603762	0	29603762	62744	103.196.9.200
5	2	2	0	0	29545448	0	0	29545448	0	0	125488	91.231.89.121
5	1	1	0	0	29546598	0	0	29546598	0	0	62744	54.196.50.6
5	3	3	0	0	29603389	0	0	29568601	0	0	188232	43.167.245.18
5	1	1	0	0	29563853	0	0	29563853	0	0	62744	54.175.130.230
5	4	4	0	0	29589691	0	0	29589688	0	0	250976	120.242.250.120
5	1	1	0	0	29578044	0	0	29578044	0	0	62744	54.86.160.212
5	0	0	0	1	0	0	29601628	0	0	29601628	0	119.249.100.52
5	0	0	0	1	0	0	29601606	0	0	29601606	0	119.249.100.47
5	1	1	0	0	29599152	0	0	29599152	0	0	62744	116.179.32.136
5	1	1	0	0	29604070	0	0	29604070	0	0	13479	40.77.167.155
5	1	1	0	0	29549486	0	0	29549486	0	0	62744	98.93.168.74
5	0	0	0	1	0	0	29547646	0	0	29547646	0	5.255.102.26
5	0	0	0	21	0	0	29629009	0	0	29545595	0	172.68.183.8
5	0	0	0	23	0	0	29632811	0	0	29551066	0	172.68.183.7
5	1	1	0	0	29591099	0	0	29591099	0	0	13479	40.77.167.144
5	2	2	0	0	29562787	0	0	29562262	0	0	125488	43.130.72.40
5	2	2	0	0	29567310	0	0	29567300	0	0	125488	3.81.9.81
5	5	5	0	0	29599278	0	0	29555807	0	0	313720	43.131.243.61
5	1	1	0	0	29595234	0	0	29595234	0	0	62744	18.209.24.207
5	3	3	0	0	29627978	0	0	29588039	0	0	177549	49.51.52.250
5	1	1	0	0	29601815	0	0	29601815	0	0	62744	93.123.109.58
5	1	1	0	0	29590682	0	0	29590682	0	0	62744	35.85.52.38
5	2	2	0	0	29616663	0	0	29561686	0	0	125488	49.51.141.76
5	2	2	0	0	29628361	0	0	29593151	0	0	114805	54.244.14.158
5	0	0	0	1	0	0	29559068	0	0	29559068	0	36.250.220.72
5	1	1	0	0	29604063	0	0	29604063	0	0	62744	116.179.32.106
5	2	2	0	1	29551664	0	29551676	29551658	0	29551676	125488	136.117.74.23
5	1	1	0	0	29627336	0	0	29627336	0	0	52061	43.163.95.253
5	1	1	0	0	29556639	0	0	29556639	0	0	62744	34.148.112.162
5	3	3	0	0	29596035	0	0	29562515	0	0	188232	49.51.252.146
5	1	1	0	0	29547381	0	0	29547381	0	0	62744	69.245.145.98
5	2	2	0	0	29601187	0	0	29576224	0	0	125488	43.153.73.200
5	3	3	0	0	29590142	0	0	29562342	0	0	188232	43.159.128.155
5	2	2	0	0	29551828	0	0	29551828	0	0	125488	172.56.243.31
5	1	1	0	0	29556854	0	0	29556854	0	0	62744	136.114.88.107
5	3	3	0	0	29607757	0	0	29550308	0	0	188232	43.166.240.231
5	1	1	0	0	29618157	0	0	29618157	0	0	52061	129.226.210.142
5	0	0	0	7	0	0	29605693	0	0	29596868	0	157.55.39.225
5	3	3	0	0	29589088	0	0	29548830	0	0	188232	49.235.136.28
5	1	1	0	1	29593144	0	29593144	29593144	0	29593144	62744	134.209.86.116
5	1	1	0	1	29610399	0	29610399	29610399	0	29610399	62744	138.197.170.219
5	6	6	0	0	29601046	0	0	29552459	0	0	376464	36.41.75.167
5	1	1	0	0	29572038	0	0	29572038	0	0	62744	185.247.137.85
5	1	1	0	0	29569594	0	0	29569594	0	0	62744	35.170.192.141
5	4	4	0	19	29545466	0	29545466	29545461	0	29545461	250976	81.29.142.6
5	1	1	0	0	29567036	0	0	29567036	0	0	62744	34.165.168.165
5	5	5	0	0	29596518	0	0	29558461	0	0	313720	170.106.107.87
5	3	3	0	0	29593378	0	0	29546133	0	0	188232	49.7.227.204
5	2	2	0	0	29605868	0	0	29552603	0	0	125488	43.153.71.12
5	1	1	0	0	29618030	0	0	29618030	0	0	52061	129.226.209.117
5	4	4	0	0	29567379	0	0	29567354	0	0	250976	34.201.76.90
5	1	1	0	1	29610335	0	29610335	29610335	0	29610335	62744	165.245.232.109
5	1	1	0	0	29577983	0	0	29577983	0	0	62744	185.247.137.68
5	1	1	0	0	29558644	0	0	29558644	0	0	62744	31.6.58.96
5	0	0	0	6	0	0	29599253	0	0	29546617	0	172.71.184.33
5	0	0	0	15	0	0	29601973	0	0	29546617	0	172.71.184.32
5	1	1	0	0	29589800	0	0	29589800	0	0	62744	147.185.132.222
5	1	1	0	0	29629771	0	0	29629771	0	0	52061	98.94.59.252
5	1	1	0	0	29598696	0	0	29598696	0	0	62744	43.130.106.18
5	1	1	0	0	29558093	0	0	29558093	0	0	62744	34.233.124.119
5	0	0	0	1	0	0	29566414	0	0	29566414	0	104.23.217.157
5	1	1	0	0	29566444	0	0	29566444	0	0	62744	54.167.27.21
5	3	3	0	0	29566852	0	0	29566838	0	0	188232	140.248.44.0
5	3	3	0	0	29584870	0	0	29567412	0	0	188232	43.166.245.120
5	2	2	0	0	29550364	0	0	29545484	0	0	125488	170.106.37.134
5	0	0	0	1	0	0	29603790	0	0	29603790	0	172.71.184.11
5	0	0	0	14	0	0	29633048	0	0	29579785	0	104.23.217.147
5	0	0	0	1	0	0	29603791	0	0	29603791	0	172.71.184.10
5	0	0	0	29	0	0	29632923	0	0	29560376	0	104.23.223.105
5	0	0	0	17	0	0	29632924	0	0	29570202	0	104.23.217.146
5	0	0	0	38	0	0	29632454	0	0	29549998	0	104.23.223.104
5	2	2	0	0	29552484	0	0	29552478	0	0	125488	3.93.56.154
5	3	3	0	0	29592484	0	0	29556584	0	0	188232	150.109.119.38
5	3	3	0	0	29608333	0	0	29561362	0	0	188232	43.166.239.145
5	1	1	0	1	29581593	0	29581593	29581593	0	29581593	62744	165.232.177.110
5	1	1	0	0	29616450	0	0	29616450	0	0	62744	44.203.213.171
5	1	1	0	0	29582430	0	0	29582430	0	0	62744	71.6.235.154
5	1	1	0	0	29632811	0	0	29632811	0	0	10293	136.0.38.11
5	2	2	0	1	29561947	0	29561942	29561939	0	29561942	125488	34.7.219.14
5	1	1	0	1	29590219	0	29590219	29590219	0	29590219	62744	159.89.125.248
5	0	0	0	1	0	0	29580251	0	0	29580251	0	40.77.167.85
5	2	2	0	0	29632063	0	0	29607639	0	0	114805	101.32.49.171
5	0	0	0	3	0	0	29631246	0	0	29631214	0	52.167.144.67
5	10	10	0	3	29632811	0	29632811	29632811	0	29632811	51465	83.99.206.247
5	1	1	0	0	29624576	0	0	29624576	0	0	10293	136.124.34.172
5	1	1	0	0	29582300	0	0	29582300	0	0	62744	97.107.129.118
5	6	6	0	0	29629838	0	0	29552644	0	0	344415	43.130.228.73
5	1	1	0	0	29545514	0	0	29545514	0	0	62744	43.166.7.113
5	1	1	0	0	29577769	0	0	29577769	0	0	62744	43.153.62.161
5	1	1	0	0	29568490	0	0	29568490	0	0	62744	89.22.101.69
5	1	0	0	0	29545416	0	0	29545416	0	0	87	16.16.206.25
5	1	1	0	0	29612328	0	0	29612328	0	0	62744	170.106.193.108
5	1	1	0	0	29581418	0	0	29581418	0	0	62744	58.245.27.195
5	1	1	0	0	29563107	0	0	29563107	0	0	13479	106.49.59.126
5	1	1	0	0	29559068	0	0	29559068	0	0	62744	58.212.237.3
5	3	3	0	0	29622686	0	0	29622686	0	0	0	34.96.60.138
5	1	1	0	0	29563107	0	0	29563107	0	0	13479	106.49.50.21
5	1	1	0	0	29612754	0	0	29612754	0	0	13479	40.77.167.48
5	2	2	0	0	29598563	0	0	29598545	0	0	125488	3.85.141.5
5	1	1	0	0	29585186	0	0	29585186	0	0	62744	32.192.88.243
5	1	1	0	0	29558360	0	0	29558360	0	0	62744	35.222.232.128
5	1	1	0	0	29556830	0	0	29556830	0	0	62744	34.170.202.69
5	1	1	0	1	29550169	0	29550169	29550169	0	29550169	62744	152.32.192.241
5	0	0	0	3	0	0	29622245	0	0	29622245	0	78.159.131.56
5	1	1	0	0	29620738	0	0	29620738	0	0	52061	84.17.47.114
5	0	0	0	3	0	0	29571241	0	0	29554093	0	66.249.77.198
5	0	0	0	1	0	0	29565738	0	0	29565738	0	66.249.77.196
5	1	1	0	0	29605696	0	0	29605696	0	0	13479	40.77.167.26
5	1	1	0	1	29622245	0	29622245	29622245	0	29622245	52061	220.181.51.120
5	1	1	0	0	29599678	0	0	29599678	0	0	62744	170.106.187.106
5	0	0	0	2	0	0	29624157	0	0	29604063	0	220.181.51.118
5	1	1	0	0	29597062	0	0	29597062	0	0	62744	45.66.209.184
5	1	1	0	0	29571996	0	0	29571996	0	0	62744	100.50.235.109
5	1	1	0	0	29606591	0	0	29606591	0	0	62744	43.153.67.21
5	1	1	0	0	29618126	0	0	29618126	0	0	52061	119.28.100.145
5	3	3	0	0	29609750	0	0	29609745	0	0	188232	95.111.234.66
5	1	1	0	0	29568263	0	0	29568263	0	0	62744	43.130.34.74
5	0	0	0	2	0	0	29614849	0	0	29592858	0	172.70.251.182
5	4	4	0	0	29611696	0	0	29566322	0	0	250976	110.166.71.39
5	0	0	0	3	0	0	29630435	0	0	29596339	0	172.70.251.181
5	5	5	0	0	29588587	0	0	29550385	0	0	313720	223.15.245.170
5	1	1	0	0	29546642	0	0	29546642	0	0	62744	136.118.221.186
5	2	2	0	3	29584444	0	29584444	29584444	0	29584444	125488	216.224.124.141
5	1	1	0	0	29584444	0	0	29584444	0	0	0	216.224.124.140
5	2	2	0	0	29604228	0	0	29594346	0	0	125488	43.157.52.37
5	1	1	0	0	29617278	0	0	29617278	0	0	62744	43.134.36.238
5	2	2	0	0	29575068	0	0	29553186	0	0	125488	43.157.67.70
5	0	0	0	2	0	0	29624610	0	0	29620605	0	162.158.94.73
5	2	2	0	0	29614153	0	0	29562900	0	0	125488	43.153.119.119
5	2	2	0	0	29593790	0	0	29576345	0	0	125488	43.166.136.24
5	4	4	0	0	29613538	0	0	29546935	0	0	250976	106.227.49.113
5	0	0	0	1	0	0	29559058	0	0	29559058	0	123.191.136.233
5	0	0	0	1	0	0	29557029	0	0	29557029	0	172.71.148.144
5	0	0	0	1	0	0	29547642	0	0	29547642	0	185.220.101.102
5	0	0	0	1	0	0	29564733	0	0	29564733	0	146.247.229.2
5	1	1	0	0	29549866	0	0	29549866	0	0	62744	192.71.142.146
5	3	3	0	0	29578544	0	0	29547852	0	0	188232	43.164.195.17
5	4	4	0	0	29584444	0	0	29584444	0	0	250976	216.224.124.116
5	1	1	0	1	29571363	0	29571363	29571363	0	29571363	62744	165.227.89.150
5	1	1	0	0	29549486	0	0	29549486	0	0	62744	192.71.142.134
5	2	2	0	10	29603617	0	29617430	29602032	0	29583071	26958	66.249.77.134
5	4	4	0	7	29632263	0	29609041	29577628	0	29576984	47544	66.249.77.133
5	0	0	0	1	0	0	29552182	0	0	29552182	0	162.158.95.198
5	3	3	0	0	29579145	0	0	29552761	0	0	188232	43.130.78.203
5	5	5	0	11	29620495	0	29620495	29577627	0	29577627	64209	66.249.77.132
5	0	0	0	1	0	0	29581064	0	0	29581064	0	162.158.95.197
5	1	1	0	0	29581228	0	0	29581228	0	0	62744	104.248.2.25
5	3	3	0	0	29620128	0	0	29595718	0	0	177549	106.119.167.146
5	2	2	0	0	29622245	0	0	29608471	0	0	114805	101.32.208.70
5	1	1	0	0	29566172	0	0	29566172	0	0	62744	43.135.133.241
5	1	1	0	0	29564978	0	0	29564978	0	0	62744	170.106.165.186
5	1	1	0	0	29620557	0	0	29620557	0	0	52061	49.234.192.248
5	1	1	0	0	29561686	0	0	29561686	0	0	62744	192.36.109.132
5	2	2	0	0	29617746	0	0	29554806	0	0	114805	43.159.149.216
5	3	3	0	0	29629354	0	0	29596151	0	0	166866	43.135.144.126
5	1	1	0	4	29623131	0	29623147	29623131	0	29576825	10293	66.249.72.139
5	6	6	0	7	29626807	0	29626807	29576823	0	29576823	77688	66.249.72.138
5	4	4	0	6	29626807	0	29609001	29576825	0	29576729	50730	66.249.72.137
5	1	1	0	1	29549935	0	29549935	29549935	0	29549935	62744	142.93.96.192
5	1	1	0	0	29567304	0	0	29567304	0	0	62744	3.82.56.23
5	1	1	0	0	29577004	0	0	29577004	0	0	62744	192.36.109.123
5	1	1	0	0	29592734	0	0	29592734	0	0	62744	124.117.192.96
5	1	1	0	0	29625294	0	0	29625294	0	0	52061	192.36.109.118
5	1	1	0	0	29552125	0	0	29552125	0	0	62744	43.130.150.80
5	2	2	0	0	29614715	0	0	29612557	0	0	26958	220.151.9.22
5	1	1	0	1	29560577	0	29560577	29560577	0	29560577	62744	134.122.1.225
5	2	2	0	0	29620509	0	0	29553978	0	0	114805	43.158.91.71
5	1	1	0	0	29589498	0	0	29589498	0	0	62744	192.36.109.115
5	2	2	0	0	29615915	0	0	29615915	0	0	125488	18.206.249.204
5	3	3	0	0	29611256	0	0	29561997	0	0	188232	43.135.133.194
5	3	3	0	0	29606311	0	0	29570525	0	0	188232	43.166.136.202
5	4	4	0	0	29595323	0	0	29579556	0	0	250976	43.130.3.120
5	2	2	0	0	29579846	0	0	29557258	0	0	125488	43.157.191.20
5	0	0	0	1	0	0	29546234	0	0	29546234	0	44.246.182.55
5	0	0	0	5	0	0	29630564	0	0	29619060	0	172.70.240.169
5	0	0	0	4	0	0	29628150	0	0	29622245	0	172.70.240.168
5	1	1	0	0	29560817	0	0	29560817	0	0	62744	54.234.51.6
5	1	1	0	0	29623164	0	0	29623164	0	0	52061	192.36.109.102
5	5	5	0	0	29613956	0	0	29557705	0	0	313720	1.15.52.154
5	0	0	0	2	0	0	29630179	0	0	29626308	0	172.69.151.50
5	0	0	0	3	0	0	29625438	0	0	29622245	0	172.69.151.49
5	3	3	0	0	29577725	0	0	29566147	0	0	188232	43.166.131.228
5	1	1	0	0	29583431	0	0	29583431	0	0	62744	124.117.192.72
5	0	0	0	2	0	0	29629043	0	0	29607505	0	104.210.140.143
5	0	0	0	1	0	0	29577127	0	0	29577127	0	46.224.167.129
5	0	0	0	2	0	0	29594427	0	0	29593092	0	104.210.140.142
5	0	0	0	4	0	0	29593152	0	0	29568033	0	104.210.140.141
5	0	0	0	2	0	0	29622984	0	0	29615179	0	104.210.140.139
5	0	0	0	5	0	0	29630914	0	0	29574381	0	104.210.140.140
5	0	0	0	4	0	0	29620271	0	0	29579250	0	104.210.140.138
5	0	0	0	6	0	0	29627738	0	0	29563313	0	104.210.140.137
5	1	1	0	0	29567921	0	0	29567921	0	0	62744	13.82.195.38
5	0	0	0	2	0	0	29571175	0	0	29555503	0	104.210.140.136
5	1	1	0	0	29622245	0	0	29622245	0	0	52061	178.128.154.188
5	0	0	0	2	0	0	29614879	0	0	29613833	0	104.210.140.135
5	0	0	0	3	0	0	29596996	0	0	29555442	0	104.210.140.134
5	0	0	0	2	0	0	29624290	0	0	29572769	0	104.210.140.133
5	1	1	0	0	29622245	0	0	29622245	0	0	52061	220.181.108.93
5	0	0	0	3	0	0	29626414	0	0	29582070	0	104.210.140.132
5	0	0	0	7	0	0	29624983	0	0	29558640	0	104.210.140.131
5	0	0	0	3	0	0	29625666	0	0	29560187	0	104.210.140.129
5	0	0	0	3	0	0	29629654	0	0	29577630	0	104.210.140.130
5	0	0	0	5	0	0	29632172	0	0	29557071	0	104.210.140.128
5	1	1	0	0	29624197	0	0	29624197	0	0	52061	220.181.108.83
5	1	1	0	0	29553447	0	0	29553447	0	0	0	172.71.253.75
5	2	2	0	0	29565525	0	0	29564633	0	0	125488	43.166.136.153
5	2	2	0	0	29605397	0	0	29589206	0	0	125488	124.236.100.56
5	1	1	0	0	29592168	0	0	29592168	0	0	62744	171.9.55.63
5	1	1	0	0	29592624	0	0	29592624	0	0	62744	54.227.60.217
5	0	0	0	1	0	0	29583430	0	0	29583430	0	124.90.50.105
5	1	1	0	0	29614550	0	0	29614550	0	0	62744	49.51.192.198
5	1	1	0	0	29632811	0	0	29632811	0	0	52061	52.1.230.235
5	3	3	0	1	29563133	0	29563133	29563133	0	29563133	40437	182.69.179.249
5	1	1	0	0	29566548	0	0	29566548	0	0	62744	54.83.133.13
5	1	1	0	0	29626464	0	0	29626464	0	0	62818	43.160.219.138
5	3	3	0	0	29617013	0	0	29565779	0	0	188232	43.159.138.217
5	5	5	0	0	29611870	0	0	29579117	0	0	313720	43.163.206.70
5	1	1	0	0	29613998	0	0	29613998	0	0	62744	37.232.97.22
5	1	1	0	0	29601251	0	0	29601251	0	0	62744	168.144.65.241
5	1	1	0	0	29575930	0	0	29575930	0	0	62744	43.130.100.35
5	1	1	0	0	29626365	0	0	29626365	0	0	52061	39.154.23.32
5	4	4	0	0	29593793	0	0	29548470	0	0	250976	117.62.235.53
5	6	6	0	0	29567410	0	0	29567292	0	0	376464	44.211.129.110
5	2	2	0	0	29596868	0	0	29552965	0	0	125488	43.157.172.39
5	1	0	0	0	29624197	0	0	29624197	0	0	133691	116.179.37.60
5	1	1	0	0	29605137	0	0	29605137	0	0	13479	149.88.19.18
5	5	5	0	0	29628369	0	0	29547704	0	0	303037	192.144.148.122
5	0	0	0	1	0	0	29562502	0	0	29562502	0	104.28.161.72
5	1	1	0	1	29572922	0	29572922	29572922	0	29572922	62744	66.132.195.104
5	1	1	0	1	29605875	0	29605875	29605875	0	29605875	62744	66.132.195.100
5	3	3	0	0	29575954	0	0	29568981	0	0	188232	43.130.31.17
5	6	6	0	0	29627052	0	0	29551363	0	0	355098	43.157.95.239
5	1	1	0	0	29567258	0	0	29567258	0	0	62744	54.167.120.173
5	1	1	0	0	29629879	0	0	29629879	0	0	52061	54.234.110.7
5	3	3	0	0	29623809	0	0	29563267	0	0	177549	43.166.244.251
5	1	1	0	0	29556622	0	0	29556622	0	0	62744	35.231.160.196
5	2	2	0	1	29615447	0	29545733	29602221	0	29545733	125488	124.156.179.141
5	1	1	0	0	29561686	0	0	29561686	0	0	62744	68.183.108.49
5	2	2	0	0	29621760	0	0	29577671	0	0	114805	43.157.46.118
5	4	4	0	0	29628347	0	0	29570947	0	0	240293	170.106.148.137
5	3	3	0	0	29620080	0	0	29548142	0	0	177549	43.166.250.187
5	0	0	0	10	0	0	29624983	0	0	29547642	0	172.68.10.9
5	0	0	0	10	0	0	29626486	0	0	29547632	0	172.68.10.8
5	3	3	0	1	29627664	0	29606161	29563523	0	29606161	166866	43.156.202.34
5	1	1	0	0	29584444	0	0	29584444	0	0	62744	216.224.124.21
5	1	1	0	0	29601634	0	0	29601634	0	0	62744	180.164.76.49
5	2	2	0	0	29578506	0	0	29555573	0	0	125488	43.166.255.122
5	1	1	0	0	29626116	0	0	29626116	0	0	52061	209.222.82.72
5	1	1	0	0	29612395	0	0	29612395	0	0	62744	3.87.56.168
5	1	0	0	0	29545416	0	0	29545416	0	0	87	47.129.138.186
5	2	2	0	0	29628427	0	0	29628427	0	0	104122	178.104.181.169
5	6	6	0	2	29579462	0	29579462	29579462	0	29579462	125488	34.123.121.231
5	4	4	0	0	29606262	0	0	29551828	0	0	250976	43.153.135.208
5	2	2	0	0	29559610	0	0	29559610	0	0	125488	18.233.164.194
5	3	3	0	0	29615589	0	0	29548265	0	0	188232	43.166.244.192
5	3	3	0	0	29596215	0	0	29580493	0	0	188232	43.130.39.254
5	4	4	0	0	29622245	0	0	29572220	0	0	229610	114.96.103.33
5	1	1	0	0	29626357	0	0	29626357	0	0	52061	43.159.144.16
5	0	0	0	1	0	0	29546608	0	0	29546608	0	46.101.110.122
5	4	4	0	0	29623368	0	0	29555219	0	0	240293	43.166.255.102
5	0	0	0	1	0	0	29611820	0	0	29611820	0	172.70.85.248
5	3	3	0	0	29606470	0	0	29555412	0	0	188232	170.106.147.63
5	3	3	0	18	29624317	0	29624317	29624317	0	29624317	156183	8.228.77.24
5	3	3	0	18	29548697	0	29548698	29548697	0	29548697	188232	34.62.197.241
5	1	1	0	0	29619696	0	0	29619696	0	0	52061	71.6.240.200
5	0	0	0	1	0	0	29603617	0	0	29603617	0	136.124.33.24
5	2	2	0	0	29609812	0	0	29592722	0	0	125488	43.130.12.43
5	1	1	0	0	29556906	0	0	29556906	0	0	62744	43.165.135.242
5	1	1	0	0	29614003	0	0	29614003	0	0	62744	37.19.210.23
5	2	2	0	0	29576210	0	0	29565770	0	0	125488	49.51.196.42
5	1	1	0	0	29593531	0	0	29593531	0	0	62744	183.253.105.20
5	1	1	0	0	29620455	0	0	29620455	0	0	52061	18.208.217.180
5	2	2	0	0	29571192	0	0	29545983	0	0	125488	170.106.192.208
5	2	2	0	0	29617770	0	0	29615134	0	0	114805	170.106.163.84
5	1	1	0	0	29553097	0	0	29553097	0	0	62744	104.168.98.195
5	1	1	0	0	29603617	0	0	29603617	0	0	62744	3.128.34.49
5	3	3	0	0	29618521	0	0	29556478	0	0	177549	43.157.95.131
5	3	3	0	0	29632382	0	0	29580554	0	0	177549	43.166.1.243
5	1	1	0	0	29627816	0	0	29627816	0	0	52061	43.165.7.74
5	1	1	0	0	29564847	0	0	29564847	0	0	62744	34.122.147.229
5	4	4	0	0	29605137	0	0	29565729	0	0	250976	162.62.231.139
5	1	1	0	0	29557498	0	0	29557498	0	0	62744	34.173.100.6
5	0	0	0	1	0	0	29624159	0	0	29624159	0	202.46.62.91
5	1	1	0	0	29614773	0	0	29614773	0	0	62744	43.131.26.226
5	728	0	0	0	29632903	0	0	29545416	0	0	46592	160.153.191.19
5	0	0	0	1	0	0	29601634	0	0	29601634	0	202.46.62.87
5	0	0	0	1	0	0	29601634	0	0	29601634	0	202.46.62.85
5	0	0	0	1	0	0	29613583	0	0	29613583	0	17.241.227.116
5	0	0	0	1	0	0	29601634	0	0	29601634	0	202.46.62.84
5	0	0	0	1	0	0	29597298	0	0	29597298	0	176.126.104.14
5	1	1	0	0	29632228	0	0	29632228	0	0	52061	3.18.186.238
5	1	1	0	0	29613690	0	0	29613690	0	0	62744	43.133.69.37
5	0	0	0	1	0	0	29622245	0	0	29622245	0	202.46.62.81
5	2	2	0	0	29571487	0	0	29560776	0	0	125488	43.130.141.193
5	1	1	0	0	29556896	0	0	29556896	0	0	62744	43.157.168.43
5	0	0	0	1	0	0	29584444	0	0	29584444	0	202.46.62.74
5	3	3	0	0	29623782	0	0	29623782	0	0	104122	46.205.196.170
5	0	0	0	1	0	0	29604069	0	0	29604069	0	202.46.62.73
5	1	1	0	0	29576723	0	0	29576723	0	0	62744	43.157.181.189
5	1	1	0	0	29562575	0	0	29562575	0	0	62744	35.92.167.194
5	3	3	0	18	29546891	0	29546891	29546891	0	29546891	188232	35.192.33.174
5	0	0	0	1	0	0	29627795	0	0	29627795	0	172.71.148.7
5	0	0	0	9	0	0	29632981	0	0	29619060	0	172.71.148.6
5	1	1	0	0	29567587	0	0	29567587	0	0	62744	170.106.163.48
5	4	4	0	0	29617174	0	0	29556125	0	0	250976	170.106.72.93
5	2	2	0	10	29615100	0	29615100	29615100	0	29615100	125488	81.29.142.100
5	1	1	0	0	29628893	0	0	29628893	0	0	52061	43.155.162.41
5	1	1	0	0	29577366	0	0	29577366	0	0	62744	205.169.39.57
5	0	0	0	1	0	0	29622245	0	0	29622245	0	119.249.100.242
5	0	0	0	1	0	0	29620663	0	0	29620663	0	162.158.87.36
5	3	3	0	0	29601983	0	0	29597834	0	0	188232	43.167.232.38
5	0	0	0	1	0	0	29599152	0	0	29599152	0	119.249.100.236
5	2	2	0	0	29617314	0	0	29548527	0	0	125488	162.62.132.25
5	1	1	0	0	29564902	0	0	29564902	0	0	62744	205.169.39.47
5	3	3	0	0	29624183	0	0	29624183	0	0	0	136.124.33.200
5	1	1	0	0	29627133	0	0	29627133	0	0	52061	170.106.202.141
5	0	0	0	1	0	0	29622245	0	0	29622245	0	202.46.62.44
5	1	1	0	0	29548297	0	0	29548297	0	0	62744	35.223.245.62
5	2	2	0	0	29556841	0	0	29556841	0	0	125488	98.92.194.51
5	2	2	0	0	29567036	0	0	29567036	0	0	125488	34.154.30.34
5	2	2	0	0	29624334	0	0	29618521	0	0	104122	129.226.152.67
5	3	3	0	0	29598696	0	0	29555242	0	0	125488	137.184.227.205
5	1	1	0	0	29596284	0	0	29596284	0	0	0	172.70.125.206
5	2	2	0	0	29618611	0	0	29618608	0	0	104122	54.152.41.119
5	0	0	0	1	0	0	29575915	0	0	29575915	0	72.56.189.73
5	0	0	0	1	0	0	29551095	0	0	29551095	0	192.36.119.194
5	1	1	0	0	29545444	0	0	29545444	0	0	62744	43.165.189.206
5	1	1	0	0	29606113	0	0	29606113	0	0	62744	49.51.39.209
5	0	0	0	1	0	0	29604063	0	0	29604063	0	202.46.62.19
5	1	1	0	0	29548689	0	0	29548689	0	0	62744	155.254.24.66
5	1	1	0	1	29619044	0	29619044	29619044	0	29619044	52061	209.38.158.128
5	1	1	0	0	29569501	0	0	29569501	0	0	62744	43.130.40.120
5	1	1	0	0	29632811	0	0	29632811	0	0	10293	35.206.126.150
5	0	0	0	1	0	0	29601634	0	0	29601634	0	119.249.100.181
5	2	2	0	0	29611831	0	0	29611829	0	0	125488	32.194.215.91
5	1	1	0	0	29584444	0	0	29584444	0	0	62744	119.249.100.179
5	1	1	0	0	29615739	0	0	29615739	0	0	62744	43.130.58.44
5	1	1	0	0	29617247	0	0	29617247	0	0	62744	43.166.232.4
5	0	0	0	1	0	0	29624153	0	0	29624153	0	119.249.100.174
5	0	0	0	1	0	0	29577355	0	0	29577355	0	72.56.189.44
5	0	0	0	1	0	0	29622245	0	0	29622245	0	119.249.100.171
5	2	2	0	0	29552247	0	0	29545695	0	0	125488	101.33.81.73
5	3	3	0	0	29616450	0	0	29616450	0	0	188232	79.127.255.227
5	1	1	0	1	29548464	0	29548464	29548464	0	29548464	62744	206.189.120.47
5	1	1	0	0	29573381	0	0	29573381	0	0	62744	198.235.24.14
5	3	3	0	0	29581820	0	0	29545463	0	0	188232	43.135.183.82
5	2	2	0	0	29594954	0	0	29594572	0	0	125488	170.106.181.163
5	2	2	0	0	29581596	0	0	29546043	0	0	125488	43.157.150.69
5	1	1	0	0	29616702	0	0	29616702	0	0	62744	49.51.253.26
5	0	0	0	1	0	0	29560906	0	0	29560906	0	143.198.236.224
5	1	1	0	0	29547009	0	0	29547009	0	0	62744	34.68.251.33
5	1	1	0	0	29556101	0	0	29556101	0	0	62744	34.56.5.128
5	1	1	0	15	29558012	0	29558012	29558012	0	29558012	62744	34.73.8.125
5	1	1	0	1	29560367	0	29560367	29560367	0	29560367	62744	167.94.138.45
5	2	2	0	0	29589872	0	0	29582839	0	0	125488	43.157.175.122
5	1	1	0	0	29546008	0	0	29546008	0	0	62744	36.106.166.117
5	0	0	0	1	0	0	29589498	0	0	29589498	0	192.36.109.86
5	1	1	0	0	29628007	0	0	29628007	0	0	52061	147.78.180.225
5	1	1	0	0	29598410	0	0	29598410	0	0	62744	192.36.109.83
5	1	1	0	0	29563107	0	0	29563107	0	0	13479	106.49.55.20
5	3	3	0	0	29616552	0	0	29565850	0	0	188232	170.106.160.90
5	1	1	0	0	29626055	0	0	29626055	0	0	52061	192.36.109.78
5	1	1	0	0	29632706	0	0	29632706	0	0	52061	52.90.241.132
5	1	1	0	0	29561269	0	0	29561269	0	0	62744	34.62.186.151
5	1	1	0	0	29551617	0	0	29551617	0	0	62744	45.55.236.122
5	1	1	0	0	29631312	0	0	29631312	0	0	52061	192.36.109.75
5	4	4	0	0	29614992	0	0	29577907	0	0	250976	129.226.93.214
5	3	3	0	18	29553085	0	29553085	29553085	0	29553085	188232	34.53.133.218
5	2	2	0	0	29572745	0	0	29555796	0	0	125488	43.166.142.76
5	3	3	0	0	29552369	0	0	29552359	0	0	40437	45.3.35.210
5	0	0	0	2	0	0	29627677	0	0	29622470	0	104.23.239.33
5	0	0	0	2	0	0	29632881	0	0	29622835	0	104.23.239.32
5	1	1	0	0	29616450	0	0	29616450	0	0	62744	159.89.91.231
5	4	4	0	0	29595787	0	0	29555774	0	0	250976	43.133.66.51
5	2	2	0	0	29583924	0	0	29560938	0	0	125488	43.165.189.110
5	1	0	0	0	29545416	0	0	29545416	0	0	87	13.50.252.201
5	0	0	0	1	0	0	29601634	0	0	29601634	0	119.249.100.108
5	1	1	0	1	29584558	0	29584558	29584558	0	29584558	62744	45.55.40.228
5	2	2	0	0	29603678	0	0	29603677	0	0	125488	34.123.170.104
5	1	1	0	0	29589680	0	0	29589680	0	0	62744	119.249.100.106
5	5	5	0	0	29617789	0	0	29576284	0	0	303037	43.157.170.126
5	0	0	0	1	0	0	29627428	0	0	29627428	0	141.101.98.192
5	1	1	0	0	29562611	0	0	29562611	0	0	62744	43.135.148.92
5	0	0	0	2	0	0	29604397	0	0	29604299	0	45.148.10.243
5	2	2	0	0	29567620	0	0	29546853	0	0	125488	43.155.157.239
5	1	1	0	0	29624121	0	0	29624121	0	0	52061	100.53.235.240
5	0	0	0	1	0	0	29606291	0	0	29606291	0	43.130.174.37
5	4	4	0	0	29627834	0	0	29600981	0	0	240293	43.157.153.236
5	0	0	0	2	0	0	29554196	0	0	29552771	0	178.16.53.170
5	1	1	0	0	29618521	0	0	29618521	0	0	52061	43.156.125.227
5	3	3	0	0	29622484	0	0	29572007	0	0	177549	170.106.110.146
5	9	9	0	0	29632180	0	0	29559556	0	0	532647	43.157.158.178
5	1	1	0	0	29603617	0	0	29603617	0	0	13479	34.98.143.134
5	274	274	0	274	29632811	0	29632811	29545455	0	29545455	16486778	54.205.47.14
5	1	1	0	0	29603616	0	0	29603616	0	0	0	34.98.143.133
5	2	2	0	0	29603617	0	0	29603617	0	0	13479	34.98.143.132
5	0	0	0	1	0	0	29558144	0	0	29558144	0	98.159.37.172
5	5	5	0	0	29602890	0	0	29565884	0	0	313720	43.159.148.221
5	1	1	0	0	29576825	0	0	29576825	0	0	13479	66.249.76.106
5	1	1	0	1	29626807	0	29626807	29626807	0	29626807	10293	66.249.76.104
5	3	3	0	0	29596225	0	0	29547522	0	0	188232	43.128.156.124
5	1	1	0	0	29623766	0	0	29623766	0	0	52061	87.236.176.93
5	0	0	0	4	0	0	29612753	0	0	29608483	0	207.46.13.230
5	0	0	0	4	0	0	29591084	0	0	29591009	0	207.46.13.229
5	1	1	0	2	29595017	0	29595021	29595017	0	29595017	62744	34.224.222.25
5	1	1	0	0	29605137	0	0	29605137	0	0	62744	43.131.32.36
5	1	1	0	0	29618167	0	0	29618167	0	0	52061	52.204.54.163
5	1	1	0	0	29593676	0	0	29593676	0	0	62744	209.222.82.128
5	2	2	0	0	29592164	0	0	29575334	0	0	125488	43.166.129.247
5	1	1	0	1	29547054	0	29547054	29547054	0	29547054	62744	46.101.89.168
5	1	1	0	0	29548297	0	0	29548297	0	0	62744	34.42.236.29
5	1	1	0	0	29606636	0	0	29606636	0	0	62744	54.235.232.102
5	1	1	0	0	29567339	0	0	29567339	0	0	62744	100.48.10.132
5	3	3	0	0	29599330	0	0	29545664	0	0	188232	43.130.72.177
5	1	1	0	0	29575395	0	0	29575395	0	0	62744	185.12.151.99
5	2	2	0	0	29571964	0	0	29564334	0	0	125488	43.153.27.244
5	0	0	0	1	0	0	29592735	0	0	29592735	0	171.105.76.122
5	1	1	0	0	29582268	0	0	29582268	0	0	62744	46.101.9.216
z	0	39	39	29632811	0
z	2	738	0	29632903	47462
z	4	4	4	29545424	8196
z	5	2286	2286	29632988	135034957
z	6	2	0	29627618	267382
c	101	13	29632811
c	200	3065	29632988
c	206	4	29545424
c	404	1755	29633048
