CACHE type 5 produced by analog 6.0/Unix. Do not modify or delete!
T	0	0	2362	2314	0	5297	115668738
D	29545417	29633035
20517	187	18	18	573998
20517	188	7	7	201711
20517	189	2	2	13479
20517	190	3	3	40437
20517	193	5	5	201711
20517	194	1	1	62744
20517	196	3	3	138967
20517	197	2	2	125488
20517	199	1	1	62744
20517	201	9	9	269106
20517	203	2	2	26958
20517	204	2	2	26958
20517	213	1	1	62744
20517	227	1	1	62744
20517	232	1	1	62744
20517	240	1	1	0
20517	247	1	1	62744
20517	253	1	1	62744
20517	255	1	1	62744
20517	262	1	1	62744
20517	263	1	1	62744
20517	267	2	2	26958
20517	268	1	1	62744
20517	271	1	1	62744
20517	272	3	3	40437
20517	274	1	1	62744
20517	275	2	2	62744
20517	276	1	1	62744
20517	281	1	1	13479
20517	282	1	1	62744
20517	283	1	1	13479
20517	287	1	1	13479
20518	0	1	1	62744
20518	8	2	2	26958
20518	11	1	1	13479
20518	13	1	1	0
20518	17	2	2	125488
20518	18	1	1	62744
20518	20	2	2	26958
20518	21	1	1	62744
20518	30	2	2	62744
20518	31	1	1	62744
20518	33	2	2	76223
20518	35	1	1	13479
20518	37	7	7	439208
20518	41	1	1	62744
20518	48	2	2	26958
20518	61	1	1	62744
20518	62	1	1	13479
20518	67	4	4	250976
20518	69	1	1	0
20518	70	1	1	62744
20518	72	1	1	62744
20518	74	1	1	62744
20518	75	4	4	250976
20518	81	1	1	62744
20518	100	2	2	125488
20518	103	1	1	13479
20518	113	1	1	62744
20518	122	1	1	62744
20518	126	1	1	62744
20518	131	1	1	62744
20518	135	1	1	62744
20518	139	1	1	62744
20518	145	1	1	62744
20518	152	1	1	62744
20518	158	1	1	62744
20518	160	1	1	62744
20518	161	1	1	62744
20518	183	1	0	36
20518	184	2	2	76223
20518	190	1	1	62744
20518	198	2	2	125488
20518	223	1	1	13479
20518	224	1	1	13479
20518	226	1	1	62744
20518	229	3	3	138967
20518	231	1	1	13479
20518	233	1	1	62744
20518	241	1	1	62744
20518	244	1	1	62744
20518	250	1	1	13479
20518	253	1	1	62744
20518	254	1	1	62744
20518	259	1	1	62744
20518	272	1	1	62744
20518	283	1	1	62744
20518	285	1	1	13479
20518	287	2	2	125488
20519	0	2	2	125488
20519	1	1	1	13479
20519	2	1	1	62744
20519	5	1	1	62744
20519	6	1	1	62744
20519	10	1	1	62744
20519	14	1	1	62744
20519	15	2	2	76223
20519	23	4	4	250976
20519	28	2	2	125488
20519	42	4	4	250976
20519	43	1	1	62744
20519	47	2	2	125488
20519	99	1	1	62744
20519	100	1	1	62744
20519	121	3	3	188232
20519	124	1	1	62744
20519	125	1	1	13479
20519	126	1	1	62744
20519	136	1	1	62744
20519	137	2	2	76223
20519	152	2	2	26958
20519	155	2	2	125488
20519	156	1	1	62744
20519	167	1	1	62744
20519	172	1	1	62744
20519	173	1	1	62744
20519	174	1	1	13479
20519	181	1	1	62744
20519	183	1	1	62744
20519	193	2	2	13479
20519	196	1	1	62744
20519	206	1	1	62744
20519	220	1	1	62744
20519	222	1	1	62744
20519	229	1	1	62744
20519	230	1	1	62744
20519	235	2	2	125488
20519	244	1	1	62744
20519	249	1	1	13479
20519	254	1	1	62744
20519	284	1	1	13479
20519	286	1	1	62744
20520	2	1	1	62744
20520	4	1	1	62744
20520	7	4	4	201711
20520	10	1	1	62744
20520	13	1	1	62744
20520	16	1	1	62744
20520	17	2	2	125488
20520	19	2	2	125488
20520	34	1	1	62744
20520	52	1	1	13479
20520	118	1	1	13479
20520	120	1	1	62744
20520	125	1	1	62744
20520	137	1	1	62744
20520	151	1	1	62744
20520	152	1	1	62744
20520	167	4	4	250976
20520	175	2	2	125488
20520	188	1	1	62744
20520	199	1	1	62744
20520	200	2	2	125488
20520	206	2	2	125488
20520	212	1	1	62744
20520	217	1	1	62744
20520	219	3	3	62744
20520	222	2	2	125488
20520	226	1	1	13479
20520	227	1	1	62744
20520	235	1	1	62744
20520	238	1	1	62744
20520	244	1	1	13479
20520	248	1	1	62744
20520	255	1	1	62744
20520	262	1	1	62744
20520	273	4	4	250976
20521	0	1	1	62744
20521	4	1	1	62744
20521	41	3	3	188232
20522	189	1	1	62744
20522	190	1	1	62744
20522	199	1	1	13479
20522	200	1	1	62744
20522	207	1	1	62744
20522	209	1	1	13479
20522	211	1	1	13479
20522	212	2	2	76223
20522	225	1	1	62744
20522	232	1	1	62744
20522	250	1	1	62744
20522	260	1	1	62744
20522	286	1	1	62744
20522	287	1	1	62744
20523	0	1	1	62744
20523	2	1	1	62744
20523	14	1	1	62744
20523	22	2	2	26958
20523	26	2	2	26958
20523	27	1	1	62744
20523	35	1	1	62744
20523	41	1	1	13479
20523	42	1	1	62744
20523	54	1	1	62744
20523	115	1	1	13479
20523	120	1	1	13479
20523	122	3	3	188232
20523	126	1	1	13479
20523	138	1	1	13479
20523	143	1	1	13479
20523	144	2	2	125488
20523	148	1	1	62744
20523	151	1	1	62744
20523	181	2	2	76223
20523	182	1	1	13479
20523	209	1	1	62744
20523	210	1	1	13479
20523	211	1	1	62744
20523	213	1	1	62744
20523	217	1	1	13479
20523	237	1	1	62744
20523	239	5	5	313720
20523	246	1	1	62744
20523	278	1	1	13479
20523	282	1	1	62744
20523	284	1	1	62744
20523	286	1	1	13479
20524	0	1	1	62744
20524	2	1	1	13479
20524	6	1	1	62744
20524	10	1	1	62744
20524	16	1	1	13479
20524	19	1	1	62744
20524	20	1	1	62744
20524	22	1	1	62744
20524	23	1	1	62744
20524	27	3	3	138967
20524	32	6	6	376464
20524	42	2	2	62744
20524	43	1	1	62744
20524	48	1	1	13479
20524	52	2	2	26958
20524	129	1	1	62744
20524	138	1	1	62744
20524	176	2	2	26958
20524	188	1	1	62744
20524	190	1	1	13479
20524	192	1	1	13479
20524	215	1	1	62744
20524	220	1	1	62744
20524	222	1	1	62744
20524	225	1	1	62744
20524	226	1	1	62744
20524	233	1	1	62744
20524	236	1	1	62744
20524	237	1	1	62744
20524	238	1	1	62744
20524	239	2	2	125488
20524	244	1	1	62744
20524	255	1	1	62744
20524	276	1	1	13479
20524	278	2	2	125488
20524	286	1	1	62744
20524	287	1	1	62744
20525	7	1	1	62744
20525	18	1	1	62744
20525	28	1	1	62744
20525	35	7	7	439208
20525	44	1	1	62744
20525	99	1	1	62744
20525	102	1	1	13479
20525	111	1	1	62744
20525	116	1	1	13479
20525	129	1	1	62744
20525	132	1	1	62744
20525	136	1	1	62744
20525	142	1	1	62744
20525	147	2	2	125488
20525	150	1	1	13479
20525	153	1	1	62744
20525	156	1	1	62744
20525	161	1	1	62744
20525	163	1	1	62744
20525	168	2	2	76223
20525	170	1	1	62744
20525	180	1	1	62744
20525	181	1	1	62744
20525	195	1	1	62744
20525	203	3	3	125488
20525	208	1	1	62744
20525	210	1	1	0
20525	215	1	1	62744
20525	219	1	1	13479
20525	221	1	1	62744
20525	230	1	1	62744
20525	239	1	1	62744
20525	246	1	1	62744
20525	263	1	1	62744
20525	264	2	2	26958
20525	267	2	2	26958
20525	268	1	1	62744
20525	270	2	2	26958
20525	276	1	1	13479
20525	287	1	1	62744
20526	14	1	1	62744
20526	26	1	1	62744
20526	27	3	3	89702
20526	30	1	1	62744
20526	41	1	1	62744
20526	124	1	1	62744
20526	130	1	1	62744
20526	143	3	3	188232
20526	144	2	2	125488
20526	151	1	1	62744
20526	165	4	4	250976
20526	174	1	1	62744
20526	175	1	1	62744
20526	179	4	4	250976
20526	190	1	1	62744
20526	195	1	1	62744
20526	200	1	1	62744
20526	202	1	1	13479
20526	205	3	3	188232
20526	215	1	1	62744
20526	220	1	1	62744
20526	227	1	1	62744
20526	230	1	1	62744
20526	244	1	1	62744
20526	246	1	1	62744
20526	255	3	3	188232
20526	269	1	1	13479
20526	278	1	1	62744
20527	17	1	1	62744
20527	24	1	1	62744
20527	30	1	1	13479
20527	33	1	1	62744
20527	35	2	2	125488
20527	36	1	1	62744
20527	44	1	1	62744
20527	146	3	3	188232
20527	163	3	3	138967
20527	164	1	1	62744
20527	170	1	1	13479
20527	171	1	1	62744
20527	174	1	1	62744
20527	190	1	1	62744
20527	193	1	1	62744
20527	202	1	1	62744
20527	207	1	1	62744
20527	208	1	1	62744
20527	210	1	1	13479
20527	213	1	1	62744
20527	215	1	1	62744
20527	234	2	2	125488
20527	237	1	1	62744
20527	255	1	1	62744
20527	259	1	1	62744
20527	260	2	2	125488
20527	263	1	1	62744
20527	277	1	1	62744
20527	280	1	1	62744
20528	0	1	1	62744
20528	2	1	1	62744
20528	3	1	1	62744
20528	7	1	1	62744
20528	12	1	1	62744
20528	13	1	1	62744
20528	14	1	1	13479
20528	33	1	1	62744
20528	42	1	1	62744
20528	49	1	1	13479
20528	51	1	1	62744
20528	273	1	1	62744
20529	102	1	1	62744
20529	104	1	1	62744
20529	108	1	1	62744
20529	111	1	1	62744
20529	113	1	1	62744
20529	134	1	1	13479
20529	136	1	1	62744
20529	137	1	1	62744
20529	143	1	1	0
20529	147	2	2	26958
20529	156	2	2	26958
20529	165	6	6	376464
20529	175	1	1	62744
20529	179	6	6	376464
20529	181	1	1	62744
20529	184	1	1	62744
20529	187	1	1	62744
20529	189	1	1	0
20529	190	1	1	62744
20529	192	1	1	62744
20529	195	1	1	62744
20529	197	1	1	62744
20529	201	1	1	13479
20529	203	1	1	62744
20529	210	1	1	62744
20529	222	4	4	53916
20529	225	1	1	13479
20529	226	3	3	138967
20529	228	1	1	13479
20529	258	4	4	250976
20529	261	1	1	62744
20529	262	1	1	13479
20529	264	2	2	125488
20529	268	1	1	13479
20529	269	5	5	67395
20529	275	1	1	62744
20529	276	1	1	62744
20529	277	2	2	62744
20529	281	1	1	62744
20529	286	1	1	62744
20529	287	1	1	62744
20530	1	2	2	76223
20530	9	1	1	62744
20530	11	1	1	62744
20530	31	1	1	62744
20530	33	3	3	188232
20530	35	1	1	62744
20530	130	1	1	62744
20530	133	1	1	13479
20530	135	1	1	62744
20530	157	1	1	62744
20530	160	1	1	13479
20530	167	1	1	13479
20530	176	1	1	62744
20530	178	1	1	62744
20530	196	1	1	0
20530	197	1	1	62744
20530	198	3	3	138967
20530	212	1	1	62744
20530	214	2	2	26958
20530	223	1	1	62744
20530	234	4	4	250976
20530	236	1	1	13479
20530	240	1	1	62744
20530	245	1	1	62744
20530	253	1	1	13479
20530	255	1	1	62744
20530	279	1	1	62744
20530	281	1	1	62744
20531	0	1	1	62744
20531	1	1	1	62744
20531	2	1	1	62744
20531	5	1	1	62744
20531	6	2	2	76223
20531	9	1	1	62744
20531	12	1	1	62744
20531	25	6	6	376464
20531	35	1	1	13479
20531	158	1	1	13479
20531	170	1	1	62744
20531	179	1	1	13479
20531	186	1	1	62744
20531	188	1	1	62744
20531	189	1	1	13479
20531	190	3	3	188232
20531	191	8	8	206362
20531	192	1	1	13479
20531	199	2	2	125488
20531	205	1	1	62744
20531	206	1	1	62744
20531	211	1	1	13479
20531	214	1	1	13479
20531	263	1	1	62744
20531	274	1	1	62744
20531	278	1	1	62744
20531	283	1	1	62744
20531	284	1	1	62744
20531	287	1	1	62744
20532	0	3	3	188232
20532	12	2	2	125488
20532	23	2	2	125488
20532	29	1	1	62744
20532	30	1	1	62744
20532	31	1	1	62744
20532	44	1	1	62744
20532	47	1	1	62744
20532	49	1	1	62744
20532	93	1	1	62744
20533	0	1	1	62744
20533	6	1	1	62744
20533	19	2	2	125488
20533	26	1	1	62744
20533	30	1	1	62744
20533	32	2	2	76223
20533	34	2	2	125488
20533	36	1	1	62744
20533	103	1	1	62744
20533	113	3	3	188232
20533	132	2	2	125488
20533	150	1	1	62744
20533	157	3	3	89702
20533	158	1	1	13479
20533	173	1	1	62744
20533	176	1	1	62744
20533	180	1	1	62744
20533	189	3	3	40437
20533	197	1	1	13479
20533	205	2	2	125488
20533	208	1	1	62744
20533	209	1	1	62744
20533	210	1	1	13479
20533	211	1	1	62744
20533	214	2	2	76223
20533	215	1	1	13479
20533	218	1	1	0
20533	220	4	4	201711
20533	224	1	1	62744
20533	227	1	1	62744
20533	230	1	1	62744
20533	234	1	1	62744
20533	239	1	1	62744
20533	244	1	1	62744
20533	265	1	1	62744
20533	270	1	1	62744
20533	273	1	1	62744
20533	275	1	1	62744
20533	276	1	1	13479
20533	285	1	1	62744
20534	1	1	1	62744
20534	7	1	1	62744
20534	14	2	2	125488
20534	19	1	1	62744
20534	20	1	1	62744
20534	41	1	1	62744
20534	110	1	1	62744
20534	115	1	1	13479
20534	119	1	1	62744
20534	123	1	1	62744
20534	124	1	1	62744
20534	126	1	1	62744
20534	128	1	1	62744
20534	144	1	1	62744
20534	147	1	1	62744
20534	156	1	1	62744
20534	162	2	2	125488
20534	176	1	1	13479
20534	188	1	1	62744
20534	200	1	1	62744
20534	206	1	1	62744
20534	216	1	1	62744
20534	225	2	2	62744
20534	237	1	1	62744
20534	238	1	1	13479
20534	249	1	1	62744
20534	251	1	1	62744
20535	0	1	1	62744
20535	2	1	1	62744
20535	3	1	1	62744
20535	37	1	1	62744
20535	40	3	3	188232
20535	49	1	1	62744
20535	121	1	1	62744
20535	125	1	1	62744
20535	127	1	1	62744
20535	133	1	1	62744
20535	137	1	1	62744
20535	139	1	1	62744
20535	181	1	1	62744
20535	187	1	1	13479
20535	192	1	1	62744
20535	201	1	1	62744
20535	208	1	1	62744
20535	226	1	1	62744
20535	229	1	1	62744
20535	231	2	2	26958
20535	236	4	4	250976
20535	237	1	1	62744
20535	242	1	1	62744
20535	248	1	1	62744
20535	268	2	2	76223
20535	275	1	1	13479
20535	280	1	1	62744
20536	0	1	1	62744
20536	4	1	1	62744
20536	9	1	1	62744
20536	14	1	1	62744
20536	31	1	1	13479
20536	42	1	1	62744
20536	44	2	2	125488
20536	113	1	1	13479
20536	114	2	2	76223
20536	115	2	2	26958
20536	119	1	1	62744
20536	126	1	1	62744
20536	129	2	2	125488
20536	131	1	1	62744
20536	132	1	1	13479
20536	134	1	1	62744
20536	149	1	1	62744
20536	160	2	2	26958
20536	172	1	1	62744
20536	173	1	1	62744
20536	177	1	1	62744
20536	178	1	1	62744
20536	186	1	1	62744
20536	194	1	1	62744
20536	202	1	1	62744
20536	216	1	1	62744
20536	231	1	1	62744
20536	239	1	1	62744
20536	242	1	1	62744
20536	245	1	1	62744
20536	248	1	1	62744
20536	253	1	1	62744
20536	257	1	1	62744
20536	262	1	1	62744
20536	273	1	1	62744
20536	282	1	1	62744
20537	0	1	1	62744
20537	10	1	1	62744
20537	37	1	1	62744
20537	39	1	1	62744
20537	43	1	1	62744
20537	44	1	1	62744
20537	52	1	1	62744
20537	53	1	1	62744
20537	132	1	1	62744
20537	140	1	1	62744
20537	142	1	1	62744
20537	145	1	1	62744
20537	147	1	1	62744
20537	152	1	1	62744
20537	181	1	1	62744
20537	186	1	1	62744
20537	187	1	1	62744
20537	191	1	1	62744
20537	197	2	2	13479
20537	205	2	2	125488
20537	212	1	1	62744
20537	221	1	1	62744
20537	222	1	1	62744
20537	223	1	1	62744
20537	240	1	1	62744
20537	250	1	1	62744
20537	252	3	3	89702
20537	259	1	1	62744
20537	263	1	1	62744
20537	271	2	2	26958
20537	274	1	1	62744
20537	277	2	2	125488
20538	0	1	1	62744
20538	1	1	1	62744
20538	13	1	1	62744
20538	23	1	1	62744
20538	25	6	6	376464
20538	29	1	1	62744
20538	32	1	1	13479
20538	45	1	1	62744
20538	109	2	2	125488
20538	117	1	1	62744
20538	127	1	1	62744
20538	128	1	1	62744
20538	129	1	1	62744
20538	130	1	1	62744
20538	131	1	1	62744
20538	134	1	1	62744
20538	135	1	1	62744
20538	139	1	1	62744
20538	143	1	1	62744
20538	153	2	2	125488
20538	154	1	1	62744
20538	160	2	2	76223
20538	173	1	1	62744
20538	184	1	1	62744
20538	185	1	1	13479
20538	189	1	1	62744
20538	192	1	1	62744
20538	199	1	1	62744
20538	205	1	1	62744
20538	209	1	1	62744
20538	218	2	2	125488
20538	230	1	1	62744
20538	237	1	1	62744
20538	238	1	1	62744
20538	240	1	1	62744
20538	251	1	1	62744
20538	253	1	1	62744
20538	255	1	1	62744
20538	257	2	2	26958
20538	262	1	1	62744
20538	266	1	1	62744
20538	282	1	1	62744
20539	1	2	2	125488
20539	8	1	1	62744
20539	9	1	1	62744
20539	17	2	2	26958
20539	22	2	2	26958
20539	26	1	1	62744
20539	28	1	1	62744
20539	30	1	1	62744
20539	31	1	1	62744
20539	38	1	1	62744
20539	50	3	3	188232
20539	129	1	1	0
20539	147	2	2	26958
20539	150	1	1	13479
20539	155	1	1	62744
20539	158	1	1	62744
20539	174	1	1	62744
20539	176	1	1	62744
20539	180	2	2	76223
20539	189	2	2	76223
20539	201	2	2	125488
20539	204	1	1	62744
20539	206	1	1	62744
20539	210	2	2	76223
20539	214	1	1	13479
20539	219	1	1	62744
20539	224	1	1	62744
20539	233	1	1	62744
20539	235	1	1	62744
20539	244	1	1	62744
20539	248	1	1	62744
20539	254	1	1	62744
20539	255	1	1	62744
20539	267	1	1	62744
20539	268	2	2	76223
20539	280	1	1	62744
20539	283	1	1	62744
20540	0	1	1	62744
20540	12	1	1	62744
20540	28	1	1	62744
20540	33	1	1	62744
20540	36	3	3	89702
20540	44	1	1	13479
20540	48	1	1	62744
20540	55	1	1	62744
20540	113	1	1	62744
20540	117	2	2	125488
20540	121	1	1	62744
20540	127	1	1	62744
20540	128	1	1	62744
20540	133	1	1	62744
20540	134	1	1	62744
20540	147	1	1	62744
20540	158	1	1	62744
20540	168	1	1	62744
20540	178	1	1	62744
20540	193	1	1	62744
20540	200	1	1	62744
20540	201	2	2	125488
20540	209	1	1	62744
20540	214	1	1	62744
20540	215	1	1	62744
20540	227	1	1	62744
20540	230	1	1	62744
20540	244	1	1	13479
20540	248	1	1	13479
20540	257	1	1	62744
20540	262	1	1	13479
20541	2	1	1	62744
20541	6	1	1	62744
20541	7	1	1	62744
20541	12	1	1	62744
20541	17	1	1	62744
20541	24	1	1	62744
20541	26	1	1	62744
20541	29	2	2	125488
20541	46	1	1	62744
20541	47	1	1	0
20541	49	1	1	62744
20541	111	1	1	13479
20541	119	1	1	62744
20541	125	1	1	62744
20541	133	1	1	62744
20541	140	1	1	62744
20541	158	1	1	13479
20541	172	1	1	62744
20541	181	1	1	62744
20541	187	1	1	62744
20541	189	1	1	62744
20541	194	4	4	152446
20541	221	1	1	62744
20541	226	2	2	26958
20541	228	1	1	62744
20541	234	1	1	62744
20541	250	2	2	26958
20541	259	1	1	62744
20541	261	1	1	62744
20541	264	1	1	62744
20541	283	1	1	62744
20542	2	1	1	62744
20542	3	1	1	62744
20542	4	1	1	62744
20542	19	1	1	13479
20542	24	1	1	62744
20542	27	1	1	62744
20542	28	1	1	62744
20542	43	1	1	62744
20542	46	1	1	62744
20542	53	3	3	125488
20542	167	1	1	62744
20542	171	1	1	62744
20542	187	2	2	125488
20542	191	2	2	125488
20542	192	1	1	62744
20542	193	1	1	62744
20542	196	1	1	62744
20542	206	1	1	62744
20542	222	1	1	62744
20542	233	1	1	62744
20542	239	2	2	125488
20542	244	1	1	62744
20542	266	1	1	62744
20542	268	2	2	125488
20542	283	1	1	62744
20543	0	1	1	62744
20543	1	1	1	62744
20543	2	1	1	62744
20543	4	1	1	62744
20543	12	2	2	125488
20543	18	1	1	62744
20543	23	1	1	62744
20543	26	2	2	26958
20543	184	1	1	62744
20543	187	2	2	76223
20543	207	1	1	62744
20543	209	1	1	62744
20543	210	2	2	125488
20543	213	1	1	62744
20543	227	1	1	62744
20543	230	6	6	80874
20543	252	1	1	13479
20543	265	1	1	13479
20543	276	1	1	62744
20543	277	1	1	62744
20543	282	1	1	62744
20544	0	1	1	62744
20544	1	1	1	62744
20544	4	1	1	13479
20544	6	1	1	62744
20544	13	2	2	125488
20544	17	1	1	62744
20544	18	3	3	188232
20544	30	1	1	62744
20544	50	1	1	62744
20544	53	1	1	62744
20544	54	3	3	188232
20544	221	1	1	62744
20544	222	1	1	62744
20544	233	1	1	13479
20544	237	1	1	13479
20544	239	1	1	62744
20544	255	1	1	62744
20544	257	1	1	62744
20544	263	1	1	62744
20544	284	1	1	62744
20544	286	1	1	62744
20544	287	3	3	40437
20545	1	1	1	62744
20545	25	6	6	376464
20545	156	1	1	62744
20545	157	1	1	62744
20545	174	1	1	62744
20545	177	1	1	62744
20545	181	1	1	62744
20545	186	1	1	62744
20545	189	3	3	26958
20545	192	3	3	138967
20545	193	1	1	62744
20545	199	1	1	62744
20545	201	1	1	62744
20545	204	2	2	26958
20545	273	3	3	89702
20546	1	1	1	62744
20546	9	1	1	62744
20546	12	1	1	62744
20546	20	1	1	62744
20546	21	1	1	62744
20546	22	1	1	62744
20546	29	1	1	13479
20546	30	1	1	62744
20546	32	1	1	62744
20548	43	1	1	62744
20548	46	1	1	62744
20548	117	1	1	62744
20548	118	1	1	62744
20548	119	1	1	62744
20548	120	1	1	62744
20548	126	2	2	26958
20548	128	1	1	62744
20548	134	1	1	62744
20548	136	1	1	62744
20548	152	1	1	62744
20548	190	1	1	62744
20548	191	1	1	62744
20548	196	1	1	62744
20548	200	1	1	62744
20548	201	2	2	0
20548	211	1	1	13479
20548	219	1	1	62744
20548	235	1	1	62744
20548	253	1	1	62744
20548	257	1	1	13479
20548	259	1	1	62744
20548	269	2	2	125488
20548	274	1	1	62744
20548	277	1	1	13479
20548	287	1	1	62744
20549	5	1	1	13479
20549	13	1	1	62744
20549	23	1	1	62744
20549	24	1	1	62744
20549	26	1	1	62744
20549	34	1	1	62744
20549	37	2	2	76223
20549	139	1	1	62744
20549	141	1	1	62744
20549	145	1	1	62744
20549	162	1	1	62744
20549	172	2	2	125488
20549	206	3	3	40437
20549	220	1	1	62744
20549	227	1	1	62744
20549	230	1	1	62744
20549	233	1	1	62744
20549	236	1	1	62744
20549	245	1	1	62744
20549	246	1	1	13479
20549	255	1	1	62744
20549	261	1	1	62744
20549	262	1	1	62744
20549	263	1	1	62744
20549	271	1	1	13479
20549	277	1	1	62744
20549	281	1	1	62744
20550	1	2	2	125488
20550	3	1	1	62744
20550	17	1	1	62744
20550	30	1	1	62744
20550	33	2	2	125488
20550	99	1	1	13479
20550	117	1	1	62744
20550	124	1	1	62744
20550	139	1	1	13479
20550	143	1	1	0
20550	146	2	2	125488
20550	149	1	1	62744
20550	164	1	1	62744
20550	176	1	1	62744
20550	180	1	1	62744
20550	182	3	3	89702
20550	183	2	2	26958
20550	189	1	1	62744
20550	197	1	1	62744
20550	202	1	1	62744
20550	210	2	2	125488
20550	211	2	2	125488
20550	216	1	1	62744
20550	218	1	1	13479
20550	225	1	1	62744
20550	228	1	1	62744
20550	232	1	1	62744
20550	234	1	1	13479
20550	235	1	1	62744
20550	236	1	1	62744
20550	254	1	1	62744
20550	255	1	1	62744
20550	260	1	1	62744
20550	275	1	1	62744
20551	0	1	1	62744
20551	45	1	1	62744
20551	47	5	5	313720
20551	91	1	1	62744
20551	99	1	1	62744
20551	119	1	1	62744
20551	132	1	1	62744
20551	136	1	1	13479
20551	168	1	1	62744
20551	186	1	1	62744
20551	200	1	1	62744
20551	202	2	2	125488
20551	206	1	1	62744
20551	228	1	1	13479
20551	242	2	2	125488
20551	246	1	1	13479
20551	260	1	1	62744
20551	262	1	1	62744
20551	263	1	1	62744
20551	264	1	1	62744
20551	280	1	1	62744
20551	282	2	2	26958
20551	283	1	1	62744
20552	0	2	2	125488
20552	1	1	1	62744
20552	4	1	1	62744
20552	5	1	1	13479
20552	29	1	1	62744
20552	34	3	3	26958
20552	35	1	1	13479
20552	39	1	1	13479
20552	51	1	1	0
20552	167	1	1	62744
20552	185	1	1	62744
20552	187	1	1	62744
20552	189	1	1	62744
20552	193	1	1	13479
20552	201	1	1	62744
20552	206	1	1	62744
20552	208	1	1	62744
20552	209	2	2	125488
20552	215	10	10	121311
20552	228	1	1	62744
20552	230	1	1	62744
20552	231	2	2	125488
20552	232	1	1	62744
20552	253	2	2	125488
20552	255	1	1	62744
20552	262	2	2	125488
20552	264	2	2	125488
20552	273	2	2	125488
20552	280	1	1	0
20553	0	1	1	62744
20553	21	1	1	62744
20553	29	1	1	62744
20553	32	1	1	62744
20553	109	1	1	62744
20553	129	1	1	62744
20553	148	1	1	62744
20553	157	1	1	13479
20553	175	1	1	0
20553	195	2	2	26958
20553	196	1	1	62744
20553	201	1	1	62744
20553	203	1	1	62744
20553	205	1	1	62744
20553	207	1	1	62744
20553	222	1	1	62744
20553	223	1	1	13479
20553	225	1	1	62744
20553	238	1	1	62744
20553	239	2	2	125488
20553	246	1	1	62744
20553	247	1	1	62744
20553	259	1	1	62744
20553	261	1	1	62744
20553	266	1	1	62744
20553	270	1	1	62744
20554	14	1	1	62744
20554	15	1	1	13479
20554	25	1	1	62744
20554	26	3	3	125488
20554	32	1	1	62744
20554	40	1	1	62744
20554	187	1	1	62744
20554	189	2	2	26958
20554	196	1	1	62744
20554	203	1	1	62744
20554	221	1	1	62744
20554	226	1	1	0
20554	234	1	1	62744
20554	239	1	1	62744
20554	256	1	1	13479
20554	262	1	1	13479
20554	269	1	1	62744
20554	287	1	1	13479
20555	0	1	1	62744
20555	4	1	1	62744
20555	10	2	2	125488
20555	13	1	1	62744
20555	21	1	1	62744
20555	24	1	1	62744
20555	145	1	1	62744
20555	146	1	1	62744
20555	154	1	1	62744
20555	190	1	1	62744
20555	205	1	1	62744
20555	207	1	1	62744
20555	209	1	1	62744
20555	259	1	1	62744
20555	263	1	1	62744
20555	279	1	1	62744
20555	287	1	1	13479
20556	0	1	1	62744
20556	20	1	1	62744
20556	21	1	1	62744
20556	23	1	1	62744
20556	25	1	1	62744
20556	31	1	1	62744
20556	33	2	2	125488
20556	41	1	1	62744
20556	45	1	1	62744
20556	237	1	1	62744
20556	256	1	1	13479
20556	257	2	2	26958
20556	265	1	1	62744
20556	269	1	1	62744
20557	0	1	1	62744
20557	4	1	1	62744
20557	10	1	1	62744
20557	30	1	1	62744
20557	34	1	1	62744
20557	40	3	3	138967
20557	42	2	2	26958
20557	52	1	1	62744
20557	157	1	1	62744
20557	163	1	1	62744
20557	169	1	1	62744
20557	176	1	1	13479
20557	177	2	2	26958
20557	181	2	2	26958
20557	182	2	2	26958
20557	197	6	6	130139
20557	199	1	1	62744
20557	200	3	3	40437
20557	222	2	2	125488
20557	237	1	1	62744
20557	244	1	1	62744
20557	249	1	1	62744
20557	256	1	1	62744
20557	267	1	1	62744
20557	269	1	1	62744
20557	270	1	1	62744
20557	271	1	1	62744
20557	273	1	1	62744
20558	0	1	1	62744
20558	7	1	1	62744
20558	19	1	1	13479
20558	23	1	1	62744
20558	33	2	2	125488
20558	35	1	1	62744
20558	38	1	1	62744
20558	41	1	1	13479
20558	46	1	1	13479
20559	164	4	4	53916
20559	166	1	1	13479
20559	182	1	1	62744
20559	183	1	0	1207
20559	184	1	1	62744
20559	185	1	1	62744
20559	192	1	1	62744
20559	197	1	1	62744
20559	198	1	1	13479
20559	200	1	1	13479
20559	201	2	2	125488
20559	209	1	1	62744
20559	210	2	2	125488
20559	211	2	2	76223
20559	219	1	1	62744
20559	225	2	2	125488
20559	227	2	2	125488
20559	229	1	1	62744
20559	230	1	1	13479
20559	231	1	1	62744
20559	240	2	2	26958
20559	245	1	1	62744
20559	279	1	1	62744
20559	284	1	1	62744
20559	287	1	1	62744
20560	14	1	1	62744
20560	18	1	1	62744
20560	19	1	1	62744
20560	26	1	1	62744
20560	29	1	1	62744
20560	30	2	2	26958
20560	46	2	2	125488
20560	141	1	1	62744
20560	143	1	1	13479
20560	152	1	1	62744
20560	157	2	2	125488
20560	164	1	1	13479
20560	165	2	2	26958
20560	175	3	3	89702
20560	188	2	2	125488
20560	190	2	2	125488
20560	194	1	1	62744
20560	205	1	1	62744
20560	206	1	1	62744
20560	208	1	1	62744
20560	214	1	1	62744
20560	219	2	2	26958
20560	220	2	2	125488
20560	221	2	2	125488
20560	235	2	2	125488
20560	237	1	1	62744
20560	241	1	1	62744
20560	243	1	1	62744
20560	262	1	1	62744
20561	0	1	1	62744
20561	4	1	1	62744
20561	21	1	1	13479
20561	23	1	1	62744
20561	242	2	2	26958
20561	244	1	1	62744
20561	254	1	1	62744
20561	265	1	1	62744
20561	278	2	2	26958
20561	280	1	1	13479
20562	1	2	2	76223
20562	6	1	1	62744
20562	11	1	1	62744
20562	13	4	4	103181
20562	19	1	1	13479
20562	23	1	1	13479
20562	26	1	1	62744
20562	33	2	2	125488
20562	34	1	1	13479
20562	37	2	2	26958
20562	40	1	1	62744
20562	41	1	1	62744
20562	45	2	2	125488
20562	108	2	2	125488
20562	117	3	3	89702
20562	119	2	2	125488
20562	125	2	2	125488
20562	132	1	1	62744
20562	141	1	1	62744
20562	144	1	1	62744
20562	171	1	1	62744
20562	172	1	1	62744
20562	185	1	1	13479
20562	195	1	1	62744
20562	198	1	1	62744
20562	199	1	1	62744
20562	207	1	1	62744
20562	211	1	1	62744
20562	223	1	1	62744
20562	240	2	2	125488
20562	245	2	2	125488
20562	246	1	1	62744
20562	257	1	1	62744
20562	265	1	1	62744
20562	276	1	1	13479
20563	0	1	1	62744
20563	8	2	2	26958
20563	11	1	1	62744
20563	17	1	1	62744
20563	31	1	1	62744
20563	37	1	1	13479
20563	128	1	1	13479
20563	130	1	1	13479
20563	133	2	2	125488
20563	140	1	1	62744
20563	147	1	1	62744
20563	153	1	1	62744
20563	164	1	1	62744
20563	167	2	2	26958
20563	175	3	3	89702
20563	179	2	2	125488
20563	188	1	1	62744
20563	200	1	1	62744
20563	209	5	5	116660
20563	211	1	1	62744
20563	213	4	4	53916
20563	217	2	2	76223
20563	220	2	2	76223
20563	222	1	1	62744
20563	224	1	1	62744
20563	231	1	1	62744
20563	232	1	1	62744
20563	237	1	1	0
20563	240	1	1	62744
20563	244	1	1	62744
20563	256	2	2	26958
20563	259	1	1	62744
20563	269	1	1	13479
20563	286	1	1	62744
20563	287	1	1	62744
20564	0	1	1	62744
20564	7	1	1	62744
20564	19	1	1	62744
20564	21	1	1	62744
20564	33	1	1	62744
20564	51	1	1	62744
20564	106	1	1	62744
20564	114	1	1	0
20564	128	1	1	62744
20564	148	2	2	125488
20564	155	1	1	62744
20564	156	1	1	62744
20564	159	2	2	26958
20564	166	1	1	62744
20564	181	1	1	62744
20564	184	2	2	26958
20564	190	1	1	62744
20564	191	1	1	13479
20564	195	1	1	62744
20564	225	1	1	0
20564	228	1	1	62744
20564	236	1	1	62744
20564	243	1	1	13479
20564	260	1	1	62744
20564	276	1	1	62744
20564	281	1	1	62744
20565	1	1	1	62744
20565	21	1	1	62744
20565	25	1	1	62744
20565	27	3	3	188232
20565	31	1	1	13479
20565	34	1	1	0
20565	238	2	2	26958
20565	244	3	3	188232
20565	245	3	3	188232
20565	250	1	1	62744
20565	258	3	3	40437
20565	260	1	1	62744
20565	264	1	1	62744
20565	265	1	1	62744
20565	271	2	2	26958
20565	272	1	1	62744
20565	274	1	1	62744
20565	276	2	2	125488
20565	286	3	3	188232
20566	0	1	1	62744
20566	1	2	2	26958
20566	5	2	2	125488
20566	11	1	1	62744
20566	14	3	3	188232
20566	22	1	1	62744
20566	26	6	6	376464
20566	32	1	1	62744
20566	34	1	1	62744
20566	37	1	1	62744
20566	38	1	1	62744
20566	44	2	2	125488
20566	45	1	1	62744
20567	0	1	1	62744
20567	2	1	1	62744
20567	4	1	1	62744
20567	8	1	1	0
20567	24	1	1	62744
20567	32	1	1	62744
20567	33	1	1	62744
20567	35	1	1	62744
20567	42	2	2	62744
20567	53	1	1	62744
20567	54	1	1	62744
20567	132	2	2	125488
20567	133	3	3	188232
20567	135	1	1	62744
20567	142	1	1	62744
20567	165	1	1	62744
20567	178	1	1	62744
20567	184	1	1	13479
20567	193	2	2	125488
20567	203	5	5	116660
20567	208	4	3	167750
20567	212	1	1	52061
20567	215	1	1	52061
20567	227	5	4	219811
20567	231	1	1	52061
20567	233	4	4	82940
20567	234	1	1	52061
20567	235	2	2	104122
20567	237	1	1	52061
20567	239	1	1	62818
20567	240	11	9	379099
20567	242	1	1	52061
20567	243	1	1	52061
20567	245	1	1	52061
20567	247	1	1	52061
20567	249	1	1	62818
20567	250	1	1	52061
20567	251	1	1	52061
20567	256	3	3	156183
20567	263	4	3	167750
20567	267	1	1	52061
20567	270	1	1	52061
20567	275	1	1	10293
20568	0	1	1	52061
20568	13	1	1	10293
20568	30	1	1	52061
20568	34	2	2	104122
20568	35	2	2	104122
20568	41	1	1	62818
20568	51	1	1	52061
20568	177	3	3	156183
20568	191	2	2	20586
20568	193	2	1	143984
20568	196	4	3	248106
20568	202	6	5	191516
20568	203	3	3	117595
20568	206	1	1	52061
20568	208	1	1	52061
20568	211	1	1	52061
20568	224	1	1	52061
20568	226	1	1	10293
20568	227	1	0	133691
20568	230	1	1	52061
20568	237	1	1	52061
20568	238	7	6	404289
20568	240	1	1	13473
20568	242	4	4	208244
20568	275	2	2	62354
20568	280	2	1	143984
20569	0	1	1	52061
20569	9	2	1	143984
20569	11	1	1	52061
20569	29	1	1	52061
20569	30	1	1	52061
20569	36	1	1	10293
20569	39	1	1	52061
20569	49	1	1	10293
20569	50	1	0	133691
20569	184	1	1	52061
20569	198	1	1	52061
20569	205	1	1	52061
20569	207	2	1	0
20569	216	2	2	20586
20569	218	1	1	52061
20569	221	3	2	196045
20569	228	1	1	52061
20569	239	1	1	52061
20569	243	1	1	52061
20569	244	1	1	52061
20569	246	1	1	52061
20569	257	1	1	52061
20569	263	1	1	52061
20569	277	1	1	0
20569	283	1	1	52061
20570	1	1	1	52061
20570	30	1	1	52061
20570	35	1	1	52061
20571	121	1	1	10293
20571	122	1	1	13473
20571	128	1	1	52061
20571	129	4	3	248106
20571	140	2	2	104122
20571	148	4	4	208244
20571	155	1	1	52061
20571	163	2	2	62354
20571	168	1	1	52061
20571	175	1	1	52061
20571	184	1	1	52061
20571	186	2	1	143984
20571	189	12	12	593721
20571	190	3	3	75827
20571	192	1	1	52061
20571	193	1	1	0
20571	198	2	2	20586
20571	199	1	1	52061
20571	200	2	2	20586
20571	205	1	1	52061
20571	219	2	2	20586
20571	222	2	1	143984
20571	235	2	1	143984
20571	237	2	2	62354
20571	238	2	2	104122
20571	241	2	2	104122
20571	247	1	1	52061
20571	250	1	1	52061
20571	251	1	1	52061
20571	266	1	1	52061
20571	281	1	1	52061
20572	1	1	1	52061
20572	2	1	1	52061
20572	3	1	1	52061
20572	7	2	2	104122
20572	8	2	2	104122
20572	13	1	1	10293
20572	17	1	1	52061
20572	29	1	1	52061
20572	30	1	1	52061
20572	32	3	2	154277
20572	37	1	1	52061
20572	44	2	2	104122
20572	47	2	2	104122
20572	108	1	1	52061
20572	112	1	1	52061
20572	120	1	1	52061
20572	130	2	2	104122
20572	134	3	2	196045
20572	146	2	2	104122
20572	149	2	1	143984
20572	150	1	1	52061
20572	155	1	1	52061
20572	162	1	1	52061
20572	166	1	1	52061
20572	177	1	1	52061
20572	193	1	1	52061
20572	195	2	2	0
20572	196	2	2	20586
20572	199	2	1	143984
20572	200	2	1	143984
20572	202	1	1	0
20572	209	1	1	10293
20572	224	2	1	143984
20572	228	1	1	52061
20572	238	2	2	104122
20572	250	1	1	52061
20572	252	1	1	52061
20572	257	2	1	143984
20572	261	1	1	52061
20572	272	1	1	52061
20572	283	2	2	20586
20573	1	1	1	52061
20573	13	1	1	52061
20573	19	3	3	156183
20573	108	1	1	52061
20573	126	1	1	52061
20573	129	2	2	104122
20573	138	1	1	52061
20573	142	1	1	52061
20573	149	1	1	52061
20573	154	2	1	143984
20573	162	1	1	52061
20573	168	1	1	52061
20573	170	1	1	52061
20573	173	2	1	143984
20573	181	1	1	52061
20573	185	1	1	52061
20573	186	2	2	104122
20573	187	10	10	270002
20573	189	1	1	10293
20573	191	1	1	52061
20573	193	2	1	143984
20573	194	1	1	52061
20573	197	4	4	208244
20573	198	1	1	52061
20573	199	3	2	196045
20573	221	1	1	10293
20573	230	1	1	52061
20573	233	1	1	52061
20573	246	6	5	185156
20573	249	1	1	52061
20573	250	1	1	52061
20573	256	1	1	10293
20573	257	1	1	52061
20573	277	2	1	143984
20573	279	1	1	52061
20573	283	1	1	52061
20573	285	1	1	10293
20574	0	2	2	104122
20574	2	1	1	52061
20574	7	3	3	156183
20574	19	3	3	30879
20574	20	1	1	52061
20574	23	1	1	52061
20574	41	1	1	52061
20574	43	1	1	52061
20574	45	1	1	52061
20574	47	1	1	52061
20574	55	1	1	52061
20574	94	2	2	20586
20574	100	1	1	52061
20574	110	2	2	104122
20574	117	1	1	52061
20574	118	2	1	143984
20574	120	2	2	20586
20574	130	3	2	154277
20574	141	2	2	52061
20574	142	15	15	260305
20574	144	1	1	52061
20574	147	1	1	52061
20574	156	1	1	52061
20574	160	1	1	52061
20574	163	2	2	20586
20574	167	2	1	143984
20574	174	1	1	52061
20574	179	2	1	143984
20574	184	1	1	52061
20574	189	1	1	52061
20574	193	2	2	104122
20574	199	1	1	52061
20574	201	1	1	52061
20574	207	2	1	143984
20574	216	2	1	143984
20574	220	1	1	52061
20574	223	1	1	52061
20574	225	1	1	52061
20574	229	1	1	52061
20574	230	1	1	52061
20574	233	3	2	196045
20574	234	2	1	143984
20574	235	3	3	166940
20574	237	1	1	52061
20574	238	3	3	156183
20574	242	1	1	52061
20574	243	1	1	52061
20574	245	1	1	52061
20574	246	1	1	52061
20574	247	4	3	248106
20574	249	2	2	62354
20574	257	2	2	104122
20574	266	1	1	52061
20574	274	1	1	52061
20574	284	1	1	52061
20574	287	1	1	52061
20575	0	1	1	52061
20575	20	2	2	62354
20575	21	1	1	52061
20575	51	3	3	156183
20575	52	1	1	52061
20575	167	1	1	52061
20575	176	1	1	52061
20575	180	1	1	52061
20575	183	11	11	458588
20575	184	2	1	143984
20575	193	1	1	52061
20575	200	1	1	52061
20575	209	1	1	52061
20575	210	1	1	52061
20575	211	1	1	52061
20575	213	1	1	52061
20575	217	1	1	52061
20575	218	1	1	52061
20575	262	1	1	52061
20575	269	1	1	52061
20575	271	1	1	52061
20575	285	1	1	52061
20576	0	1	1	52061
20576	3	1	1	52061
20576	7	2	2	20586
20576	20	1	1	52061
20576	43	2	2	104122
20576	47	1	1	52061
20576	53	2	2	104122
20576	114	1	1	52061
20576	115	1	1	52061
20576	117	1	1	52061
20576	120	1	1	52061
20576	124	1	1	52061
20576	129	1	1	52061
20576	134	1	1	52061
20576	141	1	1	52061
20576	142	1	1	52061
20576	147	2	1	143984
20576	149	2	2	104122
20576	155	2	2	104122
20576	164	1	1	52061
20576	173	1	1	52061
20576	176	1	1	52061
20576	177	1	1	10293
20576	185	1	1	52061
20576	193	1	1	52061
20576	199	2	1	0
20576	212	5	4	34059
20576	216	1	1	52061
20576	223	1	1	52061
20576	225	1	1	52061
20576	230	1	1	52061
20576	243	1	1	52061
20576	247	1	1	52061
20576	259	2	2	104122
20576	268	1	1	52061
20576	269	1	1	52061
20576	270	1	1	52061
20577	0	1	1	52061
20577	5	2	2	104122
20577	12	1	1	52061
20577	35	1	1	52061
20577	47	1	1	52061
20577	107	1	1	62818
20577	118	2	2	20586
20577	128	1	1	52061
20577	140	1	1	52061
20577	143	1	1	52061
20577	144	1	1	52061
20577	146	1	1	52061
20577	148	6	6	68118
20577	149	1	1	52061
20577	167	2	2	104122
20577	174	1	1	52061
20577	193	1	1	52061
20577	195	2	2	104122
20577	196	2	2	104122
20577	201	1	1	52061
20577	222	1	1	52061
20577	223	1	1	52061
20577	226	1	1	52061
20577	228	1	1	52061
20577	233	1	1	52061
20577	237	2	1	143984
20577	268	1	1	52061
20577	270	1	1	52061
20578	0	1	1	52061
20578	1	1	1	52061
20578	29	1	1	52061
20578	31	1	1	52061
20578	32	1	1	52061
20578	41	4	4	208244
20578	55	1	1	10293
20578	117	1	1	10293
20578	133	1	1	52061
20578	137	2	2	104122
20578	141	2	2	62354
20578	143	1	1	52061
1	0	0	0	1	0	0	29563143	0	0	29563143	0	/API/.env
1	0	0	0	3	0	0	29627422	0	0	29563142	0	/.env.local
1	0	0	0	10	0	0	29622981	0	0	29547476	0	/HNAP1
1	0	0	0	1	0	0	29576220	0	0	29576220	0	/.env_settings
1	0	0	0	1	0	0	29576220	0	0	29576220	0	/docker/.env.local
1	0	0	0	1	0	0	29563143	0	0	29563143	0	/sendgrid.env
1	0	0	0	1	0	0	29563142	0	0	29563142	0	/storage/logs/laravel.log
1	0	0	0	1	0	0	29563143	0	0	29563143	0	/test/.git/config
1	0	0	0	1	0	0	29563142	0	0	29563142	0	/_debug
1	0	0	0	1	0	0	29563142	0	0	29563142	0	/api/v1/config
1	0	0	0	1	0	0	29565423	0	0	29565423	0	/tomcat/html
1	0	0	0	1	0	0	29563143	0	0	29563143	0	/.docker/.env
1	0	0	0	1	0	0	29563143	0	0	29563143	0	/current/phpinfo.php
1	0	0	0	1	0	0	29563142	0	0	29563142	0	/.env.prod.local
1	0	0	0	1	0	0	29563143	0	0	29563143	0	/laravel/.env.production
1	0	0	0	1	0	0	29563143	0	0	29563143	0	/cron/.env.local
1	0	0	0	1	0	0	29563142	0	0	29563142	0	/backend/stripe.js
1	0	0	0	1	0	0	29563142	0	0	29563142	0	/Dockerfile
1	0	0	0	1	0	0	29617144	0	0	29617144	0	/xmldata?item=all
1	0	0	0	1	0	0	29563142	0	0	29563142	0	/core/Datavase/.env
1	0	0	0	1	0	0	29577806	0	0	29577806	0	/enhancecp
1	0	0	0	1	0	0	29563143	0	0	29563143	0	/service/phpinfo.php
1	0	0	0	1	0	0	29563143	0	0	29563143	0	/help/info.php
1	0	0	0	1	0	0	29563143	0	0	29563143	0	/crm/.env.local
1	0	0	0	1	0	0	29563143	0	0	29563143	0	/pages/api/checkout.js
1	0	0	0	1	0	0	29563143	0	0	29563143	0	/aws/secrets/stripe.json
1	0	0	0	1	0	0	29563142	0	0	29563142	0	/modules/.env
1	0	0	0	1	0	0	29563143	0	0	29563143	0	/laravel/.git/config
1	0	0	0	1	0	0	29562556	0	0	29562556	0	/yIc8
1	0	0	0	1	0	0	29617147	0	0	29617147	0	/owncloud/status.php
1	0	0	0	1	0	0	29563143	0	0	29563143	0	/linusadmin-phpinfo.php
1	0	0	0	1	0	0	29563143	0	0	29563143	0	/.stripe.bak
1	0	0	0	1	0	0	29563143	0	0	29563143	0	/config/.env.stripe
1	0	0	0	1	0	0	29563142	0	0	29563142	0	/app/logs/prod.log
1	0	0	0	1	0	0	29583100	0	0	29583100	0	/KnJY
1	0	0	0	1	0	0	29597892	0	0	29597892	0	/nmaplowercheck1775787168
1	0	0	0	1	0	0	29574134	0	0	29574134	0	/check_health
1	0	0	0	1	0	0	29563142	0	0	29563142	0	/project/settings/payment.py
1	0	0	0	1	0	0	29563143	0	0	29563143	0	/pages/api/stripe.js
1	0	0	0	2	0	0	29576220	0	0	29563143	0	/.env.development.local
1	0	0	0	1	0	0	29563143	0	0	29563143	0	/mailer/.env
1	0	0	0	1	0	0	29563142	0	0	29563142	0	/server/stripe.js
1	0	0	0	1	0	0	29610485	0	0	29610485	0	/config/database.php
1	0	0	0	1	0	0	29629190	0	0	29629190	0	/openid_connect/cpanelid
1	0	0	0	1	0	0	29563143	0	0	29563143	0	/.cache/payment.json
1	0	0	0	1	0	0	29624346	0	0	29624346	0	/containers/json
1	5	5	0	0	29631750	0	0	29545749	0	0	303037	/?%ADd+allow_url_include%3d1+%ADd+auto_prepend_file%3dphp://input
1	0	0	0	1	0	0	29563143	0	0	29563143	0	/payment.env
1	0	0	0	1	0	0	29563143	0	0	29563143	0	/lib/.git/config
1	0	0	0	1	0	0	29584642	0	0	29584642	0	/vpnsvc/connect.cgi
1	0	0	0	2	0	0	29558682	0	0	29558682	0	/postnews.php
1	0	0	0	1	0	0	29563143	0	0	29563143	0	/crm/.env
1	0	0	0	1	0	0	29615180	0	0	29615180	0	/api/version
1	0	0	0	26	0	0	29627422	0	0	29545418	0	/.env
1	0	0	0	1	0	0	29563143	0	0	29563143	0	/config/webhook.php
1	0	0	0	1	0	0	29563143	0	0	29563143	0	/config/cashier.php
1	0	0	0	1	0	0	29563143	0	0	29563143	0	/server/.env.staging
1	0	0	0	1	0	0	29622981	0	0	29622981	0	/odinhttpcall1777292509
1	0	0	0	2	0	0	29617148	0	0	29547968	0	/login.html
1	0	0	0	10	0	0	29626403	0	0	29586167	0	/.well-known/traffic-advice
1	0	0	0	1	0	0	29548508	0	0	29548508	0	/js/lkk_ch.js
1	0	0	0	1	0	0	29563142	0	0	29563142	0	/.api_keys
1	0	0	0	1	0	0	29563143	0	0	29563143	0	/storage/framework/cache/payment.php
1	0	0	0	1	0	0	29563143	0	0	29563143	0	/product/.env
1	0	0	0	1	0	0	29563143	0	0	29563143	0	/.env.test.local
1	0	0	0	1	0	0	29563142	0	0	29563142	0	/s3.yml
1	0	0	0	1	0	0	29579778	0	0	29579778	0	/SDK/webLanguage?51.38.90.52
1	0	0	0	1	0	0	29563142	0	0	29563142	0	/api_keys.json
1	0	0	0	1	0	0	29574846	0	0	29574846	0	/dns-query?dns=nx4BAAABAAAAAAAAATEEb2RucwFtCmRuc21lYXN1cmUDdG9wAAABAAE
1	0	0	0	1	0	0	29562586	0	0	29562586	0	/odinhttpcall1773668777
1	0	0	0	1	0	0	29556179	0	0	29556179	0	/odinhttpcall1773284386
1	0	0	0	1	0	0	29563143	0	0	29563143	0	/project/.env
1	0	0	0	1	0	0	29563143	0	0	29563143	0	/app/.env.production
1	0	0	0	1	0	0	29563142	0	0	29563142	0	/app/settings_stripe.py
1	0	0	0	13	0	0	29629097	0	0	29553286	0	/version
1	0	0	0	5	0	0	29626055	0	0	29565594	0	/RDWeb
1	0	0	0	2	0	0	29568181	0	0	29558158	0	/SiteLoader
1	1	1	0	0	29584929	0	0	29584929	0	0	62744	/?dns=TD4BAAABAAAAAAAAATEEb2RucwFtCmRuc21lYXN1cmUDdG9wAAABAAE
1	0	0	0	1	0	0	29563142	0	0	29563142	0	/info1.php
1	0	0	0	1	0	0	29563143	0	0	29563143	0	/backend/info.php
1	0	0	0	1	0	0	29547570	0	0	29547570	0	/odinhttpcall1772767806
1	0	0	0	1	0	0	29563142	0	0	29563142	0	/config/stripe.js
1	0	0	0	1	0	0	29563143	0	0	29563143	0	/stg/.env.local
1	0	0	0	1	0	0	29563143	0	0	29563143	0	/test/.env.production
1	0	0	0	1	0	0	29617149	0	0	29617149	0	/identity
1	0	0	0	18	0	0	29628920	0	0	29628919	0	/contact-us
1	0	0	0	5	0	0	29618813	0	0	29596100	0	/global-protect/login.esp
1	0	0	0	2	0	0	29590470	0	0	29590469	0	/_next/server
1	0	0	0	1	0	0	29563142	0	0	29563142	0	/keys.json
1	0	0	0	1	0	0	29563143	0	0	29563143	0	/website/.env
1	0	0	0	1	0	0	29617203	0	0	29617203	0	/ecp/
1	0	0	0	1	0	0	29563143	0	0	29563143	0	/backup/phpinfo.php
1	0	0	0	1	0	0	29563143	0	0	29563143	0	/development/.env.production
1	0	0	0	4	0	0	29626835	0	0	29616498	0	/cgi-bin/authLogin.cgi
1	0	0	0	1	0	0	29576220	0	0	29576220	0	/.env_backup
1	0	0	0	1	0	0	29576220	0	0	29576220	0	/www/.env
1	0	0	0	1	0	0	29563143	0	0	29563143	0	/qa/.env.staging
1	1	1	0	0	29546107	0	0	29546107	0	0	62744	/?dns=OPEBAAABAAAAAAAAATEEb2RucwFtCmRuc21lYXN1cmUDdG9wAAABAAE
1	0	0	0	1	0	0	29563143	0	0	29563143	0	/functions/webhook.js
1	0	0	0	1	0	0	29563143	0	0	29563143	0	/backup/.env.production
1	0	0	0	1	0	0	29563143	0	0	29563143	0	/.circleci/config.yml
1	0	0	0	1	0	0	29563143	0	0	29563143	0	/usr/.env
1	0	0	0	1	0	0	29565423	0	0	29565423	0	/manager/html
1	0	0	0	1	0	0	29583451	0	0	29583451	0	/sites/favicon.ico
1	0	0	0	1	0	0	29574846	0	0	29574846	0	/dns-query?dns=pjEBAAABAAAAAAAAATEEb2RucwFtCmRuc21lYXN1cmUDdG9wAAABAAE
1	0	0	0	1	0	0	29563143	0	0	29563143	0	/api/v2/payment/keys.js
1	0	0	0	1	0	0	29563143	0	0	29563143	0	/marketing/.env.local
1	0	0	0	1	0	0	29563142	0	0	29563142	0	/oauth.json
1	0	0	0	1	0	0	29547476	0	0	29547476	0	/odinhttpcall1772762198
1	0	0	0	1	0	0	29563143	0	0	29563143	0	/config/stripe.go
1	0	0	0	1	0	0	29563142	0	0	29563142	0	/Thumbs.db
1	0	0	0	1	0	0	29624333	0	0	29624333	0	/ueditor/jsp/controller.jsp?action=catchimage&source[]=http://127.0.0.1:341605/?1.png
1	0	0	0	1	0	0	29576220	0	0	29576220	0	/.env.tmp
1	0	0	0	1	0	0	29612665	0	0	29612665	0	/RCdUXG
1	0	0	0	1	0	0	29563143	0	0	29563143	0	/marketing/.env.production
1	0	0	0	4	0	0	29624942	0	0	29560269	0	/xd9
1	0	0	0	1	0	0	29613396	0	0	29613396	0	/vpn
1	0	0	0	1	0	0	29591920	0	0	29591920	0	/single-post/
1	0	0	0	1	0	0	29545487	0	0	29545487	0	/index.html#services
1	0	0	0	1	0	0	29563143	0	0	29563143	0	/secrets/k8s/stripe.txt
1	0	0	0	1	0	0	29576220	0	0	29576220	0	/.env.production.bak
1	0	0	0	1	0	0	29563143	0	0	29563143	0	/backup/.env.staging
1	0	0	0	1	0	0	29563142	0	0	29563142	0	/saas/.env
1	0	0	0	1	0	0	29563142	0	0	29563142	0	/aws-config.json
1	0	0	0	1	0	0	29563143	0	0	29563143	0	/development/phpinfo.php
1	0	0	0	1	0	0	29563143	0	0	29563143	0	/cron/.env.staging
1	0	0	0	1	0	0	29566063	0	0	29566063	0	/.svn/wc.db
1	0	0	0	2	0	0	29560487	0	0	29560487	0	/v1/models
1	0	0	0	1	0	0	29563143	0	0	29563143	0	/cache/stripe.json
1	0	0	0	5	0	0	29617146	0	0	29566010	0	/login/login
1	0	0	0	2	0	0	29603268	0	0	29545418	0	/@vite/env
1	0	0	0	1	0	0	29584929	0	0	29584929	0	/resolve?dns=gwkBAAABAAAAAAAAATEEb2RucwFtCmRuc21lYXN1cmUDdG9wAAABAAE
1	0	0	0	1	0	0	29576220	0	0	29576220	0	/.git/logs/HEAD
1	0	0	0	1	0	0	29563143	0	0	29563143	0	/test/.env.local
1	0	0	0	1	0	0	29615032	0	0	29615032	0	/odinhttpcall1776815552
1	0	0	0	1	0	0	29576220	0	0	29576220	0	/config/.env.local
1	0	0	0	3	0	0	29626058	0	0	29565595	0	/global-protect/prelogin.esp?tmp=tmp&clientVer=4100&clientos=Windows
1	0	0	0	1	0	0	29563142	0	0	29563142	0	/.s3cfg
1	0	0	0	4	0	0	29607950	0	0	29602990	0	/wp-json/wc/store/cart
1	0	0	0	1	0	0	29563142	0	0	29563142	0	/app/config/stripe.yml
1	0	0	0	1	0	0	29563143	0	0	29563143	0	/settings/production/stripe.py
1	1	1	0	0	29552633	0	0	29552633	0	0	62744	/?66.249.75.3
1	3	3	0	1	29574007	0	29565395	29562270	0	29565395	188232	/?66.249.75.2
1	0	0	0	1	0	0	29563143	0	0	29563143	0	/server/.env.production
1	10	10	0	11	29589350	0	29601187	29563853	0	29556736	528910	/?51.38.90.52
1	0	0	0	1	0	0	29563143	0	0	29563143	0	/stg/.env.staging
1	0	0	0	1	0	0	29563142	0	0	29563142	0	/api/v2/config
1	0	0	0	1	0	0	29576220	0	0	29576220	0	/.env.orig
1	0	0	0	1	0	0	29563142	0	0	29563142	0	/administrator/.env
1	0	0	0	1	0	0	29617146	0	0	29617146	0	/showLogin.cc
1	0	0	0	1	0	0	29617144	0	0	29617144	0	/sitecore/shell/sitecore.version.xml
1	0	0	0	1	0	0	29563143	0	0	29563143	0	/crm/info.php
1	0	0	0	1	0	0	29617146	0	0	29617146	0	/internal_forms_authentication
1	0	0	0	1	0	0	29563143	0	0	29563143	0	/dev/.env.staging
1	0	0	0	1	0	0	29617148	0	0	29617148	0	/jasperserverTest/login.html
1	0	0	0	1	0	0	29563143	0	0	29563143	0	/backup/.env
1	0	0	0	1	0	0	29617146	0	0	29617146	0	/ext-js/app/common/zld_product_spec.js
1	0	0	0	1	0	0	29563142	0	0	29563142	0	/1.php
1	0	0	0	1	0	0	29617143	0	0	29617143	0	/icons/sphere1.png
1	0	0	0	1	0	0	29563143	0	0	29563143	0	/core/settings/stripe.py
1	0	0	0	1	0	0	29563143	0	0	29563143	0	/laravel/core/.env
1	0	0	0	1	0	0	29609924	0	0	29609924	0	/images/images/cache.php
1	0	0	0	1	0	0	29617147	0	0	29617147	0	/index.jsp
1	0	0	0	1	0	0	29563143	0	0	29563143	0	/internal/payment/config.go
1	0	0	0	1	0	0	29563143	0	0	29563143	0	/lms/.env
1	0	0	0	1	0	0	29576220	0	0	29576220	0	/srv/.env
1	0	0	0	12	0	0	29615170	0	0	29546107	0	/resolve
1	0	0	0	1	0	0	29563143	0	0	29563143	0	/xampp/.env.staging
1	0	0	0	1	0	0	29563143	0	0	29563143	0	/backend/.git/config
1	0	0	0	1	0	0	29563143	0	0	29563143	0	/media/.env
1	0	0	0	1	0	0	29563143	0	0	29563143	0	/config/stripe.yaml
1	0	0	0	1	0	0	29563143	0	0	29563143	0	/.github/workflows/stripe.yml
1	0	0	0	1	0	0	29563143	0	0	29563143	0	/stg/.env
1	46	0	0	0	29632069	0	0	29617522	0	0	5748713	/yonathan-amselem.jpg
1	0	0	0	1	0	0	29563143	0	0	29563143	0	/dev/.env.production
1	0	0	0	1	0	0	29563143	0	0	29563143	0	/old/.env.staging
1	0	0	0	2	0	0	29626058	0	0	29565595	0	/svpn/index.cgi
1	0	0	0	1	0	0	29576220	0	0	29576220	0	/var/www/html/.env
1	0	0	0	1	0	0	29594906	0	0	29594906	0	/llms.txt
1	0	0	0	1	0	0	29563143	0	0	29563143	0	/webhook/stripe.php
1	0	0	0	1	0	0	29563143	0	0	29563143	0	/lara/phpinfo.php
1	0	0	0	1	0	0	29546840	0	0	29546840	0	/favicon.ico/sellers.json
1	0	0	0	1	0	0	29563143	0	0	29563143	0	/config.stripe.old
1	0	0	0	1	0	0	29563142	0	0	29563142	0	/debug.log
1	0	0	0	1	0	0	29545418	0	0	29545418	0	/webjars/swagger-ui/
1	0	0	0	1	0	0	29563143	0	0	29563143	0	/pkg/stripe/keys.go
1	0	0	0	1	0	0	29563142	0	0	29563142	0	/test.php
1	0	0	0	4	0	0	29620467	0	0	29607093	0	/ads.txt
1	0	0	0	12	0	0	29615170	0	0	29546107	0	/query?name=1.odns.m.dnsmeasure.top&type=A
1	0	0	0	1	0	0	29563143	0	0	29563143	0	/.github/workflows/build.yml
1	0	0	0	1	0	0	29555354	0	0	29555354	0	/update/picture.cgi?51.38.90.52
1	0	0	0	1	0	0	29563143	0	0	29563143	0	/service/.env.local
1	0	0	0	1	0	0	29546107	0	0	29546107	0	/query?dns=kSEBAAABAAAAAAAAATEEb2RucwFtCmRuc21lYXN1cmUDdG9wAAABAAE
1	0	0	0	12	0	0	29615169	0	0	29546107	0	/dns-query?name=1.odns.m.dnsmeasure.top&type=A
1	0	0	0	5	0	0	29603177	0	0	29563142	0	/_profiler/phpinfo
1	0	0	0	1	0	0	29563143	0	0	29563143	0	/infos.php
1	0	0	0	1	0	0	29620467	0	0	29620467	0	/app-ads.txt
1	0	0	0	1	0	0	29563143	0	0	29563143	0	/xampp/.env
1	0	0	0	1	0	0	29563143	0	0	29563143	0	/_environment
1	0	0	0	1	0	0	29585873	0	0	29585873	0	/sslvpn_logon.shtml
1	0	0	0	1	0	0	29563143	0	0	29563143	0	/pages/api/payment.js
1	0	0	0	2	0	0	29562556	0	0	29548172	0	/jquery-3.3.1.slim.min.js
1	0	0	0	1	0	0	29545417	0	0	29545417	0	/server-status
1	0	0	0	2	0	0	29576220	0	0	29563143	0	/.env.production.local
1	0	0	0	5	0	0	29626055	0	0	29565594	0	/RDWeb/Pages/en-US/login.aspx
1	0	0	0	1	0	0	29563143	0	0	29563143	0	/credentials.txt
1	0	0	0	1	0	0	29563142	0	0	29563142	0	/storage/.env
1	0	0	0	1	0	0	29617146	0	0	29617146	0	/partymgr/control/main
1	0	0	0	1	0	0	29563143	0	0	29563143	0	/website/.env.local
1	0	0	0	1	0	0	29563142	0	0	29563142	0	/app/config/payment.php
1	0	0	0	1	0	0	29563143	0	0	29563143	0	/helper/info.php
1	0	0	0	1	0	0	29581445	0	0	29581445	0	/favicon.ico?v=2.0
1	0	0	0	1	0	0	29617346	0	0	29617346	0	/ueditor/jsp/controller.jsp?action=catchimage&source[]=http://127.0.0.1:049952/?1.png
1	0	0	0	1	0	0	29563143	0	0	29563143	0	/laravel/core/.env.local
1	0	0	0	22	0	0	29632537	0	0	29548172	0	/aab9
1	0	0	0	4	0	0	29600381	0	0	29548172	0	/aab8
1	0	0	0	1	0	0	29563142	0	0	29563142	0	/docker-compose.yaml
1	0	0	0	1	0	0	29626052	0	0	29626052	0	/owa/auth/errorFE.aspx?httpCode=500
1	0	0	0	2	0	0	29563142	0	0	29545418	0	/.DS_Store
1	0	0	0	50	0	0	29628218	0	0	29547408	0	ip.ninonakano.jp:443
1	0	0	0	2	0	0	29590470	0	0	29590470	0	/api/route
1	0	0	0	1	0	0	29548104	0	0	29548104	0	/version?3.91.205.122
1	0	0	0	1	0	0	29563142	0	0	29563142	0	/config/services.php
1	1	0	0	0	29605878	0	0	29605878	0	0	1207	/Autodiscover/Autodiscover.xml
1	0	0	0	1	0	0	29563143	0	0	29563143	0	/client/.env.local
1	0	0	0	1	0	0	29563142	0	0	29563142	0	/YK_KZ_Base.js
1	0	0	0	2	0	0	29576220	0	0	29563143	0	/.envrc
1	0	0	0	22	0	0	29632537	0	0	29553867	0	/aaa9
1	0	0	0	2	0	0	29626055	0	0	29565594	0	/v1/statement
1	0	0	0	1	0	0	29563142	0	0	29563142	0	/config/settings/stripe.py
1	0	0	0	1	0	0	29563143	0	0	29563143	0	/k8s/stripe-secret.yaml
1	0	0	0	1	0	0	29545418	0	0	29545418	0	/telescope/requests
1	0	0	0	1	0	0	29563143	0	0	29563143	0	/current/.env.production
1	0	0	0	9	0	0	29629156	0	0	29629156	0	/___proxy_subdomain_cpanel/login
1	0	0	0	1	0	0	29563142	0	0	29563142	0	/config/stripe.php
1	0	0	0	1	0	0	29563142	0	0	29563142	0	/azure.json
1	0	0	0	1	0	0	29563143	0	0	29563143	0	/backup/payment.bak
1	0	0	0	1	0	0	29563142	0	0	29563142	0	/settings_stripe.py
1	0	0	0	1	0	0	29563142	0	0	29563142	0	/js
1	0	0	0	5	0	0	29617653	0	0	29548634	0	/api/sonicos/is-sslvpn-enabled
1	0	0	0	1	0	0	29546107	0	0	29546107	0	/dns-query?dns=PaMBAAABAAAAAAAAATEEb2RucwFtCmRuc21lYXN1cmUDdG9wAAABAAE
1	0	0	0	1	0	0	29546107	0	0	29546107	0	/resolve?dns=0fwBAAABAAAAAAAAATEEb2RucwFtCmRuc21lYXN1cmUDdG9wAAABAAE
1	0	0	0	1	0	0	29563143	0	0	29563143	0	/portal/.env.staging
1	0	0	0	1	0	0	29563143	0	0	29563143	0	/shop/.env
1	0	0	0	2	0	0	29576220	0	0	29563143	0	/.env~
1	0	0	0	1	0	0	29545487	0	0	29545487	0	/#jurisdictions
1	0	0	0	5	0	0	29625242	0	0	29553029	0	/ReportServer
1	0	0	0	1	0	0	29563143	0	0	29563143	0	/market/.env
1	0	0	0	1	0	0	29563143	0	0	29563143	0	/backend/.env.staging
1	0	0	0	1	0	0	29546107	0	0	29546107	0	/query?dns=VvwBAAABAAAAAAAAATEEb2RucwFtCmRuc21lYXN1cmUDdG9wAAABAAE
1	0	0	0	1	0	0	29563143	0	0	29563143	0	/functions/.env
1	0	0	0	1	0	0	29563142	0	0	29563142	0	/core/app/.env
1	0	0	0	1	0	0	29545418	0	0	29545418	0	/debug/default/view?panel=config
1	0	0	0	1	0	0	29563143	0	0	29563143	0	/old/.env.production
1	0	0	0	1	0	0	29563143	0	0	29563143	0	/.envs
1	0	0	0	1	0	0	29563142	0	0	29563142	0	/phpinfo.php
1	0	0	0	1	0	0	29563143	0	0	29563143	0	/staging/.env.staging
1	0	0	0	1	0	0	29564766	0	0	29564766	0	/query?dns=Ty4BAAABAAAAAAAAATEEb2RucwFtCmRuc21lYXN1cmUDdG9wAAABAAE
1	1	1	0	0	29584929	0	0	29584929	0	0	62744	/?dns=PbMBAAABAAAAAAAAATEEb2RucwFtCmRuc21lYXN1cmUDdG9wAAABAAE
1	0	0	0	1	0	0	29574846	0	0	29574846	0	/query?dns=se8BAAABAAAAAAAAATEEb2RucwFtCmRuc21lYXN1cmUDdG9wAAABAAE
1	0	0	0	1	0	0	29563142	0	0	29563142	0	/info3.php
1	0	0	0	1	0	0	29563142	0	0	29563142	0	/themes/.env
1	0	0	0	1	0	0	29563143	0	0	29563143	0	/api/info.php
1	0	0	0	1	0	0	29584929	0	0	29584929	0	/dns-query?dns=oQ4BAAABAAAAAAAAATEEb2RucwFtCmRuc21lYXN1cmUDdG9wAAABAAE
1	0	0	0	1	0	0	29617346	0	0	29617346	0	/ueditor/php/controller.php?action=catchimage&source[]=http://127.0.0.1:402198/?1.png
1	0	0	0	1	0	0	29563143	0	0	29563143	0	/web/.env.staging
1	0	0	0	2	0	0	29596065	0	0	29596065	0	/actuator/heapdump
1	0	0	0	1	0	0	29564766	0	0	29564766	0	/dns-query?dns=5MMBAAABAAAAAAAAATEEb2RucwFtCmRuc21lYXN1cmUDdG9wAAABAAE
1	0	0	0	1	0	0	29563143	0	0	29563143	0	/crm/.env.production
1	0	0	0	1	0	0	29563143	0	0	29563143	0	/old/.git/config
1	0	0	0	1	0	0	29563142	0	0	29563142	0	/laravel/.env
1	0	0	0	1	0	0	29548508	0	0	29548508	0	/assets/js/auth.js
1	0	0	0	1	0	0	29563143	0	0	29563143	0	/laravel/core/.env.production
1	0	0	0	1	0	0	29576220	0	0	29576220	0	/docker-compose.env
1	0	0	0	1	0	0	29563143	0	0	29563143	0	/xampp/.env.production
1	0	0	0	1	0	0	29563142	0	0	29563142	0	/app/Services/StripeService.php
1	0	0	0	1	0	0	29560264	0	0	29560264	0	/service/responsible-disclosure
1	0	0	0	1	0	0	29563142	0	0	29563142	0	/kubernetes.yml
1	0	0	0	1	0	0	29563142	0	0	29563142	0	/.aws/config
1	0	0	0	1	0	0	29563143	0	0	29563143	0	/lib/stripe_helper.rb
1	0	0	0	1	0	0	29573381	0	0	29573381	0	/.git/refs/heads/
1	0	0	0	1	0	0	29563143	0	0	29563143	0	/staging/.git/config
1	0	0	0	4	0	0	29627214	0	0	29554552	0	/apple-touch-icon.png
1	0	0	0	1	0	0	29563143	0	0	29563143	0	/help/phpinfo.php
1	0	0	0	1	0	0	29609988	0	0	29609988	0	/Citrix/XenApp/auth/login.aspx
1	0	0	0	1	0	0	29576220	0	0	29576220	0	/.env.container
1	0	0	0	1	0	0	29563142	0	0	29563142	0	/plugins/.env
1	0	0	0	1	0	0	29563143	0	0	29563143	0	/public/.git/config
1	0	0	0	57	0	0	29631789	0	0	29545782	0	/SDK/webLanguage
1	0	0	0	1	0	0	29546840	0	0	29546840	0	/favicon.ico/app-ads.txt
1	0	0	0	1	0	0	29625215	0	0	29625215	0	/rest/default/V1/store/storeConfigs
1	0	0	0	1	0	0	29563143	0	0	29563143	0	/assets/.git/config
1	1	1	0	0	29546647	0	0	29546647	0	0	62744	/?38.143.51.221
1	0	0	0	1	0	0	29563142	0	0	29563142	0	/lab/.env
1	0	0	0	1	0	0	29563142	0	0	29563142	0	/client/.env
1	0	0	0	2	0	0	29576220	0	0	29563142	0	/.env.production
1	0	0	0	2	0	0	29610426	0	0	29581620	0	/login?redir=/
1	0	0	0	1	0	0	29545418	0	0	29545418	0	/api/graphql
1	0	0	0	1	0	0	29617146	0	0	29617146	0	/sugar_version.json
1	0	0	0	1	0	0	29617146	0	0	29617146	0	/solr/
1	0	0	0	1	0	0	29563143	0	0	29563143	0	/back/.env
1	0	0	0	1	0	0	29563143	0	0	29563143	0	/service/.env.production
1	0	0	0	1	0	0	29563143	0	0	29563143	0	/current/.env.staging
1	0	0	0	2	0	0	29563143	0	0	29545418	0	/actuator/env
1	0	0	0	1	0	0	29563142	0	0	29563142	0	/backup.tar.gz
1	0	0	0	1	0	0	29615169	0	0	29615169	0	/query?dns=40wBAAABAAAAAAAAATEEb2RucwFtCmRuc21lYXN1cmUDdG9wAAABAAE
1	0	0	0	2	0	0	29576220	0	0	29563142	0	/.env.development
1	0	0	0	1	0	0	29563142	0	0	29563142	0	/tools/.env
1	0	0	0	1	0	0	29563143	0	0	29563143	0	/live/.env.local
1	0	0	0	2	0	0	29576220	0	0	29563142	0	/docker/.env
1	0	0	0	1	0	0	29547968	0	0	29547968	0	/login.jsp
1	0	0	0	1	0	0	29563143	0	0	29563143	0	/web/.env.production
1	0	0	0	1	0	0	29582972	0	0	29582972	0	default.asp
1	0	0	0	1	0	0	29563143	0	0	29563143	0	/public/.env.staging
1	0	0	0	1	0	0	29617147	0	0	29617147	0	/ssi.cgi/Login.htm
1	0	0	0	1	0	0	29563143	0	0	29563143	0	/src/lib/stripe.js
1	0	0	0	1	0	0	29563142	0	0	29563142	0	/logs/error.log
1	0	0	0	1	0	0	29616485	0	0	29616485	0	/tr/
1	0	0	0	1	0	0	29563143	0	0	29563143	0	/backup/.env.local
1	0	0	0	1	0	0	29563143	0	0	29563143	0	/routes/webhook.js
1	0	0	0	1	0	0	29576220	0	0	29576220	0	/root/.env
1	0	0	0	1	0	0	29563143	0	0	29563143	0	/development/.env.local
1	0	0	0	1	0	0	29576220	0	0	29576220	0	/.env2
1	0	0	0	1	0	0	29554722	0	0	29554722	0	/query?dns=JgcBAAABAAAAAAAAATEEb2RucwFtCmRuc21lYXN1cmUDdG9wAAABAAE
1	0	0	0	5	0	0	29628043	0	0	29617346	0	/wp-json/oembed/1.0/proxy
1	0	0	0	1	0	0	29576220	0	0	29576220	0	/.env1
1	0	0	0	1	0	0	29563143	0	0	29563143	0	/dev/phpinfo.php
1	0	0	0	1	0	0	29560264	0	0	29560264	0	/security
1	0	0	0	1	0	0	29563142	0	0	29563142	0	/credentials.json
1	0	0	0	12	0	0	29615170	0	0	29546107	0	/query
1	0	0	0	2	0	0	29603268	0	0	29545418	0	/.vscode/sftp.json
1	0	0	0	2	0	0	29596065	0	0	29596065	0	/heapdump
1	0	0	0	1	0	0	29563142	0	0	29563142	0	/modules/stripe.js
1	0	0	0	2	0	0	29626058	0	0	29565595	0	/clients
1	0	0	0	1	0	0	29563143	0	0	29563143	0	/live/.env.staging
1	0	0	0	3	0	0	29626058	0	0	29565595	0	/ssl-vpn/prelogin.esp?tmp=tmp&clientVer=4100&clientos=Windows
1	0	0	0	3	0	0	29626055	0	0	29565594	0	/dana-na/nc/nc_gina_ver.txt
1	0	0	0	1	0	0	29563143	0	0	29563143	0	/staging/.env.production
1	0	0	0	1	0	0	29560264	0	0	29560264	0	/responsible-disclosure
1	0	0	0	1	0	0	29545418	0	0	29545418	0	/graphql
1	0	0	0	1	0	0	29563143	0	0	29563143	0	/settings/payment.py
1	0	0	0	1	0	0	29563143	0	0	29563143	0	/demo/.env.local
1	0	0	0	1	0	0	29563142	0	0	29563142	0	/controllers/stripeController.js
1	0	0	0	1	0	0	29617148	0	0	29617148	0	/console
1	0	0	0	3	0	0	29623769	0	0	29577403	0	/sse
1	0	0	0	1	0	0	29563143	0	0	29563143	0	/config/payment_settings.py
1	0	0	0	1	0	0	29563143	0	0	29563143	0	/app/.env.local
1	0	0	0	1	0	0	29554722	0	0	29554722	0	/query?dns=Fu8BAAABAAAAAAAAATEEb2RucwFtCmRuc21lYXN1cmUDdG9wAAABAAE
1	0	0	0	1	0	0	29626837	0	0	29626837	0	/wp-json/
1	1	1	0	0	29574846	0	0	29574846	0	0	62744	/?dns=gVABAAABAAAAAAAAATEEb2RucwFtCmRuc21lYXN1cmUDdG9wAAABAAE
1	0	0	0	1	0	0	29563142	0	0	29563142	0	/3.php
1	0	0	0	1	0	0	29545418	0	0	29545418	0	/v3/api-docs
1	0	0	0	1	0	0	29563143	0	0	29563143	0	/APP/.env
1	0	0	0	1	0	0	29563143	0	0	29563143	0	/shop/.env.production
1	0	0	0	1	0	0	29556571	0	0	29556571	0	/backup/
1	0	0	0	1	0	0	29563143	0	0	29563143	0	/time.php
1	0	0	0	92	0	0	29632058	0	0	29545659	0	/xmlrpc.php
1	0	0	0	1	0	0	29563143	0	0	29563143	0	/marketing/.env.staging
1	0	0	0	9	0	0	29629156	0	0	29629156	0	/___proxy_subdomain_cpanel/
1	0	0	0	1	0	0	29605819	0	0	29605819	0	/dns-query?dns=yPsBAAABAAAAAAAAIDBkNWQ2ZjYwMzhkNjExZjE5ZWRhZmExNjNlYzZjMTE1DG9wZW5yZXNvbHZlcgZkbnNsYWICY24AABAAAQ
1	0	0	0	1	0	0	29548508	0	0	29548508	0	/assets/js/qr_modal.js
1	0	0	0	1	0	0	29563143	0	0	29563143	0	/stripe_keys.txt
1	0	0	0	1	0	0	29563143	0	0	29563143	0	/develop/info.php
1	0	0	0	2	0	0	29609225	0	0	29563142	0	/i.php
1	0	0	0	1	0	0	29626108	0	0	29626108	0	/jira/secure/Dashboard.jsp
1	0	0	0	1	0	0	29563142	0	0	29563142	0	/var/log/apache2/error.log
1	0	0	0	1	0	0	29563143	0	0	29563143	0	/development/.env.staging
1	0	0	0	1	0	0	29563142	0	0	29563142	0	/database.sql
1	0	0	0	1	0	0	29563143	0	0	29563143	0	/public_html/.env.local
1	0	0	0	1	0	0	29563142	0	0	29563142	0	/functions/payment.js
1	0	0	0	1	0	0	29596082	0	0	29596082	0	/Authentication/Login
1	0	0	0	2	0	0	29619139	0	0	29572904	0	/.git/refs/
1	26	26	0	39	29631621	0	29611785	29617522	0	29545419	745058	/cross-border.html
1	0	0	0	1	0	0	29563143	0	0	29563143	0	/service/.env
1	0	0	0	1	0	0	29617145	0	0	29617145	0	/zabbix/favicon.ico
1	0	0	0	1	0	0	29560264	0	0	29560264	0	/responsible-disclosure-policy
1	0	0	0	1	0	0	29563143	0	0	29563143	0	/new/.env.staging
1	0	0	0	3	0	0	29619057	0	0	29614849	0	/wp-admin/install.php?step=1
1	0	0	0	1	0	0	29563143	0	0	29563143	0	/core/.git/config
1	0	0	0	1	0	0	29563143	0	0	29563143	0	/nodeapi/.env
1	0	0	0	1	0	0	29584929	0	0	29584929	0	/resolve?dns=kLMBAAABAAAAAAAAATEEb2RucwFtCmRuc21lYXN1cmUDdG9wAAABAAE
1	0	0	0	2	0	0	29576220	0	0	29563143	0	/.env.prod
1	0	0	0	1	0	0	29563143	0	0	29563143	0	/helper/phpinfo.php
1	0	0	0	1	0	0	29563143	0	0	29563143	0	/services/.env.production
1	0	0	0	3	0	0	29627422	0	0	29563142	0	/admin/.env
1	0	0	0	1	0	0	29548508	0	0	29548508	0	/js/twint_ch.js
1	0	0	0	1	0	0	29563143	0	0	29563143	0	/portal/.env.production
1	0	0	0	1	0	0	29563142	0	0	29563142	0	/includes/.env
1	0	0	0	1	0	0	29563142	0	0	29563142	0	/v1/.env
1	0	0	0	1	0	0	29563142	0	0	29563142	0	/storage/app/keys/stripe.key
1	0	0	0	1	0	0	29563143	0	0	29563143	0	/staging/.env.local
1	0	0	0	2	0	0	29576220	0	0	29563142	0	/.env.backup
1	0	0	0	1	0	0	29614823	0	0	29614823	0	/odinhttpcall1776803021
1	0	0	0	1	0	0	29563143	0	0	29563143	0	/qa/.env
1	0	0	0	1	0	0	29563143	0	0	29563143	0	/wordpress/.git/config
1	0	0	0	1	0	0	29563143	0	0	29563143	0	/backup/info.php
1	0	0	0	1	0	0	29545418	0	0	29545418	0	/swagger-ui.html
1	1	1	0	0	29545418	0	0	29545418	0	0	62744	/?rest_route=/wp/v2/users/
1	0	0	0	1	0	0	29563143	0	0	29563143	0	/node/.env
1	0	0	0	2	0	0	29623458	0	0	29591437	0	/feed/
1	0	0	0	1	0	0	29563142	0	0	29563142	0	/var/www/html/error_log
1	0	0	0	1	0	0	29563143	0	0	29563143	0	/crm/phpinfo.php
1	0	0	0	1	0	0	29620467	0	0	29620467	0	/sellers.json
1	0	0	0	1	0	0	29563143	0	0	29563143	0	/service/.env.staging
1	0	0	0	1	0	0	29563143	0	0	29563143	0	/test/phpinfo.php
1	0	0	0	16	0	0	29615169	0	0	29546107	0	/dns-query
1	0	0	0	1	0	0	29563143	0	0	29563143	0	/build/.env
1	0	0	0	1	0	0	29563143	0	0	29563143	0	/config.env
1	0	0	0	2	0	0	29576220	0	0	29563142	0	/server/.env
1	0	0	0	1	0	0	29563143	0	0	29563143	0	/test/stripe.config.js
1	0	0	0	1	0	0	29563143	0	0	29563143	0	/.environment
1	0	0	0	1	0	0	29563143	0	0	29563143	0	/current/.env
1	0	0	0	7	0	0	29549561	0	0	29545545	0	/admin
1	0	0	0	1	0	0	29576220	0	0	29576220	0	/home/.env
1	0	0	0	553	0	0	29632478	0	0	29545418	0	/favicon.ico
1	0	0	0	1	0	0	29563142	0	0	29563142	0	/app/Http/Controllers/StripeController.php
1	0	0	0	1	0	0	29563143	0	0	29563143	0	/config/stripe.json
1	0	0	0	1	0	0	29563143	0	0	29563143	0	/helm/values/stripe.yaml
1	0	0	0	1	0	0	29563143	0	0	29563143	0	/info
1	0	0	0	1	0	0	29563143	0	0	29563143	0	/admin/.env.staging
1	0	0	0	1	0	0	29563142	0	0	29563142	0	/k8s-config.yml
1	0	0	0	1	0	0	29563143	0	0	29563143	0	/wp-content/plugins/stripe/config.php
1	0	0	0	1	0	0	29563143	0	0	29563143	0	/demo/.env.production
1	0	0	0	3	0	0	29627422	0	0	29563142	0	/api/.env
1	0	0	0	1	0	0	29563143	0	0	29563143	0	/laravel/phpinfo.php
1	0	0	0	1	0	0	29563143	0	0	29563143	0	/beta/.env.production
1	0	0	0	1	0	0	29563142	0	0	29563142	0	/php-info.php
1	0	0	0	1	0	0	29617203	0	0	29617203	0	/autodiscover/autodiscover.xml
1	0	0	0	2	0	0	29576220	0	0	29563142	0	/backend/.env
1	0	0	0	1	0	0	29563142	0	0	29563142	0	/lib/.env
1	0	0	0	1	0	0	29576220	0	0	29576220	0	/.env_config
1	0	0	0	1	0	0	29563142	0	0	29563142	0	/site-backup.zip
1	0	0	0	2	0	0	29596248	0	0	29596200	0	/&data=05|02|michael.donev@bfiwealth.com|9d8ff5b327af4751a33e08de95ba21c2|d615fe743e48440990e1328f17fdd0e9|0|0|639112824023461348|Unknown|TWFpbGZsb3d8eyJFbXB0eU1hcGkiOnRydWUsIlYiOiIwLjAuMDAwMCIsIlAiOiJXaW4zMiIsIkFOIjoiTWFpbCIsIldUIjoyfQ==|0|||&sdata=GNc60zA21WJnPHYPcrdOR3U8BMbOO8JpZ8beu6Y05Ec=&reserved=0
1	1	1	0	0	29615170	0	0	29615170	0	0	62744	/?dns=7nIBAAABAAAAAAAAATEEb2RucwFtCmRuc21lYXN1cmUDdG9wAAABAAE
1	0	0	0	1	0	0	29563143	0	0	29563143	0	/.env.payment
1	0	0	0	6	0	0	29629707	0	0	29570600	0	12.1.2/n
1	0	0	0	1	0	0	29545418	0	0	29545418	0	/graphql/api
1	0	0	0	1	0	0	29574846	0	0	29574846	0	/query?dns=aZgBAAABAAAAAAAAATEEb2RucwFtCmRuc21lYXN1cmUDdG9wAAABAAE
1	0	0	0	1	0	0	29545417	0	0	29545417	0	LEAKIX
1	0	0	0	1	0	0	29563143	0	0	29563143	0	/production/.env.local
1	0	0	0	1	0	0	29563142	0	0	29563142	0	/var/log/nginx/error.log
1	0	0	0	1	0	0	29563143	0	0	29563143	0	/wp-content/.git/config
1	0	0	0	1	0	0	29563142	0	0	29563142	0	/.docker/config.json
1	0	0	0	1	0	0	29563142	0	0	29563142	0	/secrets.json
1	1	1	0	0	29574846	0	0	29574846	0	0	62744	/?dns=rjUBAAABAAAAAAAAATEEb2RucwFtCmRuc21lYXN1cmUDdG9wAAABAAE
1	0	0	0	1	0	0	29563143	0	0	29563143	0	/api/.git/config
1	0	0	0	1	0	0	29563143	0	0	29563143	0	/test/.env
1	0	0	0	1	0	0	29563142	0	0	29563142	0	/php.php
1	0	0	0	1	0	0	29617145	0	0	29617145	0	/login.do
1	0	0	0	1	0	0	29566063	0	0	29566063	0	/.svn/entries
1	0	0	0	2	0	0	29576220	0	0	29563143	0	/.env.dev
1	0	0	0	1	0	0	29563143	0	0	29563143	0	/sandbox/stripe.env
1	0	0	0	1	0	0	29563142	0	0	29563142	0	/aws.json
1	0	0	0	1	0	0	29563143	0	0	29563143	0	/services/.env
1	0	0	0	1	0	0	29545418	0	0	29545418	0	/trace.axd
1	0	0	0	1	0	0	29563142	0	0	29563142	0	/assets/.env
1	0	0	0	1	0	0	29563143	0	0	29563143	0	/client/.env.staging
1	0	0	0	1	0	0	29563143	0	0	29563143	0	/api/.env.production
1	0	0	0	3	0	0	29602018	0	0	29547341	0	/eventmanager
1	0	0	0	1	0	0	29563142	0	0	29563142	0	/music.js
1	0	0	0	5	0	0	29591541	0	0	29553298	0	/ajax
1	0	0	0	1	0	0	29546439	0	0	29546439	0	/favicon.svg
1	0	0	0	1	0	0	29563143	0	0	29563143	0	/live/.env.production
1	0	0	0	1	0	0	29563143	0	0	29563143	0	/develop/.env.production
1	0	0	0	1	0	0	29548508	0	0	29548508	0	/static/style/sys_files/index.js
1	0	0	0	1	0	0	29563142	0	0	29563142	0	/php_error.log
1	0	0	0	1	0	0	29549545	0	0	29549545	0	/wordpress/wp-admin/setup-config.php?3.91.205.122
1	0	0	0	1	0	0	29626720	0	0	29626720	0	/ueditor/jsp/controller.jsp?action=catchimage&source[]=http://127.0.0.1:547982/?1.png
1	0	0	0	1	0	0	29585873	0	0	29585873	0	/RDWeb/Pages/
1	0	0	0	1	0	0	29584929	0	0	29584929	0	/query?dns=uAoBAAABAAAAAAAAATEEb2RucwFtCmRuc21lYXN1cmUDdG9wAAABAAE
1	0	0	0	1	0	0	29563143	0	0	29563143	0	/kyc/.env.production
1	0	0	0	10	0	0	29622981	0	0	29547476	0	/sdk
1	0	0	0	1	0	0	29583451	0	0	29583451	0	/sites/favicon.png
1	0	0	0	1	0	0	29547968	0	0	29547968	0	/login.htm
1	0	0	0	1	0	0	29602252	0	0	29602252	0	/favicon
1	0	0	0	1	0	0	29563143	0	0	29563143	0	/demo/.env.staging
1	0	0	0	1	0	0	29563142	0	0	29563142	0	/backup.zip
1	0	0	0	1	0	0	29563143	0	0	29563143	0	/cmd/api/stripe.go
1	0	0	0	1	0	0	29617203	0	0	29617203	0	/mapi/
1	0	0	0	2	0	0	29576220	0	0	29563143	0	/.env.php
1	0	0	0	1	0	0	29586217	0	0	29586217	0	/blog
1	0	0	0	2	0	0	29613402	0	0	29569908	0	/welcome
1	0	0	0	1	0	0	29563142	0	0	29563142	0	/index.js
1	0	0	0	1	0	0	29563142	0	0	29563142	0	/storage/app/stripe.json
1	0	0	0	1	0	0	29563143	0	0	29563143	0	/application/.env
1	0	0	0	1	0	0	29563143	0	0	29563143	0	/tests/fixtures/stripe.json
1	0	0	0	1	0	0	29563143	0	0	29563143	0	/backup/stripe.old
1	0	0	0	1	0	0	29563143	0	0	29563143	0	/backend/.env.local
1	0	0	0	50	0	0	29630735	0	0	29546334	0	/n
1	0	0	0	1	0	0	29606030	0	0	29606030	0	/actuator/gateway/routes
1	0	0	0	1	0	0	29563143	0	0	29563143	0	/storage/.env.local
1	0	0	0	5	0	0	29622245	0	0	29583038	0	/login?redir=
1	0	0	0	1	0	0	29563143	0	0	29563143	0	/staging/.env
1	0	0	0	10	0	0	29628123	0	0	29547006	0	/wp-login.php
1	0	0	0	1	0	0	29563143	0	0	29563143	0	/stripe_config.py
1	1	1	0	0	29564766	0	0	29564766	0	0	62744	/?dns=smsBAAABAAAAAAAAATEEb2RucwFtCmRuc21lYXN1cmUDdG9wAAABAAE
1	0	0	0	5	0	0	29623609	0	0	29620747	0	/sitemap_index.xml
1	0	0	0	1	0	0	29563142	0	0	29563142	0	/secrets.yml
1	0	0	0	1	0	0	29563143	0	0	29563143	0	/old_phpinfo.php
1	0	0	0	1	0	0	29563143	0	0	29563143	0	/azure/payment-config.json
1	0	0	0	1	0	0	29617143	0	0	29617143	0	/wp-json
1	0	0	0	1	0	0	29563143	0	0	29563143	0	/storage/.env.staging
1	0	0	0	1	0	0	29563143	0	0	29563143	0	/live/.env
1	0	0	0	1	0	0	29576220	0	0	29576220	0	/.env.docker
1	0	0	0	2	0	0	29595836	0	0	29577620	0	/logon/LogonPoint/custom.html
1	0	0	0	1	0	0	29563142	0	0	29563142	0	/phpversion.php
1	0	0	0	2	0	0	29626058	0	0	29565595	0	/vpntunnel
1	0	0	0	1	0	0	29563143	0	0	29563143	0	/.github/workflows/deploy.yml
1	0	0	0	1	0	0	29563143	0	0	29563143	0	/app/config/payment-methods.php
1	0	0	0	1	0	0	29563143	0	0	29563143	0	/stg/.env.production
1	0	0	0	2	0	0	29558162	0	0	29558158	0	/a
1	0	0	0	1	0	0	29563143	0	0	29563143	0	/storage/.env.production
1	0	0	0	1	0	0	29563143	0	0	29563143	0	/var/cache/stripe.php
1	0	0	0	1	0	0	29563143	0	0	29563143	0	/market/.env.production
1	0	0	0	1	0	0	29563143	0	0	29563143	0	/k8s/payment-secret.yaml
1	0	0	0	1	0	0	29563143	0	0	29563143	0	/website/.env.staging
1	0	0	0	1	0	0	29563143	0	0	29563143	0	/backend/.env.production
1	0	0	0	2	0	0	29626058	0	0	29565595	0	/CSCOSSLC/tunnel
1	0	0	0	1	0	0	29563142	0	0	29563142	0	/serverinfo.php
1	0	0	0	1	0	0	29623819	0	0	29623819	0	/wp-json/gravitysmtp/v1/tests/mock-data?page=gravitysmtp-settings
1	0	0	0	1	0	0	29563143	0	0	29563143	0	/kyc/.env.staging
1	0	0	0	1	0	0	29563142	0	0	29563142	0	/p.php
1	0	0	0	2	0	0	29576220	0	0	29563142	0	/.env.test
1	0	0	0	1	0	0	29563143	0	0	29563143	0	/new/.env.production
1	0	0	0	1	0	0	29563143	0	0	29563143	0	/api/.env.local
1	0	0	0	1	0	0	29563142	0	0	29563142	0	/probe.php
1	0	0	0	1	0	0	29615170	0	0	29615170	0	/resolve?dns=89MBAAABAAAAAAAAATEEb2RucwFtCmRuc21lYXN1cmUDdG9wAAABAAE
1	0	0	0	54	0	0	29630504	0	0	29545417	0	/sw.js
1	0	0	0	1	0	0	29563142	0	0	29563142	0	/check.php
1	0	0	0	1	0	0	29616475	0	0	29616475	0	/ng/login?returnUrl=/
1	0	0	0	1	0	0	29617143	0	0	29617143	0	/license.txt
1	0	0	0	1	0	0	29563143	0	0	29563143	0	/admin/.git/config
1	0	0	0	1	0	0	29564766	0	0	29564766	0	/dns-query?dns=hMIBAAABAAAAAAAAATEEb2RucwFtCmRuc21lYXN1cmUDdG9wAAABAAE
1	0	0	0	1	0	0	29563143	0	0	29563143	0	/old/.env
1	0	0	0	1	0	0	29563142	0	0	29563142	0	/server.php
1	0	0	0	1	0	0	29605982	0	0	29605982	0	/_ignition/execute-solution
1	0	0	0	1	0	0	29563143	0	0	29563143	0	/public_html/.env.staging
1	0	0	0	2	0	0	29576220	0	0	29563142	0	/.env.save
1	0	0	0	1	0	0	29631691	0	0	29631691	0	/771078183
1	0	0	0	1	0	0	29617770	0	0	29617770	0	/wp/xmlrpc.php
1	0	0	0	1	0	0	29615169	0	0	29615169	0	/dns-query?dns=gCQBAAABAAAAAAAAATEEb2RucwFtCmRuc21lYXN1cmUDdG9wAAABAAE
1	0	0	0	1	0	0	29615169	0	0	29615169	0	/dns-query?dns=3lsBAAABAAAAAAAAATEEb2RucwFtCmRuc21lYXN1cmUDdG9wAAABAAE
1	0	0	0	1	0	0	29563143	0	0	29563143	0	/portal/.env
1	0	0	0	3	0	0	29617203	0	0	29553715	0	/owa/
1	0	0	0	1	0	0	29613113	0	0	29613113	0	/llms.txt/
1	0	0	0	1	0	0	29563143	0	0	29563143	0	/develop/.env
1	0	0	0	2	0	0	29626055	0	0	29565594	0	/Remote
1	0	0	0	2	0	0	29576220	0	0	29563142	0	/.env.old
1	0	0	0	1	0	0	29621000	0	0	29621000	0	/ueditor/jsp/controller.jsp?action=catchimage&source[]=http://127.0.0.1:737797/?1.png
1	0	0	0	1	0	0	29563142	0	0	29563142	0	/main.js
1	0	0	0	1	0	0	29563143	0	0	29563143	0	/server/phpinfo.php
1	0	0	0	1	0	0	29563142	0	0	29563142	0	/.dockerenv
1	1	0	0	0	29546835	0	0	29546835	0	0	36	/Xdjw6fGvTto3MktG_ffa6d4a
1	0	0	0	1	0	0	29563143	0	0	29563143	0	/services/.env.staging
1	0	0	0	1	0	0	29545418	0	0	29545418	0	/swagger/v1/swagger.json
1	0	0	0	1	0	0	29574846	0	0	29574846	0	/resolve?dns=86oBAAABAAAAAAAAATEEb2RucwFtCmRuc21lYXN1cmUDdG9wAAABAAE
1	0	0	0	1	0	0	29545787	0	0	29545787	0	/getcalendar
1	0	0	0	1	0	0	29563142	0	0	29563142	0	/docker-compose.override.yml
1	0	0	0	2	0	0	29617143	0	0	29547968	0	/admin/
1	0	0	0	2	0	0	29576220	0	0	29563142	0	/core/.env
1	0	0	0	5	0	0	29630894	0	0	29575311	0	/.git/credentials
1	0	0	0	1	0	0	29617147	0	0	29617147	0	/identity/jsLibs/IdmBrandingBar.js
1	0	0	0	1	0	0	29563142	0	0	29563142	0	/psnlink/.env
1	0	0	0	123	0	0	29630196	0	0	29550369	0	/admin/config.php
1	0	0	0	1	0	0	29617149	0	0	29617149	0	/progs/homepage
1	0	0	0	5	0	0	29623685	0	0	29545418	0	/config.json
1	0	0	0	1	0	0	29563142	0	0	29563142	0	/errors.log
1	1	1	0	0	29615170	0	0	29615170	0	0	62744	/?dns=TvkBAAABAAAAAAAAATEEb2RucwFtCmRuc21lYXN1cmUDdG9wAAABAAE
1	0	0	0	1	0	0	29563143	0	0	29563143	0	/vendor/.git/config
1	0	0	0	9	0	0	29628920	0	0	29545418	0	/about
1	0	0	0	2	0	0	29563142	0	0	29545418	0	/info.php
1	0	0	0	1	0	0	29563143	0	0	29563143	0	/backend/phpinfo.php
1	0	0	0	1	0	0	29576220	0	0	29576220	0	/.env.json
1	0	0	0	1	0	0	29563143	0	0	29563143	0	/tmp/stripe.config
1	0	0	0	38	0	0	29630943	0	0	29547362	0	/login
1	0	0	0	1	0	0	29563142	0	0	29563142	0	/en/.env
1	0	0	0	2	0	0	29619122	0	0	29558147	0	/T6bHkeeG3IixY7Bh0noD1QyFLiPlD23T05_fYYWAB0SqWLgWGk-3zAazG2k0MqhO6AxISCCvosgJ0eBTxGrQHktud-cN20EuWN5bCgJQ7zQLOPyK5jhNF7Y2p-_JSxpBpQvWHxM5plh6NA2yELiAvVST24ah1aKWBxJ3EDpy2DOgE3DO9xUsIIP6R9Vy49sZRKRZKYyU6s9Z3QCfH7jzY3ZFQsI-dvC37Aw
1	0	0	0	1	0	0	29563143	0	0	29563143	0	/.bitbucket/pipelines.yml
1	0	0	0	2	0	0	29576220	0	0	29563142	0	/.env.staging
1	0	0	0	1	0	0	29617145	0	0	29617145	0	/cgi-bin/config.exp
1	0	0	0	1	0	0	29615114	0	0	29615114	0	/nmaplowercheck1776820465
1	0	0	0	1	0	0	29558149	0	0	29558149	0	/fiori
1	0	0	0	1	0	0	29563143	0	0	29563143	0	/laravel/.env.local
1	0	0	0	1	0	0	29563143	0	0	29563143	0	/pinfo.php
1	0	0	0	1	0	0	29563142	0	0	29563142	0	/auth.json
1	0	0	0	12	0	0	29626052	0	0	29545418	0	/ecp/Current/exporttool/microsoft.exchange.ediscovery.exporttool.application
1	0	0	0	1	0	0	29563142	0	0	29563142	0	/routes/payment.js
1	0	0	0	2	0	0	29576220	0	0	29563143	0	/.env.dist
1	0	0	0	1	0	0	29563142	0	0	29563142	0	/logs/application.log
1	0	0	0	1	0	0	29565423	0	0	29565423	0	/html
1	0	0	0	1	0	0	29563143	0	0	29563143	0	/.env.sample.php
1	0	0	0	1	0	0	29624335	0	0	29624335	0	/ui/login/
1	0	0	0	1	0	0	29625215	0	0	29625215	0	/rest/V1/store/storeConfigs
1	0	0	0	1	0	0	29609549	0	0	29609549	0	/config.php
1	0	0	0	3	0	0	29607576	0	0	29597358	0	/sonicui/7/sslvpn-portal/
1	0	0	0	1	0	0	29563143	0	0	29563143	0	/product/.env.staging
1	0	0	0	15	0	0	29623663	0	0	29546662	0	/autodiscover/autodiscover.json?@zdi/Powershell
1	0	0	0	1	0	0	29545417	0	0	29545417	0	/server
1	0	0	0	2	0	0	29590469	0	0	29590469	0	/_next
1	0	0	0	1	0	0	29563143	0	0	29563143	0	/web/.env.local
1	0	0	0	1	0	0	29563143	0	0	29563143	0	/user/.env
1	0	0	0	1	0	0	29548172	0	0	29548172	0	/CFjj
1	0	0	0	1	0	0	29563142	0	0	29563142	0	/api/stripe.ts
1	0	0	0	1	0	0	29563143	0	0	29563143	0	/client/.env.production
1	0	0	0	1	0	0	29563142	0	0	29563142	0	/.azure/credentials
1	1	1	0	0	29605948	0	0	29605948	0	0	62744	/?XDEBUG_SESSION_START=phpstorm
1	0	0	0	1	0	0	29621000	0	0	29621000	0	/ueditor/php/controller.php?action=catchimage&source[]=http://127.0.0.1:580405/?1.png
1	0	0	0	1	0	0	29548278	0	0	29548278	0	/api/backup
1	0	0	0	1	0	0	29612397	0	0	29612397	0	/developmentserver/metadatauploader?20.102.40.205
1	0	0	0	1	0	0	29563143	0	0	29563143	0	/uploads/.git/config
1	0	0	0	1	0	0	29563143	0	0	29563143	0	/config/payment.rb
1	0	0	0	1	0	0	29584929	0	0	29584929	0	/query?dns=FaABAAABAAAAAAAAATEEb2RucwFtCmRuc21lYXN1cmUDdG9wAAABAAE
1	0	0	0	1	0	0	29563143	0	0	29563143	0	/current/info.php
1	0	0	0	10	0	0	29622981	0	0	29547476	0	/evox/about
1	0	0	0	1	0	0	29563143	0	0	29563143	0	/develop/phpinfo.php
1	0	0	0	1	0	0	29547204	0	0	29547204	0	/reports/data/opt/data/containers/config/data-collection-agent/.dca
1	0	0	0	1	0	0	29560264	0	0	29560264	0	/bugbounty
1	0	0	0	1	0	0	29563143	0	0	29563143	0	/wp-content/stripe-keys.php
1	0	0	0	1	0	0	29563142	0	0	29563142	0	/phpinfo
1	0	0	0	1	0	0	29563142	0	0	29563142	0	/log/error.log
1	0	0	0	3	0	0	29560488	0	0	29546271	0	/v1/embeddings
1	0	0	0	1	0	0	29563143	0	0	29563143	0	/website/.env.production
1	0	0	0	1	0	0	29563143	0	0	29563143	0	/xampp/.env.local
1	0	0	0	1	0	0	29625821	0	0	29625821	0	/cdn-cgi/trace
1	0	0	0	1	0	0	29563143	0	0	29563143	0	/mobile/config/stripe.json
1	0	0	0	36	0	0	29631750	0	0	29545748	0	/bin/sh
1	0	0	0	1	0	0	29563142	0	0	29563142	0	/php_version.php
1	0	0	0	1	0	0	29617147	0	0	29617147	0	/aspera/faspex/
1	0	0	0	1	0	0	29563143	0	0	29563143	0	/public_html/.env
1	0	0	0	1	0	0	29563142	0	0	29563142	0	/secrets/stripe.json
1	0	0	0	1	0	0	29563143	0	0	29563143	0	/project/.env.local
1	0	0	0	1	0	0	29563142	0	0	29563142	0	/dump.sql
1	0	0	0	1	0	0	29563143	0	0	29563143	0	/api_keys.txt
1	0	0	0	1	0	0	29563143	0	0	29563143	0	/config/payment.yml
1	0	0	0	1	0	0	29563143	0	0	29563143	0	/api/.env.staging
1	0	0	0	1	0	0	29629027	0	0	29629027	0	/themes/lite1/css/typography.css
1	0	0	0	5	0	0	29631750	0	0	29545749	0	/hello.world?%ADd+allow_url_include%3d1+%ADd+auto_prepend_file%3dphp://input
1	0	0	0	1	0	0	29563143	0	0	29563143	0	/settings.py
1	0	0	0	1	0	0	29563143	0	0	29563143	0	/BACKEND/.env
1	0	0	0	1	0	0	29564766	0	0	29564766	0	/resolve?dns=t-EBAAABAAAAAAAAATEEb2RucwFtCmRuc21lYXN1cmUDdG9wAAABAAE
1	0	0	0	3	0	0	29617899	0	0	29575888	0	/RDWeb/
1	0	0	0	1	0	0	29563143	0	0	29563143	0	/dashboard/phpinfo.php
1	0	0	0	1	0	0	29554722	0	0	29554722	0	/dns-query?dns=nMoBAAABAAAAAAAAATEEb2RucwFtCmRuc21lYXN1cmUDdG9wAAABAAE
1	0	0	0	1	0	0	29563143	0	0	29563143	0	/marketing/.env
1	0	0	0	1	0	0	29563143	0	0	29563143	0	/.gitlab-ci/.env
1	0	0	0	1	0	0	29563143	0	0	29563143	0	/FRONT/.env
1	0	0	0	1	0	0	29563142	0	0	29563142	0	/config/secrets.yml
1	0	0	0	1	0	0	29563143	0	0	29563143	0	/apis/.env.staging
1	0	0	0	1	0	0	29563143	0	0	29563143	0	/vendor/laravel/cashier/config.php
1	0	0	0	1	0	0	29563143	0	0	29563143	0	/env.backup
1	0	0	0	1	0	0	29563143	0	0	29563143	0	/terraform/stripe.tfvars
1	0	0	0	1	0	0	29563143	0	0	29563143	0	/admin/info.php
1	0	0	0	1	0	0	29563143	0	0	29563143	0	/current/.env.local
1	0	0	0	1	0	0	29558681	0	0	29558681	0	/userfuns.php
1	0	0	0	1	0	0	29624333	0	0	29624333	0	/ueditor/php/controller.php?action=catchimage&source[]=http://127.0.0.1:700655/?1.png
1	0	0	0	1	0	0	29565423	0	0	29565423	0	/manager/text
1	0	0	0	1	0	0	29563143	0	0	29563143	0	/test/config/payment.js
1	0	0	0	1	0	0	29563143	0	0	29563143	0	/stripe.txt
1	0	0	0	1	0	0	29553852	0	0	29553852	0	/wp-content/plugins/woocommerce/readme.txt?51.38.90.52
1	0	0	0	3	0	0	29624346	0	0	29563142	0	/.env.bak
1	0	0	0	1	0	0	29563143	0	0	29563143	0	/new/.env
1	0	0	0	13	0	0	29629200	0	0	29547096	0	/actuator/health
1	0	0	0	1	0	0	29563143	0	0	29563143	0	/app/config/api/stripe.js
1	0	0	0	436	0	0	29633029	0	0	29545431	0	/robots.txt
1	0	0	0	1	0	0	29563142	0	0	29563142	0	/.env.sample
1	0	0	0	1	0	0	29563142	0	0	29563142	0	/frontend/.env
1	0	0	0	2	0	0	29626058	0	0	29565595	0	/sslvpnclient?launchplatform=mac&neProto=3&supportipv6=yes
1	0	0	0	1	0	0	29563143	0	0	29563143	0	/config/environments/production/stripe.rb
1	0	0	0	1	0	0	29615170	0	0	29615170	0	/resolve?dns=oj8BAAABAAAAAAAAATEEb2RucwFtCmRuc21lYXN1cmUDdG9wAAABAAE
1	0	0	0	1	0	0	29563143	0	0	29563143	0	/keys/stripe.txt
1	0	0	0	1	0	0	29563143	0	0	29563143	0	/old/phpinfo.php
1	0	0	0	2	0	0	29595836	0	0	29577620	0	/logon/LogonPoint/
1	0	0	0	18	0	0	29626593	0	0	29547382	0	/geoserver/web/
1	0	0	0	2	0	0	29626054	0	0	29565593	0	/api/v1/pods
1	0	0	0	2	0	0	29576220	0	0	29563142	0	/public/.env
1	0	0	0	2	0	0	29605905	0	0	29605894	0	/vendor/phpunit/phpunit/src/Util/PHP/eval-stdin.php
1	0	0	0	3	0	0	29632478	0	0	29572051	0	/.well-known/robots.txt
1	0	0	0	1	0	0	29563142	0	0	29563142	0	/instance/config.py
1	0	0	0	1	0	0	29545418	0	0	29545418	0	/v2/api-docs
1	0	0	0	58	0	0	29613584	0	0	29545596	0	/wp-admin/setup-config.php
1	0	0	0	1	0	0	29563142	0	0	29563142	0	/exapi/.env
1	0	0	0	1	0	0	29545418	0	0	29545418	0	/api/gql
1	0	0	0	1	0	0	29563142	0	0	29563142	0	/gcp-credentials.json
1	0	0	0	1	0	0	29563142	0	0	29563142	0	/sitemaps/.env
1	0	0	0	1	0	0	29563142	0	0	29563142	0	/info2.php
1	0	0	0	12	0	0	29624768	0	0	29556940	0	www.baidu.com:443
1	0	0	0	1	0	0	29547968	0	0	29547968	0	/cgi-bin/login.cgi
1	0	0	0	1	0	0	29563143	0	0	29563143	0	/lib/stripe.js
1	0	0	0	1	0	0	29563142	0	0	29563142	0	/config/credentials.yml.enc
1	0	0	0	1	0	0	29610171	0	0	29610171	0	/settings.php
1	0	0	0	1	0	0	29563143	0	0	29563143	0	/dev/.env.local
1	0	0	0	1	0	0	29545487	0	0	29545487	0	/index.html#team
1	0	0	0	1	0	0	29606015	0	0	29606015	0	/&data=05|02|michael.donev@bfiwealth.com|f0f3fad19a2246d74db308de9b154336|d615fe743e48440990e1328f17fdd0e9|0|0|639118712802698547|Unknown|TWFpbGZsb3d8eyJFbXB0eU1hcGkiOnRydWUsIlYiOiIwLjAuMDAwMCIsIlAiOiJXaW4zMiIsIkFOIjoiTWFpbCIsIldUIjoyfQ==|0|||&sdata=vuiZ+iLNiTCRfYoDkKB6OT7rMw3DQYo6KyDveKa/SKw=&reserved=0
1	0	0	0	1	0	0	29563142	0	0	29563142	0	/api/stripe.js
1	0	0	0	1	0	0	29584929	0	0	29584929	0	/dns-query?dns=ozYBAAABAAAAAAAAATEEb2RucwFtCmRuc21lYXN1cmUDdG9wAAABAAE
1	0	0	0	3	0	0	29626058	0	0	29565595	0	/dana-na
1	0	0	0	1	0	0	29545418	0	0	29545418	0	/swagger.json
1	0	0	0	1	0	0	29563143	0	0	29563143	0	/develop/.env.staging
1	0	0	0	1	0	0	29563143	0	0	29563143	0	/app/checkout/stripe.js
1	0	0	0	1	0	0	29545418	0	0	29545418	0	/api-docs/swagger.json
1	0	0	0	1	0	0	29576220	0	0	29576220	0	/config/env
1	0	0	0	1	0	0	29563143	0	0	29563143	0	/production/.git/config
1	0	0	0	1	0	0	29563143	0	0	29563143	0	/product/.env.production
1	0	0	0	1	0	0	29609858	0	0	29609858	0	/config.inc.php
1	0	0	0	1	0	0	29563143	0	0	29563143	0	/demo/.env
1	0	0	0	1	0	0	29563142	0	0	29563142	0	/.gcloud/credentials
1	0	0	0	1	0	0	29548508	0	0	29548508	0	/assets/js/message.js
1	0	0	0	1	0	0	29563143	0	0	29563143	0	/admin/.env.production
1	0	0	0	1	0	0	29563143	0	0	29563143	0	/internal/stripe/keys.go
1	0	0	0	1	0	0	29563142	0	0	29563142	0	/.env.remote
1	0	0	0	1	0	0	29546107	0	0	29546107	0	/resolve?dns=LbkBAAABAAAAAAAAATEEb2RucwFtCmRuc21lYXN1cmUDdG9wAAABAAE
1	0	0	0	1	0	0	29563143	0	0	29563143	0	/server/.env.local
1	0	0	0	1	0	0	29563143	0	0	29563143	0	/public_html/.env.production
1	0	0	0	1	0	0	29562659	0	0	29562659	0	/odinhttpcall1773673167
1	0	0	0	14	0	0	29630951	0	0	29554088	0	/sra_{BA195980-CD49-458b-9E23-C84EE0ADCD75}/
1	0	0	0	1	0	0	29563143	0	0	29563143	0	/.env.stage
1	0	0	0	1	0	0	29563143	0	0	29563143	0	/lara/info.php
1	0	0	0	1	0	0	29563143	0	0	29563143	0	/apis/.env.production
1	0	0	0	1	0	0	29563143	0	0	29563143	0	/develop/.env.local
1	0	0	0	1	0	0	29563143	0	0	29563143	0	/backup/.git/config
1	0	0	0	1	0	0	29551828	0	0	29551828	0	/?3.94.186.199
1	0	0	0	1	0	0	29563142	0	0	29563142	0	/docker-compose.yml
1	0	0	0	1	0	0	29563142	0	0	29563142	0	/app/logs/dev.log
1	0	0	0	39	0	0	29632022	0	0	29546075	0	/sitemap.xml
1	0	0	0	1	0	0	29563142	0	0	29563142	0	/.dockerignore
1	0	0	0	1	0	0	29563143	0	0	29563143	0	/payment_config.py
1	0	0	0	1	0	0	29563143	0	0	29563143	0	/public/.env.local
1	0	0	0	1	0	0	29563142	0	0	29563142	0	/v2/.env
1	0	0	0	1	0	0	29546840	0	0	29546840	0	/favicon.ico/ads.txt
1	1	1	0	0	29564766	0	0	29564766	0	0	62744	/?dns=VrEBAAABAAAAAAAAATEEb2RucwFtCmRuc21lYXN1cmUDdG9wAAABAAE
1	0	0	0	1	0	0	29563143	0	0	29563143	0	/project/.env.staging
1	0	0	0	1	0	0	29617148	0	0	29617148	0	/jasperserver/login.html
1	0	0	0	12	0	0	29615170	0	0	29546107	0	/resolve?name=1.odns.m.dnsmeasure.top&type=A
1	0	0	0	1	0	0	29563143	0	0	29563143	0	/config/initializers/cashier.rb
1	0	0	0	1	0	0	29563143	0	0	29563143	0	/beta/.env
1	0	0	0	1	0	0	29548508	0	0	29548508	0	/static/style/protect/index.js
1	0	0	0	1	0	0	29563142	0	0	29563142	0	/info_php.php
1	0	0	0	2	0	0	29566018	0	0	29566010	0	/api/v1/auto_login
1	0	0	0	1	0	0	29563143	0	0	29563143	0	/front/.env
1	0	0	0	1	0	0	29554722	0	0	29554722	0	/dns-query?dns=tloBAAABAAAAAAAAATEEb2RucwFtCmRuc21lYXN1cmUDdG9wAAABAAE
1	0	0	0	1	0	0	29617147	0	0	29617147	0	/Telerik.Web.UI.WebResource.axd?type=rau
1	0	0	0	1	0	0	29615170	0	0	29615170	0	/query?dns=xsEBAAABAAAAAAAAATEEb2RucwFtCmRuc21lYXN1cmUDdG9wAAABAAE
1	0	0	0	1	0	0	29563143	0	0	29563143	0	/beta/.env.local
1	0	0	0	2	0	0	29617147	0	0	29597198	0	/js/NewWindow_2_all.js
1	0	0	0	1	0	0	29545418	0	0	29545418	0	/api/swagger.json
1	0	0	0	1	0	0	29563142	0	0	29563142	0	/php_info.php
1	0	0	0	1	0	0	29563143	0	0	29563143	0	/wp-content/plugins/woocommerce-stripe/settings.php
1	0	0	0	1	0	0	29563143	0	0	29563143	0	/project/config/stripe.py
1	0	0	0	1	0	0	29563143	0	0	29563143	0	/api/v1/stripe/config.js
1	0	0	0	1	0	0	29563143	0	0	29563143	0	/services/info.php
1	0	0	0	4	0	0	29632229	0	0	29609112	0	/images/transparentpix.gif
1	0	0	0	4	0	0	29623606	0	0	29620525	0	/atom.xml
1	0	0	0	1	0	0	29563143	0	0	29563143	0	/user/.env.staging
1	0	0	0	1	0	0	29612106	0	0	29612106	0	/logincheck
1	0	0	0	1	0	0	29563143	0	0	29563143	0	/production/.env
1	0	0	0	1	0	0	29563142	0	0	29563142	0	/vendor/.env
1	0	0	0	1	0	0	29576220	0	0	29576220	0	/.env_secret
1	0	0	0	4	0	0	29627925	0	0	29614850	0	dmarket.com:443
1	0	0	0	1	0	0	29563142	0	0	29563142	0	/database/.env
1	0	0	0	1	0	0	29563143	0	0	29563143	0	/webhooks/settings.json
1	0	0	0	5	0	0	29626057	0	0	29565595	0	/api/sonicos/tfa
1	0	0	0	1	0	0	29563143	0	0	29563143	0	/portal/.env.local
1	0	0	0	25	0	0	29630722	0	0	29547400	0	/owa/auth/logon.aspx
1	0	0	0	1	0	0	29545487	0	0	29545487	0	/index.html#jurisdictions
1	0	0	0	1	0	0	29563142	0	0	29563142	0	/2.php
1	0	0	0	1	0	0	29563143	0	0	29563143	0	/keys/payment.key
1	0	0	0	1	0	0	29617149	0	0	29617149	0	/css/images/PTZOptics_powerby.png
1	0	0	0	1	0	0	29617144	0	0	29617144	0	/Web/Auth
1	0	0	0	4	0	0	29627422	0	0	29563142	0	/app/.env
1	0	0	0	1	0	0	29563142	0	0	29563142	0	/.secrets
1	0	0	0	1	0	0	29563143	0	0	29563143	0	/apis/.env.local
1	0	0	0	1	0	0	29562556	0	0	29562556	0	/S2mj
1	1	1	0	0	29554722	0	0	29554722	0	0	62744	/?dns=XxEBAAABAAAAAAAAATEEb2RucwFtCmRuc21lYXN1cmUDdG9wAAABAAE
1	0	0	0	1	0	0	29563143	0	0	29563143	0	/crm/.env.staging
1	0	0	0	8	0	0	29611821	0	0	29546439	0	/favicon.png
1	0	0	0	1	0	0	29576220	0	0	29576220	0	/.git/refs/heads/main
1	12	12	0	0	29615170	0	0	29546107	0	0	752928	/?name=1.odns.m.dnsmeasure.top&type=A
1	0	0	0	1	0	0	29617149	0	0	29617149	0	/WebInterface/
1	0	0	0	1	0	0	29563143	0	0	29563143	0	/prod/.env.staging
1	0	0	0	1	0	0	29554722	0	0	29554722	0	/resolve?dns=Fe4BAAABAAAAAAAAATEEb2RucwFtCmRuc21lYXN1cmUDdG9wAAABAAE
1	0	0	0	1	0	0	29610813	0	0	29610813	0	/config/mail.php
1	0	0	0	1	0	0	29613497	0	0	29613497	0	/owa/auth/asdfasdf.aspx
1	0	0	0	1	0	0	29563143	0	0	29563143	0	/payment.txt
1	0	0	0	2	0	0	29576220	0	0	29563142	0	/site/.env
1	0	0	0	1	0	0	29563143	0	0	29563143	0	/nodeweb/.env
1	0	0	0	1	0	0	29563143	0	0	29563143	0	/product/.env.local
1	0	0	0	1	0	0	29563143	0	0	29563143	0	/xampp/phpinfo.php
1	0	0	0	1	0	0	29563143	0	0	29563143	0	/user/.env.local
1	0	0	0	1	0	0	29548508	0	0	29548508	0	/css/support_parent.css
1	0	0	0	1	0	0	29548172	0	0	29548172	0	/cGiI
1	0	0	0	1	0	0	29563143	0	0	29563143	0	/api/webhook.js
1	0	0	0	1	0	0	29563143	0	0	29563143	0	/public/.env.production
1	0	0	0	1	0	0	29545418	0	0	29545418	0	/s/9313e2139313e2335313e2036313/_/
1	0	0	0	2	0	0	29590470	0	0	29590470	0	/app
1	0	0	0	1	0	0	29563143	0	0	29563143	0	/test/.env.staging
1	0	0	0	1	0	0	29563143	0	0	29563143	0	/secrets.txt
1	0	0	0	1	0	0	29563142	0	0	29563142	0	/uploads/.env
1	0	0	0	1	0	0	29554722	0	0	29554722	0	/resolve?dns=BkQBAAABAAAAAAAAATEEb2RucwFtCmRuc21lYXN1cmUDdG9wAAABAAE
1	0	0	0	1	0	0	29545418	0	0	29545418	0	/swagger/swagger-ui.html
1	0	0	0	1	0	0	29545487	0	0	29545487	0	/index.html#approach
1	0	0	0	1	0	0	29563142	0	0	29563142	0	/bootstrap/cache/config.php
1	0	0	0	2	0	0	29630736	0	0	29629156	0	/___proxy_subdomain_whm/login
1	0	0	0	1	0	0	29576220	0	0	29576220	0	/var/www/.env
1	0	0	0	1	0	0	29563143	0	0	29563143	0	/app/.env.staging
1	0	0	0	10	0	0	29590469	0	0	29545418	0	/api
1	0	0	0	1	0	0	29563143	0	0	29563143	0	/gcp/stripe-keys.json
1	0	0	0	1	0	0	29563142	0	0	29563142	0	/config.zip
1	0	0	0	7	0	0	29549561	0	0	29545545	0	/index.php
1	0	0	0	1	0	0	29576220	0	0	29576220	0	/.env.local.backup
1	0	0	0	1	0	0	29563143	0	0	29563143	0	/config/payment-gateways.php
1	0	0	0	1	0	0	29563142	0	0	29563142	0	/infophp.php
1	0	0	0	2	0	0	29627214	0	0	29554552	0	/apple-touch-icon-precomposed.png
1	0	0	0	1	0	0	29576220	0	0	29576220	0	/.git/refs/heads/master
1	0	0	0	1	0	0	29574846	0	0	29574846	0	/resolve?dns=7qgBAAABAAAAAAAAATEEb2RucwFtCmRuc21lYXN1cmUDdG9wAAABAAE
1	0	0	0	22	0	0	29628919	0	0	29628919	0	/contact
1	0	0	0	20	0	0	29627981	0	0	29549744	0	/wiki
1	0	0	0	1	0	0	29563142	0	0	29563142	0	/tokens.json
1	0	0	0	2	0	0	29571135	0	0	29558194	0	/robots.txt?66.249.75.2
1	0	0	0	2	0	0	29595136	0	0	29590803	0	/robots.txt?51.38.90.52
1	0	0	0	2	0	0	29599046	0	0	29574919	0	/update/picture.cgi
1	0	0	0	1	0	0	29563142	0	0	29563142	0	/src/.env
1	0	0	0	2	0	0	29576220	0	0	29563142	0	/web/.env
1	0	0	0	1	0	0	29563143	0	0	29563143	0	/src/config/stripe.js
1	0	0	0	1	0	0	29563143	0	0	29563143	0	/services/phpinfo.php
1	0	0	0	1	0	0	29545487	0	0	29545487	0	/index.html#contact
1	0	0	0	1	0	0	29563142	0	0	29563142	0	/utils/stripe.js
1	0	0	0	1	0	0	29563143	0	0	29563143	0	/laravel/core/.env.staging
1	0	0	0	1	0	0	29545487	0	0	29545487	0	/index.html#network
1	0	0	0	1	0	0	29563142	0	0	29563142	0	/pi.php
1	0	0	0	3	0	0	29616736	0	0	29610975	0	/admin/config.php?20.102.40.205
1	0	0	0	1	0	0	29563143	0	0	29563143	0	/beta/.env.staging
1	0	0	0	2	0	0	29559849	0	0	29547968	0	/manage/account/login
1	0	0	0	2	0	0	29626333	0	0	29577536	0	/webclient/
1	0	0	0	1	0	0	29555408	0	0	29555408	0	/upload.py
1	0	0	0	1	0	0	29563143	0	0	29563143	0	/wp-config-stripe.php
1	0	0	0	3	0	0	29626055	0	0	29565594	0	/dana-cached/hc/HostCheckerInstaller.osx
1	0	0	0	1	0	0	29563143	0	0	29563143	0	/app/api/stripe/route.ts
1	0	0	0	1	0	0	29563143	0	0	29563143	0	/api/phpinfo.php
1	0	0	0	1	0	0	29563143	0	0	29563143	0	/webroot/index.php/_environment
1	0	0	0	1	0	0	29607501	0	0	29607501	0	/&data=05|02|michael.donev@bfiwealth.com|4a9a4dde525b401b761808de9be4f8d0|d615fe743e48440990e1328f17fdd0e9|0|0|639119604928613099|Unknown|TWFpbGZsb3d8eyJFbXB0eU1hcGkiOnRydWUsIlYiOiIwLjAuMDAwMCIsIlAiOiJXaW4zMiIsIkFOIjoiTWFpbCIsIldUIjoyfQ==|0|||&sdata=X862RxdiAX4t/5hE3tR5XkOnL6X080uKD8+1/JUcrjs=&reserved=0
1	0	0	0	5	0	0	29626057	0	0	29565595	0	/api/sonicos/auth
1	0	0	0	1	0	0	29563143	0	0	29563143	0	/dev/info.php
1	0	0	0	1	0	0	29564766	0	0	29564766	0	/query?dns=RvsBAAABAAAAAAAAATEEb2RucwFtCmRuc21lYXN1cmUDdG9wAAABAAE
1	0	0	0	1	0	0	29563143	0	0	29563143	0	/old/.env.local
1	0	0	0	1	0	0	29563143	0	0	29563143	0	/components/payment/config.js
1	0	0	0	1	0	0	29563142	0	0	29563142	0	/error.log
1	0	0	0	1	0	0	29576220	0	0	29576220	0	/.git/index
1	0	0	0	1	0	0	29563143	0	0	29563143	0	/prod/.env.production
1	0	0	0	1	0	0	29563143	0	0	29563143	0	/.vscode/.env
1	0	0	0	2	0	0	29626056	0	0	29565594	0	/wsman
1	0	0	0	1	0	0	29617143	0	0	29617143	0	/static/historypage.js
1	0	0	0	1	0	0	29563143	0	0	29563143	0	/market/.env.staging
1	0	0	0	1	0	0	29563143	0	0	29563143	0	/laravel/info.php
1	0	0	0	1	0	0	29563143	0	0	29563143	0	/secrets/stripe.env
1	0	0	0	1	0	0	29563143	0	0	29563143	0	/kyc/.env
1	0	0	0	1	0	0	29563142	0	0	29563142	0	/routes/stripe.js
1	0	0	0	1	0	0	29563142	0	0	29563142	0	/db_backup.sql
1	0	0	0	1	0	0	29563143	0	0	29563143	0	/test/info.php
1	0	0	0	1	0	0	29607344	0	0	29607344	0	/&data=05|02|michael.donev@bfiwealth.com|17caed136ae949bfd16108de9bced5e0|d615fe743e48440990e1328f17fdd0e9|0|0|639119510361270693|Unknown|TWFpbGZsb3d8eyJFbXB0eU1hcGkiOnRydWUsIlYiOiIwLjAuMDAwMCIsIlAiOiJXaW4zMiIsIkFOIjoiTWFpbCIsIldUIjoyfQ==|0|||&sdata=KYyGau5T2PAEDLt5WTTvmzR1+lgv+s6nrXLnr/yBLIA=&reserved=0
1	0	0	0	1	0	0	29545418	0	0	29545418	0	/swagger/
1	0	0	0	1	0	0	29617148	0	0	29617148	0	/jasperserver-pro/login.html
1	0	0	0	5	0	0	29585873	0	0	29552702	0	/remote/login?lang=en
1	0	0	0	11	0	0	29629055	0	0	29564517	0	/remote/login
1	0	0	0	1	0	0	29563143	0	0	29563143	0	/apis/.env
1	0	0	0	1	0	0	29563142	0	0	29563142	0	/app/etc/env.php
1	0	0	0	1	0	0	29563143	0	0	29563143	0	/qa/.env.local
1	0	0	0	1	0	0	29563142	0	0	29563142	0	/.aws/credentials
1	0	0	0	1	0	0	29563142	0	0	29563142	0	/configuration.php
1	0	0	0	1	0	0	29563143	0	0	29563143	0	/qa/.env.production
1	0	0	0	1	0	0	29564766	0	0	29564766	0	/resolve?dns=EjMBAAABAAAAAAAAATEEb2RucwFtCmRuc21lYXN1cmUDdG9wAAABAAE
1	1	1	0	0	29554722	0	0	29554722	0	0	62744	/?dns=C8UBAAABAAAAAAAAATEEb2RucwFtCmRuc21lYXN1cmUDdG9wAAABAAE
1	0	0	0	40	0	0	29626599	0	0	29545418	0	/.git/config
1	0	0	0	1	0	0	29563142	0	0	29563142	0	/.env.2
1	0	0	0	1	0	0	29563142	0	0	29563142	0	/.env.1
1	0	0	0	1	0	0	29563143	0	0	29563143	0	/.env.stripe
1	0	0	0	6	0	0	29631750	0	0	29545749	0	/cgi-bin/%2ee2e/e2ee2e/e2ee2e/e2ee2e/e2ee2e/e2ee2e/e2ee2e/bin/sh
1	0	0	0	1	0	0	29563142	0	0	29563142	0	/t.php
1	0	0	0	1	0	0	29563143	0	0	29563143	0	/new/.env.local
1	0	0	0	1	0	0	29617147	0	0	29617147	0	/cf_scripts/scripts/ajax/ckeditor/ckeditor.js
1	0	0	0	1	0	0	29563143	0	0	29563143	0	/prod/.env.local
1	0	0	0	1	0	0	29563143	0	0	29563143	0	/market/.env.local
1	0	0	0	3	0	0	29619061	0	0	29614846	0	/wordpress/wp-admin/install.php?step=1
1	0	0	0	34	0	0	29632478	0	0	29545460	0	/security.txt
1	0	0	0	1	0	0	29585824	0	0	29585824	0	/site.xml
1	0	0	0	1	0	0	29626719	0	0	29626719	0	/ueditor/php/controller.php?action=catchimage&source[]=http://127.0.0.1:355535/?1.png
1	0	0	0	1	0	0	29563143	0	0	29563143	0	/app/.git/config
1	0	0	0	1	0	0	29563142	0	0	29563142	0	/phptest.php
1	0	0	0	5	0	0	29628044	0	0	29617347	0	/wp-content/plugins/jetpack/readme.txt
1	0	0	0	47	0	0	29632927	0	0	29546356	0	/Dr0v
1	0	0	0	2	0	0	29620965	0	0	29620932	0	/sitemap.xml.gz
1	0	0	0	1	0	0	29545418	0	0	29545418	0	/v2/_catalog
1	0	0	0	1	0	0	29576220	0	0	29576220	0	/.env.example
1	0	0	0	1	0	0	29563143	0	0	29563143	0	/production/.env.staging
1	0	0	0	1	0	0	29629190	0	0	29629190	0	/login/?login_only=1
1	0	0	0	1	0	0	29577511	0	0	29577511	0	/login?redir=/ng
1	0	0	0	1	0	0	29563143	0	0	29563143	0	/FRONTEND/.env
1	0	0	0	1	0	0	29563143	0	0	29563143	0	/kyc/.env.local
1	0	0	0	1	0	0	29563142	0	0	29563142	0	/apikeys.json
1	0	0	0	2	0	0	29566018	0	0	29566010	0	/api/v1/version
1	0	0	0	1	0	0	29563143	0	0	29563143	0	/development/info.php
1	0	0	0	1	0	0	29563143	0	0	29563143	0	/stripe.json.backup
1	0	0	0	1	0	0	29563143	0	0	29563143	0	/.gitlab-ci.yml
1	0	0	0	1	0	0	29563143	0	0	29563143	0	/admin/phpinfo.php
1	0	0	0	1	0	0	29563143	0	0	29563143	0	/app/api/stripe/route.js
1	0	0	0	1	0	0	29563142	0	0	29563142	0	/cron/.env
1	0	0	0	1	0	0	29563142	0	0	29563142	0	/api/config
1	0	0	0	1	0	0	29563143	0	0	29563143	0	/.github/stripe.env
1	0	0	0	1	0	0	29610121	0	0	29610121	0	/65999985
1	0	0	0	1	0	0	29563143	0	0	29563143	0	/.docker/laravel/app/.env
1	0	0	0	1	0	0	29617143	0	0	29617143	0	/api/session/properties
1	0	0	0	60	0	0	29632478	0	0	29545418	0	/.well-known/security.txt
1	0	0	0	1	0	0	29563142	0	0	29563142	0	/stripe/index.js
1	7	7	0	6	29631613	0	29622805	29609505	0	29602829	333342	/?20.102.40.205
1	0	0	0	1	0	0	29563143	0	0	29563143	0	/stripe.env
1	0	0	0	30	0	0	29631490	0	0	29546011	0	/developmentserver/metadatauploader
1	0	0	0	1	0	0	29563142	0	0	29563142	0	/debug.php
1	0	0	0	1	0	0	29563143	0	0	29563143	0	/docker/stripe.env
1	0	0	0	125	0	0	29632227	0	0	29545557	0	/.well-known/openpgpkey/policy
1	0	0	0	1	0	0	29563143	0	0	29563143	0	/properties.ini
1	0	0	0	1	0	0	29563142	0	0	29563142	0	/diagnostic.php
1	0	0	0	1	0	0	29563143	0	0	29563143	0	/production/.env.production
1	0	0	0	2	0	0	29623478	0	0	29623319	0	/sitemap.txt
1	0	0	0	2	0	0	29626058	0	0	29565595	0	/myvpn?sess=none&hdlc_framing=no&ipv4=1&ipv6=1&Z=none&hostname=none
1	0	0	0	1	0	0	29563143	0	0	29563143	0	/laravel/.env.staging
1	0	0	0	1	0	0	29563143	0	0	29563143	0	/BACK/.env
1	0	0	0	3	0	0	29568181	0	0	29558158	0	/download/file.ext
1	0	0	0	2	0	0	29584835	0	0	29565551	0	/etc/passwd
1	0	0	0	1	0	0	29563143	0	0	29563143	0	/proc/self/environ
1	0	0	0	1	0	0	29617203	0	0	29617203	0	/rpc/
1	0	0	0	1	0	0	29563143	0	0	29563143	0	/project/.env.production
1	0	0	0	1	0	0	29576220	0	0	29576220	0	/private/.env
1	0	0	0	1	0	0	29563143	0	0	29563143	0	/xampp/info.php
1	0	0	0	1	0	0	29608048	0	0	29608048	0	/ui/login/?20.102.40.205
1	0	0	0	59	0	0	29613585	0	0	29545598	0	/wordpress/wp-admin/setup-config.php
1	0	0	0	1	0	0	29563143	0	0	29563143	0	/dev/.git/config
1	0	0	0	1	0	0	29545487	0	0	29545487	0	/https:/fonts.googleapis.com/css2%3Ffamily%3DCormorant+Garamond:ital,wght@0,300%3B0,400%3B0,500%3B0,600%3B1,300%3B1,400%3B1,500%26family%3DJost:wght@200%3B300%3B400%3B500%26display%3Dswap
1	0	0	0	1	0	0	29563142	0	0	29563142	0	/sites/default/settings.php
1	0	0	0	1	0	0	29563142	0	0	29563142	0	/functions/stripe.js
1	0	0	0	3	0	0	29623769	0	0	29577403	0	/mcp
1	0	0	0	1	0	0	29563143	0	0	29563143	0	/php.ini
1	0	0	0	5	0	0	29626057	0	0	29565595	0	/auth.html
1	0	0	0	1	0	0	29545418	0	0	29545418	0	/login.action
1	0	0	0	1	0	0	29558641	0	0	29558641	0	/dns-query?dns=Ti0BAAABAAAAAAAABmdvb2dsZQNjb20AAAEAAQ
1	0	0	0	1	0	0	29627102	0	0	29627102	0	/ecp/Current/exporttool/microsoft.exchange.ediscovery.exporttool.application?20.102.40.205
1	0	0	0	1	0	0	29563143	0	0	29563143	0	/dev/stripe-test.env
1	0	0	0	1	0	0	29628043	0	0	29628043	0	/ueditor/php/controller.php?action=catchimage&source[]=http://127.0.0.1:224808/?1.png
1	0	0	0	1	0	0	29628043	0	0	29628043	0	/ueditor/jsp/controller.jsp?action=catchimage&source[]=http://127.0.0.1:328467/?1.png
1	0	0	0	1	0	0	29617203	0	0	29617203	0	/Microsoft-Server-ActiveSync
1	0	0	0	1	0	0	29563143	0	0	29563143	0	/cron/.env.production
1	0	0	0	1	0	0	29591920	0	0	29591920	0	/post/
1	0	0	0	1	0	0	29563143	0	0	29563143	0	/old/stripe.config.js
1	0	0	0	1	0	0	29563143	0	0	29563143	0	/services/.env.local
1	0	0	0	1	0	0	29563143	0	0	29563143	0	/credentials/payment.json
1	0	0	0	1	0	0	29606073	0	0	29606073	0	/geoserver
1	0	0	0	1	0	0	29563143	0	0	29563143	0	/.env.docker.dev
1	0	0	0	2	0	0	29626105	0	0	29565617	0	/x16/x03
1	0	0	0	1	0	0	29563143	0	0	29563143	0	/development/.env
1	2235	2235	0	1512	29633035	0	29632811	29545417	0	29545602	106063371	/
1	0	0	0	1	0	0	29563142	0	0	29563142	0	/kubernetes/.env
1	0	0	0	1	0	0	29558149	0	0	29558149	0	/irj/portal/fiori
1	0	0	0	1	0	0	29563142	0	0	29563142	0	/testphp.php
1	0	0	0	4	0	0	29577664	0	0	29576954	0	/_next/static/
1	0	0	0	1	0	0	29563142	0	0	29563142	0	/backup.sql
1	0	0	0	1	0	0	29563142	0	0	29563142	0	/config/initializers/stripe.rb
1	0	0	0	1	0	0	29563143	0	0	29563143	0	/shop/.env.staging
1	0	0	0	8	0	0	29613679	0	0	29549973	0	/.git/HEAD
1	0	0	0	1	0	0	29546107	0	0	29546107	0	/dns-query?dns=6ScBAAABAAAAAAAAATEEb2RucwFtCmRuc21lYXN1cmUDdG9wAAABAAE
1	0	0	0	1	0	0	29563142	0	0	29563142	0	/apps/.env
1	0	0	0	2	0	0	29605976	0	0	29545417	0	/console/
1	0	0	0	1	0	0	29563143	0	0	29563143	0	/keys.txt
1	0	0	0	3	0	0	29568181	0	0	29558158	0	stager64
1	0	0	0	1	0	0	29617203	0	0	29617203	0	/ews/exchange.asmx
1	0	0	0	1	0	0	29617143	0	0	29617143	0	/favicon-32x32.png
1	0	0	0	1	0	0	29563143	0	0	29563143	0	/admin/.env.local
1	0	0	0	1	0	0	29563143	0	0	29563143	0	/src/utils/payment.js
1	0	0	0	1	0	0	29563142	0	0	29563142	0	/core/payment.py
1	0	0	0	2	0	0	29576220	0	0	29563142	0	/config/.env
1	0	0	0	7	0	0	29623853	0	0	29547968	0	/+CSCOE+/logon.html
1	0	0	0	3	0	0	29560488	0	0	29546271	0	/v1/completions
1	0	0	0	1	0	0	29563143	0	0	29563143	0	/shop/.env.local
1	1	1	0	0	29546107	0	0	29546107	0	0	62744	/?dns=GswBAAABAAAAAAAAATEEb2RucwFtCmRuc21lYXN1cmUDdG9wAAABAAE
1	0	0	0	1	0	0	29563143	0	0	29563143	0	/server/info.php
1	0	0	0	5	0	0	29626057	0	0	29565595	0	/auth1.html
1	0	0	0	5	0	0	29626057	0	0	29565595	0	/sslvpnLogin.html
1	0	0	0	1	0	0	29563143	0	0	29563143	0	/dist/.env
1	0	0	0	15	0	0	29626048	0	0	29549787	0	/owa/auth/x.js
1	0	0	0	1	0	0	29617146	0	0	29617146	0	/php/login.php
1	0	0	0	1	0	0	29623431	0	0	29623431	0	/&data=05|02|michael.donev@bfiwealth.com|0f9411b54f314b5d86b508dea4965724|d615fe743e48440990e1328f17fdd0e9|0|0|639129162777133691|Unknown|TWFpbGZsb3d8eyJFbXB0eU1hcGkiOnRydWUsIlYiOiIwLjAuMDAwMCIsIlAiOiJXaW4zMiIsIkFOIjoiTWFpbCIsIldUIjoyfQ==|0|||&sdata=JmFb0+QWfVu6xpxQF8lSPaA+Z81m5R1IRKfyZtBeHNQ=&reserved=0
1	0	0	0	2	0	0	29576220	0	0	29563142	0	/.env.dev.local
1	0	0	0	1	0	0	29606590	0	0	29606590	0	/SDK/webLanguage?20.102.40.205
1	0	0	0	1	0	0	29563143	0	0	29563143	0	/prod/.env
1	0	0	0	2	0	0	29593499	0	0	29555742	0	/vpn/
1	0	0	0	1	0	0	29563143	0	0	29563143	0	/config/initializers/payment.rb
1	0	0	0	3	0	0	29568181	0	0	29558158	0	/mPlayer
1	0	0	0	2	0	0	29562556	0	0	29548172	0	/jquery-3.3.2.slim.min.js
1	0	0	0	1	0	0	29563143	0	0	29563143	0	/lib/payment.js
1	0	0	0	1	0	0	29617145	0	0	29617145	0	/OA_HTML/AppsLocalLogin.jsp
1	0	0	0	3	0	0	29622943	0	0	29621064	0	/sitemaps.xml
1	0	0	0	3	0	0	29568180	0	0	29558157	0	/WuEL
1	0	0	0	4	0	0	29626058	0	0	29556099	0	/my.policy
1	0	0	0	1	0	0	29563143	0	0	29563143	0	/credentials/stripe.json
1	0	0	0	1	0	0	29617145	0	0	29617145	0	/webfig/
1	0	0	0	1	0	0	29563142	0	0	29563142	0	/config/stripe.ts
1	0	0	0	1	0	0	29592894	0	0	29592894	0	/root/.bash_history
1	0	0	0	1	0	0	29563142	0	0	29563142	0	/cronlab/.env
1	0	0	0	1	0	0	29563143	0	0	29563143	0	/dev/.env
1	0	0	0	1	0	0	29563142	0	0	29563142	0	/app/etc/local.xml
1	0	0	0	1	0	0	29617147	0	0	29617147	0	/status.php
3	0	0	0	1	0	0	29628920	0	0	29628920	0	https://calvarylegal.com/contact-us
3	1	1	0	6	29595959	0	29603080	29595959	0	29585825	0	https://www.calvarylegal.com/index.html
3	3	3	0	0	29627214	0	0	29564382	0	0	37251	https://duckduckgo.com/
3	3	0	0	34	29627640	0	29632047	29620467	0	29547413	401073	https://160.153.191.19/
3	1	1	0	0	29632014	0	0	29632014	0	0	52061	http://160.153.191.19:443/cgi-bin/index2.asp
3	116	85	0	121	29632069	0	29632069	29545418	0	29545423	5787742	https://calvarylegal.com/
3	0	0	0	50	0	0	29630504	0	0	29545417	0	https://calvarylegal.com/sw.js
3	1	1	0	0	29627729	0	0	29627729	0	0	10293	https://mail.missiveapp.com/
3	28	18	0	23	29631621	0	29630179	29557338	0	29545445	1819473	https://www.calvarylegal.com/
3	2	2	0	19	29545448	0	29611785	29545421	0	29545419	0	https://calvarylegal.com/index.html
3	30	30	0	36	29630179	0	29628919	29548634	0	29548634	706682	https://www.google.com/
3	3	3	0	0	29627150	0	0	29594124	0	0	37251	https://bing.com/
3	4	4	0	0	29630503	0	0	29617522	0	0	41172	https://calvarylegal.com/cross-border.html
3	4	4	0	0	29627455	0	0	29594580	0	0	44358	https://www.bing.com/
3	0	0	0	1	0	0	29628920	0	0	29628920	0	https://calvarylegal.com/about
3	0	0	0	5	0	0	29610171	0	0	29603723	0	https://google.com/
3	0	0	0	345	0	0	29624186	0	0	29545695	0	http://160.153.191.19:443/
4	1	1	0	0	29589723	0	0	29589723	0	0	62744	Mozilla/5.0 (X11; Fedora; Linux x86_64) AppleWebKit/537.36 (KHTML, like Gecko) Chrome/71.0.3578.98 Safari/537.36
4	1	1	0	1	29554677	0	29554677	29554677	0	29554677	62744	Mozilla/5.0 (Windows NT 10.0; Win64; x64; rv:65.0) Gecko/20100101 Firefox/65.0
4	0	0	0	1	0	0	29563242	0	0	29563242	0	Mozilla/5.0 (Macintosh; Intel Mac OS X 10_15_7; arm64) AppleWebKit/537.36 (KHTML, like Gecko) Opera/76.0.0.0 Safari/537.36
4	1	1	0	0	29554775	0	0	29554775	0	0	62744	Mozilla/5.0 (Windows NT 6.2;en-US) AppleWebKit/537.32.36 (KHTML, live Gecko) Chrome/56.0.3021.105 Safari/537.32
4	0	0	0	1	0	0	29552847	0	0	29552847	0	Mozilla/5.0 (Macintosh; Intel Mac OS X 10_15_7; x86) AppleWebKit/537.36 (KHTML, like Gecko) Edge/83.0.0.0 Safari/537.36
4	1	1	0	0	29579078	0	0	29579078	0	0	62744	Mozilla/5.0 (Macintosh; Intel Mac OS X 9_1) AppleWebKit/565.39 (KHTML, like Gecko) Chrome/107.0.80 Safari/537.36
4	1	1	0	0	29620648	0	0	29620648	0	0	52061	Mozilla/5.0 (Windows NT 10.0) AppleWebKit/537.36 (KHTML, like Gecko) Chrome/108.0.0.0 Safari/537.36
4	1	1	0	0	29545478	0	0	29545478	0	0	62744	Mozilla/5.0 (Windows NT 10.0; Win64; x64) AppleWebKit/537.36 (KHTML, like Gecko) Chrome/130.0.0.0 Safari/537.36 Edg/130.0.0.0
4	0	0	0	1	0	0	29582054	0	0	29582054	0	Mozilla/5.0 (Linux; Android 10; x86) AppleWebKit/537.36 (KHTML, like Gecko) Firefox/98.0.0.0 Safari/537.36
4	2	2	0	1	29553234	0	29553234	29553234	0	29553234	26958	Mozilla/5.0 (Macintosh; Intel Mac OS X 10_15_7) AppleWebKit/605.1.15 (KHTML, like Gecko) Version/26.3 Safari/605.1.15
4	0	0	0	7	0	0	29629055	0	0	29568668	0	Mozilla/5.0 (Windows NT 10.0; Win64; x64) AppleWebKit/537.36 (KHTML, like Gecko) Chrome/115.0.0.0 Safari/537.36 Edg/115.0.1901.203
4	1	1	0	0	29575371	0	0	29575371	0	0	62744	Mozilla/5.0 (Windows NT 10.0; Win64; x64) AppleWebKit/537.36 Chrome/122.0 Safari/537.36
4	1	1	0	1	29564382	0	29564382	29564382	0	29564382	13479	Mozilla/5.0 (Macintosh; Intel Mac OS X 10_15_7) AppleWebKit/605.1.15 (KHTML, like Gecko) Version/26.3 Safari/605.1.15 Ddg/26.3
4	1	1	0	0	29584645	0	0	29584645	0	0	62744	Mozilla/5.0 (X11; Linux x86_64) AppleWebKit/537.36 (KHTML, like Gecko) Chrome/122.0.0.0 Safari/537.36
4	14	14	0	0	29633009	0	0	29563368	0	0	792952	curl/7.64.1
4	1	1	0	0	29547366	0	0	29547366	0	0	13479	Mozilla/5.0 (Macintosh; Intel Mac OS X 10_15_7) AppleWebKit/605.1.15 (KHTML, like Gecko) Version/17.4 Safari/605.1.15
4	6	6	0	6	29611822	0	29611822	29547066	0	29547066	80874	Mozilla/5.0 (X11; Linux x86_64) AppleWebKit/537.36 (KHTML, like Gecko) HeadlessChrome/138.0.7204.23 Safari/537.36
4	7	7	0	12	29631520	0	29631520	29552930	0	29552930	396550	Mozilla/5.0 (compatible; SemrushBot/7~bl; +http://www.semrush.com/bot.html)
4	0	0	0	1	0	0	29603753	0	0	29603753	0	axios/1.8.4
4	0	0	0	1	0	0	29627422	0	0	29627422	0	Mozilla/5.0 (Linux; Android 9; Mi MIX 2S) AppleWebKit/537.36 (KHTML, like Gecko) Chrome/76.0.3809.111 Mobile Safari/537.36
4	21	21	0	35	29633029	0	29633029	29545502	0	29545501	202908	Mozilla/5.0 AppleWebKit/537.36 (KHTML, like Gecko; compatible; bingbot/2.0; +http://www.bing.com/bingbot.htm) Chrome/116.0.1938.76 Safari/537.36
4	0	0	0	3	0	0	29558682	0	0	29558681	0	Mozlila/5.0 (Linux; Android 7.0; SM-G892A Bulid/NRD90M; wv) AppleWebKit/537.36 (KHTML, like Gecko) Version/4.0 Chrome/60.0.3112.107 Moblie Safari/537.36
4	0	0	0	1	0	0	29575586	0	0	29575586	0	Mozilla/5.0 (Windows NT 10.0; arm64) AppleWebKit/537.36 (KHTML, like Gecko) Chrome/105.0.0.0 Safari/537.36
4	0	0	0	1	0	0	29559990	0	0	29559990	0	Mozilla/5.0 (Windows NT 6.2; arm64) AppleWebKit/537.36 (KHTML, like Gecko) Chrome/112.0.0.0 Safari/537.36
4	2	2	0	0	29623865	0	0	29609876	0	0	114805	Mozilla/5.0 (Windows NT 10.0; Win64; x64) AppleWebKit/537.36 (KHTML, like Gecko) Chrome/88.0.4324.190 Safari/537.36
4	0	0	0	1	0	0	29630894	0	0	29630894	0	MOT-V9mm/00.62 UP.Browser/6.2.3.4.c.1.123 (GUI) MMP/2.0
4	0	0	0	1	0	0	29575888	0	0	29575888	0	Mozilla/5.0 (Kubuntu; Linux x86_64) AppleWebKit/537.36 (KHTML, like Gecko) Chrome/131.0.0.0 Safari/537.36
4	0	0	0	1	0	0	29565423	0	0	29565423	0	Mozilla/5.0 (Linux; Android 10; Redmi Note 7) AppleWebKit/537.36 (KHTML, like Gecko) Chrome/83.0.4103.101 Mobile Safari/537.36
4	1	1	0	0	29597837	0	0	29597837	0	0	13479	Mozilla/5.0 (iPhone; CPU iPhone OS 18_7_7 like Mac OS X) AppleWebKit/605.1.15 (KHTML, like Gecko) CriOS/147.0.7727.47 Mobile/15E148 Safari/604.1
4	0	0	0	1	0	0	29569852	0	0	29569852	0	Mozilla/5.0 (Windows NT 6.3; arm64) AppleWebKit/537.36 (KHTML, like Gecko) Opera/72.0.0.0 Safari/537.36
4	0	0	0	2	0	0	29554552	0	0	29554552	0	Mozilla/5.0 (iPhone; CPU iPhone OS 18_6 like Mac OS X) AppleWebKit/605.1.15 (KHTML, like Gecko) Version/26.4 Mobile/15E148 Safari/604.1 Ddg/26.4
4	0	0	0	1	0	0	29574725	0	0	29574725	0	Mozilla/5.0 (Linux; Android 10; x64) AppleWebKit/537.36 (KHTML, like Gecko) Firefox/75.0.0.0 Safari/537.36
4	1	1	0	5	29545460	0	29545460	29545460	0	29545460	62744	Mozilla/5.0 (Windows NT 10.0; WOW64) AppleWebKit/537.36 (KHTML, like Gecko) Chrome/90.0.4430.212 YaBrowser/21.5.2.644 Yowser/2.5 Safari/537.36
4	0	0	0	1	0	0	29577620	0	0	29577620	0	Mozilla/5.0 (X11; Linux i686; rv:1.9.6.20) Gecko/ Firefox/3.6.17
4	0	0	0	1	0	0	29555408	0	0	29555408	0	Mozilla/5.0 (Windows NT 10.0; Win64; x64) AppleWebKit/537.36 (KHTML, like Gecko) Chrome/99.0.4844.84 Safari/537.36
4	2	1	0	1	29627398	0	29627398	29627398	0	29627398	143984	Mozilla/5.0 (Macintosh; Intel Mac OS X 15_7_2) AppleWebKit/537.36 (KHTML, like Gecko) Chrome/142.0.0.0 Safari/537.36
4	1	1	0	0	29607442	0	0	29607442	0	0	62744	Mozilla/5.0 (Macintosh; Intel Mac OS X 10.15; rv:138.0) Gecko/20100101 Firefox/138.0
4	0	0	0	1	0	0	29610171	0	0	29610171	0	Mozilla/5.0 (Windows NT 10.0; Win64; x64) AppleWebKit/537.36 (KHTML, like Gecko) Chrome/62.0.3202.62 Safari/537.36
4	0	0	0	4	0	0	29596065	0	0	29596065	0	Mozilla/5.0 (compatible; scanner/1.0)
4	7	7	0	4	29602965	0	29602961	29545819	0	29545819	94353	Mozilla/5.0 (Macintosh; Intel Mac OS X 10_15_7) AppleWebKit/605.1.15 (KHTML, like Gecko) Version/18.6 Safari/605.1.15
4	1	1	0	2	29603753	0	29603753	29603753	0	29580503	13479	Mozilla/5.0 (Windows NT 10.0; Win64; x64; rv:109.0) Gecko/20100101 Firefox/109.0
4	0	0	0	1	0	0	29576321	0	0	29576321	0	Mozilla/5.0 (Windows NT 10.0; Win64; x64; rv:109.0) Gecko/20100101 Firefox/110.0
4	1	1	0	0	29611843	0	0	29611843	0	0	62744	Mozilla/5.0 (Macintosh; Intel Mac OS X 10.15; rv:142.0) Gecko/20100101 Firefox/142.0
4	0	0	0	1	0	0	29553149	0	0	29553149	0	Mozilla/5.0 (Windows NT 10.0; Win64; x64) AppleWebKit/537.36 (KHTML, like Gecko) Chrome/108.0.0.0 Safari/537.36 OPR/94.0.0.0 (Edition Yx GX)
4	0	0	0	10	0	0	29626403	0	0	29586167	0	Chrome Privacy Preserving Prefetch Proxy
4	1	1	0	0	29576938	0	0	29576938	0	0	62744	Mozilla/5.0 (Windows NT 10.0; Win64; x64) AppleWebKit/537.36 (KHTML, like Gecko) Chrome/127.0.0.0 Safari/537.36
4	0	0	0	1	0	0	29627422	0	0	29627422	0	Mozilla/5.0 (Macintosh; Intel Mac OS X 10_12_6) AppleWebKit/537.36 (KHTML, like Gecko) Chrome/75.0.3770.142 Safari/537.36
4	5	5	0	0	29599930	0	0	29565959	0	0	313720	Mozilla/5.0 (Windows NT 10.0) AppleWebKit/537.36 (KHTML, like Gecko) Chrome/106.0.0.0 Safari/537.36
4	0	0	0	1	0	0	29554329	0	0	29554329	0	Mozilla/5.0 (Macintosh; Intel Mac OS X 10_15_7; x64) AppleWebKit/537.36 (KHTML, like Gecko) Opera/63.0.0.0 Safari/537.36
4	1	1	0	0	29628901	0	0	29628901	0	0	52061	Go-http-client/2.0
4	8	8	0	22	29630260	0	29623853	29548634	0	29548634	480586	Mozilla/5.0 (X11; Linux x86_64) AppleWebKit/537.36 (KHTML, like Gecko) Chrome/119.0.0.0 Safari/537.36
4	0	0	0	1	0	0	29628043	0	0	29628043	0	Mozilla/5.0 (X11; Linux x86_64) AppleWebKit/537.36 (KHTML, like Gecko) Chrome/120.0.0.0 Safari/537.36
4	1	1	0	0	29553841	0	0	29553841	0	0	62744	'Mozilla/5.0 (Windows NT 10.0; Win64; x64) AppleWebKit/537.39 (KHTML, like Gecko) Chrome/89.0.4389.111 Safari/537.39'
4	2	2	0	0	29555759	0	0	29555759	0	0	125488	Python/3.9 aiohttp/3.13.3
4	0	0	0	1	0	0	29619139	0	0	29619139	0	Mozilla/5.0 (Macintosh; U; PPC Mac OS X; fr-fr) AppleWebKit/312.5 (KHTML, like Gecko) Safari/312.3
4	0	0	0	1	0	0	29626333	0	0	29626333	0	Python-urllib/3.13
4	0	0	0	1	0	0	29563386	0	0	29563386	0	BlackBerry7520/4.0.0 Profile/MIDP-2.0 Configuration/CLDC-1.1 UP.Browser/5.0.3.3 UP.Link/5.1.2.12 (Google WAP Proxy/1.0)
4	5	5	0	1	29625044	0	29577536	29548279	0	29577536	303037	Python-urllib/3.12
4	0	0	0	1	0	0	29613679	0	0	29613679	0	Mozilla/5.0 (Macintosh; Intel Mac OS X 10_14_1) AppleWebKit/537.36 (KHTML, like Gecko) Chrome/74.0.3729.169 Safari/537.36
4	1	1	0	0	29627557	0	0	29627557	0	0	52061	Mozilla/5.0 (Macintosh; Intel Mac OS X 10_14_6) AppleWebKit/605.1.15 (KHTML, like Gecko)
4	0	0	0	1	0	0	29554114	0	0	29554114	0	Mozilla/5.0 (Windows NT 6.2; x86) AppleWebKit/537.36 (KHTML, like Gecko) Firefox/77.0.0.0 Safari/537.36
4	2	1	0	1	29622889	0	29622889	29622889	0	29622889	143984	Mozilla/5.0 (iPhone; CPU iPhone OS 26_3_1 like Mac OS X) AppleWebKit/605.1.15 (KHTML, like Gecko) CriOS/147.0.7727.99 Mobile/15E148 Safari/604.1
4	0	0	0	1	0	0	29566245	0	0	29566245	0	Mozilla/5.0 (X11; Linux x86_64; rv:109.0) Gecko/20100101 Firefox/109.0
4	0	0	0	1	0	0	29563385	0	0	29563385	0	Mozilla/5.0 (Windows NT 10.0; Win64; x64) AppleWebKit/537.36 (KHTML, like Gecko) Chrome/75.0.3770.100 Safari/537.36 OPR/62.0.3331.88
4	21	21	0	1	29625215	0	29596100	29546256	0	29596100	1264209	Mozilla/5.0 (Macintosh; Intel Mac OS X 10_15_7) AppleWebKit/537.36 (KHTML, like Gecko) Chrome/131.0.0.0 Safari/537.36
4	0	0	0	2	0	0	29558654	0	0	29558641	0	Chrome
4	0	0	0	1	0	0	29592741	0	0	29592741	0	Mozilla/5.0 (Windows NT 5.1; rv:5.0) Gecko/20100101 Firefox/5.0
4	0	0	0	1	0	0	29628123	0	0	29628123	0	Mozilla/5.0 (Windows NT 10.0; Win64; x64) AppleWebKit/537.36 Chrome/129.0.0.0 Safari/537.36
4	6	5	0	1	29617683	0	29611785	29611767	0	29611785	197888	Mozilla/5.0 (iPhone; CPU iPhone OS 26_3_1 like Mac OS X) AppleWebKit/605.1.15 (KHTML, like Gecko) GSA/416.4.894748588 Mobile/15E148 Safari/604.1
4	0	0	0	1	0	0	29607861	0	0	29607861	0	Mozilla/5.0 (Linux; Android 10; x64) AppleWebKit/537.36 (KHTML, like Gecko) Chrome/105.0.0.0 Safari/537.36
4	7	7	0	7	29610136	0	29623769	29564190	0	29562490	439208	python-httpx/0.28.1
4	0	0	0	42	0	0	29613585	0	0	29556103	0	https://calvarylegal.com/wordpress/wp-admin/setup-config.php
4	1	1	0	0	29626657	0	0	29626657	0	0	10293	Mozilla/5.0 (Linux; Android 6.0.1; Nexus 5X Build/MMB29P) AppleWebKit/537.36 (KHTML, like Gecko) Chrome/147.0.7727.116 Mobile Safari/537.36 (compatible; Googlebot/2.1; +http://www.google.com/bot.html)
4	0	0	0	1	0	0	29621001	0	0	29621001	0	Mozilla/5.0 (Windows NT 10.0; Win64; x64; rv:95.0) Gecko/20100101 Firefox/95.0
4	0	0	0	1	0	0	29624333	0	0	29624333	0	Mozilla/5.0 (X11; Linux x86_64; rv:1.9.5.20) Gecko/ Firefox/3.8
4	2	2	0	0	29611830	0	0	29575914	0	0	125488	Symfony BrowserKit
4	4	4	0	0	29607350	0	0	29554318	0	0	250976	Mozilla/5.0 (Windows NT 10.0; Win64; x64) AppleWebKit/537.36 (KHTML, like Gecko) Chrome/102.0.5005.197 Safari/537.36
4	1	1	0	5	29594756	0	29594756	29594756	0	29594756	62744	Mozilla/5.0 (Windows NT 10.0; Win64; x64) AppleWebKit/537.36 (KHTML, like Gecko) Chrome/89.0.4389.86 YaBrowser/21.3.1.91 Yowser/2.5 Safari/537.36
4	1	1	0	0	29591873	0	0	29591873	0	0	62744	Mozilla/5.0 (X11; Linux i686; rv:124.0) Gecko/20100101 Firefox/124.0
4	0	0	0	1	0	0	29564674	0	0	29564674	0	Mozilla/5.0 (X11; U; Linux; i686; en-US; rv:1.6) Gecko Debian/1.6-7
4	2	2	0	1	29628257	0	29625215	29625215	0	29625215	104122	Mozilla/5.0 (Windows NT 10.0; Win64; x64; rv:133.0) Gecko/20100101 Firefox/133.0
4	1	1	0	1	29565538	0	29595836	29565538	0	29595836	13479	Mozilla/5.0 (Macintosh; Intel Mac OS X 10_15_7) AppleWebKit/537.36 (KHTML, like Gecko) Chrome/130.0.0.0 Safari/537.36
4	0	0	0	1	0	0	29600445	0	0	29600445	0	Mozilla/5.0 (Macintosh; Intel Mac OS X 10_14_3) AppleWebKit/605.1.15 (KHTML, like Gecko) Version/12.0.3 Safari/605.1.15
4	0	0	0	1	0	0	29586480	0	0	29586480	0	Mozilla/5.0 (Macintosh; Intel Mac OS X 10_14_5) AppleWebKit/537.36 (KHTML, like Gecko) Chrome/72.0.3626.121 Safari/537.36
4	0	0	0	1	0	0	29575311	0	0	29575311	0	Mozilla/5.0 (X11; Linux i686) AppleWebKit/537.36 (KHTML, like Gecko) Chrome/53.0.2785.101 Safari/537.36 OPR/40.0.2308.62
4	4	4	0	1	29593056	0	29616508	29553840	0	29616508	250976	Mozilla/5.0 (Windows NT 10.0; Win64; x64) AppleWebKit/537.36 (KHTML, like Gecko) Chrome/125.0.0.0 Safari/537.36
4	0	0	0	1	0	0	29594922	0	0	29594922	0	Mozilla/5.0 (X11; Linux x86_64) AppleWebKit/537.36 (KHTML, like Gecko) Chrome/61.0.3163.100 Electron/2.0.18 Safari/537.36
4	0	0	0	1	0	0	29617899	0	0	29617899	0	Mozilla/5.0 (Windows NT 10.0; Win64; x64; WOW64; rv:41.0) Gecko/20100101 Firefox/140.0.2 (x64 de)
4	0	0	0	1	0	0	29574914	0	0	29574914	0	Mozilla/5.0 (X11; Ubuntu; Linux x86_64; x86) AppleWebKit/537.36 (KHTML, like Gecko) Firefox/80.0.0.0 Safari/537.36
4	0	0	0	1	0	0	29619093	0	0	29619093	0	AdsBot-Google ( http://www.google.com/adsbot.html)
4	0	0	0	1	0	0	29630663	0	0	29630663	0	Mozilla/5.0 (Linux; Android 10; arm64) AppleWebKit/537.36 (KHTML, like Gecko) Edge/85.0.0.0 Safari/537.36
4	5	5	0	9	29545487	0	29545487	29545418	0	29545487	67395	Mozilla/5.0 (X11; Linux x86_64) AppleWebKit/537.36 (KHTML, like Gecko) Chrome/117.0.0.0 Safari/537.36
4	1	1	0	0	29597199	0	0	29597199	0	0	0	Mozilla/5.0 (Windows NT 10.0; Win64; x64) AppleWebKit/537.36 (KHTML, like Gecko) Chrome/144.0.0.0 Safari/537.36 (compatible; HubSpot DataHub; +https://www.hubspot.com)
4	1	1	0	0	29574533	0	0	29574533	0	0	62744	Mozilla/5.0 (X11; Linux x86_64; rv:1.9.7.20) Gecko/ Firefox/3.6.8
4	2	2	0	2	29626788	0	29626788	29564479	0	29564479	114805	DuckAssistBot/1.2; (+http://duckduckgo.com/duckassistbot.html)
4	1	1	0	3	29577875	0	29577875	29577875	0	29577875	62744	Mozilla/5.0 (Windows NT 5.1; rv:13.0) Gecko/20100101 Firefox/13.0.1
4	1	1	0	0	29558093	0	0	29558093	0	0	62744	Mozilla/5.0 (Macintosh; Intel Mac OS X 10_15_7) AppleWebKit/537.36 (KHTML, like Gecko) Chrome/95.0.4638.69 Safari/537.36
4	3	3	0	1	29595959	0	29595958	29595958	0	29595958	26958	Mozilla/5.0 (Linux; Android 10; K) AppleWebKit/537.36 (KHTML, like Gecko) Chrome/146.0.0.0 Mobile Safari/537.36
4	0	0	0	1	0	0	29577503	0	0	29577503	0	Client/68946 CFNetwork/3860.400.51 Darwin/25.3.0
4	1	1	0	0	29567651	0	0	29567651	0	0	62744	Mozilla/5.0 (Windows NT 10.0; Win64; x64; rv:139.0) Gecko/20100101 Firefox/139.0
4	1	1	0	3	29558590	0	29558590	29558590	0	29558590	62744	Mozilla/5.0 (Windows NT 10.0; Win64; x64) AppleWebKit/537.36 (KHTML, like Gecko) Chrome/88.0.4324.146 Safari/537.36
4	1	1	0	1	29633025	0	29600822	29633025	0	29600822	52061	Mozilla/5.0 (Windows NT 10.0; Win64; x64; rv:140.0) Gecko/20100101 Firefox/140.0
4	0	0	0	16	0	0	29630111	0	0	29554154	0	Mozilla/5.0 (Windows NT 10.0; Win64; x64) AppleWebKit/537.36 (KHTML, like Gecko) Chrome/103.0.5060.134 Safari/537.36
4	172	172	0	179	29631845	0	29629709	29546107	0	29546107	10578308	Go-http-client/1.1
4	0	0	0	1	0	0	29590470	0	0	29590470	0	Mozilla/5.0 (Linux; Android 9; AFTWMST22 Build/PS7233; wv) AppleWebKit/537.36 (KHTML, like Gecko) Version/4.0 Chrome/88.0.4324.152 Mobile Safari/537.36
4	0	0	0	1	0	0	29562327	0	0	29562327	0	Mozilla/5.0 (Windows NT 6.3; arm64) AppleWebKit/537.36 (KHTML, like Gecko) Edge/95.0.0.0 Safari/537.36
4	30	30	0	2	29632220	0	29619122	29546013	0	29558147	1796856	Mozilla/5.0 (Macintosh; Intel Mac OS X 13_1) AppleWebKit/537.36 (KHTML, like Gecko) Chrome/108.0.0.0 Safari/537.36
4	1	1	0	0	29620748	0	0	29620748	0	0	0	server-probe/1.0
4	42	40	0	2	29631621	0	29557578	29557338	0	29557338	768286	Mozilla/5.0 AppleWebKit/537.36 (KHTML, like Gecko; compatible; GPTBot/1.3; +https://openai.com/gptbot)
4	0	0	0	1	0	0	29550369	0	0	29550369	0	Mozilla/5.0 (Macintosh; Intel Mac OS X 10_15_7) AppleWebKit/605.1.15 (KHTML, like Gecko) Version/16.3 Mobile/15E148 Safari/604.1
4	5	5	0	47	29631750	0	29631750	29545749	0	29545748	303037	libredtail-http
4	1	1	0	0	29554656	0	0	29554656	0	0	62744	Mozilla/5.0 (Windows NT 6.1) AppleWebKit/537.36 (KHTML, like Gecko) Chrome/29.0.1547.76 Safari/537.36
4	10	10	0	0	29617683	0	0	29595958	0	0	134772	Mozilla/5.0 (Linux; Android 10; K) AppleWebKit/537.36 (KHTML, like Gecko) Chrome/138.0.0.0 Mobile Safari/537.36 (compatible; Google-Read-Aloud; +https://support.google.com/webmasters/answer/1061943)
4	2	2	0	4	29603617	0	29619486	29596020	0	29603617	76223	Mozilla/5.0 (Windows NT 10.0; Win64; x64) AppleWebKit/537.36 (KHTML, like Gecko) Chrome/124.0.0.0 Safari/537.36
4	0	0	0	6	0	0	29577582	0	0	29545602	0	Mozilla/5.0 (compatible; FreePBX-Scanner/1.0)
4	1	1	0	1	29549486	0	29626720	29549486	0	29626720	62744	Mozilla/5.0 (Macintosh; Intel Mac OS X 10_15_6) AppleWebKit/605.1.15 (KHTML, like Gecko) Version/15.5 Safari/605.1.15
4	0	0	0	2	0	0	29584835	0	0	29565551	0	Mozilla/5.0 (Windows NT 10.0; Win64; x64; rv:146.0) Gecko/20100101 Firefox/146.0
4	1	1	0	5	29613115	0	29613113	29613115	0	29613113	13479	Mozilla/5.0 (X11; Linux x86_64) AppleWebKit/537.36 (KHTML, like Gecko) Chrome/86.0.4 240.111 Safari/537.36
4	0	0	0	1	0	0	29546451	0	0	29546451	0	Mozilla/5.0 (Linux; Android 10; x64) AppleWebKit/537.36 (KHTML, like Gecko) Chrome/103.0.0.0 Safari/537.36
4	2	2	0	1	29548121	0	29548121	29548121	0	29548121	26958	Mozilla/5.0 (iPhone; CPU iPhone OS 26_3_0 like Mac OS X) AppleWebKit/605.1.15 (KHTML, like Gecko) CriOS/145.0.7632.108 Mobile/15E148 Safari/604.1
4	0	0	0	1	0	0	29628043	0	0	29628043	0	Mozilla/5.0 (Macintosh; Intel Mac OS X 10_15_7) AppleWebKit/605.1.15 (KHTML, like Gecko) Version/15.6 Safari/605.1.15
4	4	4	0	0	29632528	0	0	29627736	0	0	208244	curl/8.5.0
4	62	62	0	8	29632480	0	29631631	29545824	0	29550262	3761932	Hello from Palo Alto Networks, find out more about our scans in https://docs-cortex.paloaltonetworks.com/r/1/Cortex-Xpanse/Scanning-activity
4	1	1	0	0	29606382	0	0	29606382	0	0	62744	Mozilla/5.0 (Windows NT 5.1; Win64; x64) AppleWebKit/537.36 (KHTML, like Gecko) Chrome/60.0.3112.90 Safari/537.36
4	0	0	0	3	0	0	29628919	0	0	29628919	0	Mozilla/5.0 (Windows NT 10.0; Win64; x64; rv:149.0) Gecko/20100101 Firefox/149.0
4	3	3	0	6	29585824	0	29603466	29584676	0	29585823	89702	Mozilla/5.0 (X11; Linux x86_64; rv:140.0) Gecko/20100101 Firefox/140.0
4	1	1	0	5	29624455	0	29624456	29624455	0	29624455	52061	Mozilla/5.0 (Windows NT 6.1; Win64; x64) AppleWebKit/537.36 (KHTML, like Gecko) Chrome/89.0.4389.105 YaBrowser/21.3.3.230 Yowser/2.5 Safari/537.36
4	0	0	0	1	0	0	29554583	0	0	29554583	0	Mozilla/5.0 (Windows NT 10.0; x64) AppleWebKit/537.36 (KHTML, like Gecko) Edge/99.0.0.0 Safari/537.36
4	49	49	0	140	29631859	0	29631490	29545837	0	29546011	2967626	Mozilla/5.0 zgrab/0.x
4	0	0	0	1	0	0	29566010	0	0	29566010	0	Mozilla/5.0 (X11; Linux x86_64; rv:91.0) Gecko/20100101 Firefox/91.0
4	0	0	0	1	0	0	29553154	0	0	29553154	0	Mozilla/5.0 (X11; Linux x86_64) AppleWebKit/537.36 (KHTML, like Gecko) HeadlessChrome/92.0.4515.159 Safari/537.36
4	0	0	0	3	0	0	29605819	0	0	29571999	0	python-httpx/0.27.0
4	0	0	0	1	0	0	29601953	0	0	29601953	0	Mozilla/5.0 (Macintosh; Intel Mac OS X 10_14) AppleWebKit/605.1.15 (KHTML, like Gecko) Version/12.0 Safari/605.1.15
4	2	2	0	0	29584798	0	0	29584546	0	0	26958	Mozilla/5.0 (Linux; Android 6.0.1; Nexus 5X Build/MMB29P) AppleWebKit/537.36 (KHTML, like Gecko) Chrome/146.0.7680.164 Mobile Safari/537.36 (compatible; Googlebot/2.1; +http://www.google.com/bot.html)
4	5	5	0	4	29632595	0	29626108	29565595	0	29565596	148870	Mozilla/5.0 (Windows NT 10.0; Win64; x64) AppleWebKit/537.36 (KHTML, like Gecko) Chrome/83.0.4103.61 Safari/537.36
4	3	3	0	1	29557015	0	29557015	29557015	0	29557015	125488	Mozilla/5.0 (compatible; websiphon/0.1)
4	1	1	0	1	29625865	0	29625865	29625865	0	29625865	52061	Mozilla/5.0 (X11; Linux aarch64) AppleWebKit/537.36 (KHTML, like Gecko) Chrome/124.0.0.0 Safari/537.36
4	0	0	0	1	0	0	29596082	0	0	29596082	0	Mozilla/5.0 (SS; Linux x86_64; rv:124.0) Gecko/20100101 Firefox/124.0
4	0	0	0	125	0	0	29632227	0	0	29545557	0	GuzzleHttp/7
4	0	0	0	2	0	0	29613185	0	0	29607834	0	Mozilla/5.0 (Windows NT 10.0; Win64; x64) AppleWebKit/537.36 (KHTML, like Gecko) Chrome/123.0.0.0 Safari/537.36
4	0	0	0	1	0	0	29553018	0	0	29553018	0	Mozilla/5.0 (X11; Ubuntu; Linux x86_64; rv:88.0) Gecko/20100101 Firefox/88.0
4	4	4	0	0	29626797	0	0	29559754	0	0	240293	Mozilla/5.0 (Linux; arm_64; Android 12; CPH2205) AppleWebKit/537.36 (KHTML, like Gecko) Chrome/110.0.0.0 YaBrowser/23.3.3.86.00 SA/3 Mobile Safari/537.36
4	1	1	0	0	29591744	0	0	29591744	0	0	62744	Mozilla/5.0 (Linux; Android 10; Redmi Note 8 Pro) AppleWebKit/537.36 (KHTML, like Gecko) Chrome/91.0.4472.120 Mobile Safari/537.36
4	0	0	0	1	0	0	29606668	0	0	29606668	0	Mozilla/5.0 (X11; Ubuntu; Linux x86_64; arm64) AppleWebKit/537.36 (KHTML, like Gecko) Firefox/72.0.0.0 Safari/537.36
4	2	1	0	2	29627214	0	29627214	29627214	0	29627214	143984	Mozilla/5.0 (iPhone; CPU iPhone OS 18_7 like Mac OS X) AppleWebKit/605.1.15 (KHTML, like Gecko) Version/18.7 Mobile/15E148 Safari/604.1 Ddg/18.7
4	0	0	0	1	0	0	29609858	0	0	29609858	0	Mozilla/5.0 (Windows NT 6.3) AppleWebKit/537.36 (KHTML, like Gecko) Chrome/70.0.3538.80 Safari/537.36
4	0	0	0	1	0	0	29629410	0	0	29629410	0	Mozilla/5.0 (Windows NT 6.3; x86) AppleWebKit/537.36 (KHTML, like Gecko) Firefox/83.0.0.0 Safari/537.36
4	1	1	0	0	29549895	0	0	29549895	0	0	62744	Mozilla/5.0 (Windows NT 6.3; WOW64; rv:70.0) Gecko/20100101 Firefox/70.0
4	1	1	0	0	29559933	0	0	29559933	0	0	13479	Mozilla/5.0 (iPhone; CPU iPhone OS 18_6_2 like Mac OS X) AppleWebKit/605.1.15 (KHTML, like Gecko) Mobile/15E148
4	0	0	0	1	0	0	29597652	0	0	29597652	0	Mozilla/5.0 (Macintosh; Intel Mac OS X 10_15_7) AppleWebKit/605.1.15 (KHTML, like Gecko) Version/16.6 Mobile/15E148 Safari/604.1
4	1	1	0	0	29555252	0	0	29555252	0	0	62744	Mozilla/5.0 (Linux; Android 10; SM-M307F) AppleWebKit/537.36 (KHTML, like Gecko) Chrome/98.0.4758.101 Mobile Safari/537.36
4	0	0	0	1	0	0	29583060	0	0	29583060	0	Mozilla/5.0 (Windows NT 10.0; arm64) AppleWebKit/537.36 (KHTML, like Gecko) Opera/65.0.0.0 Safari/537.36
4	0	0	0	1	0	0	29610485	0	0	29610485	0	Mozilla/5.0 (Windows NT 10.0; Win64; x64) AppleWebKit/537.36 (KHTML, like Gecko) Chrome/70.0.3538.102 Safari/537.36
4	0	0	0	1	0	0	29566010	0	0	29566010	0	Mozilla/5.0 (Windows NT 10.0; Win64; x64) AppleWebKit/537.36 (KHTML, like Gecko) Chrome/70.0.3538.102 Safari/537.36 Edge/18.18362
4	7	7	0	13	29568180	0	29568181	29558156	0	29558158	439208	Mozilla/5.0 (Windows NT 10.0; Win64; x64) AppleWebKit/537.36 (KHTML, like Gecko) Chrome/94.0.4606.61 Safari/537.36
4	1	1	0	0	29577503	0	0	29577503	0	0	13479	Mozilla/5.0 (Macintosh; Intel Mac OS X 10_15_7) AppleWebKit/605.1.15 (KHTML, like Gecko) Version/16.0 Safari/605.1.15
4	0	0	0	1	0	0	29583451	0	0	29583451	0	Mozilla/4.038533357 Mozilla/4.0 (compatible; MSIE 7.0; Windows NT 5.1) QQBrowser/6.0
4	0	0	0	1	0	0	29564517	0	0	29564517	0	Mozilla/5.0 (Windows NT 10.0; Win64; x64) AppleWebKit/537.36 (KHTML, like Gecko) Chrome/122.0.0.0 Safari/537.36
4	1	1	0	0	29592624	0	0	29592624	0	0	62744	Mozilla/5.0 (iPad; CPU OS 10_0 like Mac OS X) AppleWebKit/601.1 (KHTML, like Gecko) CriOS/49.0.2623.109 Mobile/14A5335b Safari/601.1.46
4	3	2	0	1	29623172	0	29623172	29617403	0	29623172	157463	Mozilla/5.0 (Windows NT 10.0; Win64; x64) AppleWebKit/537.36 (KHTML, like Gecko) Chrome/142.0.7444.162 Safari/537.36
4	6	6	0	0	29549061	0	0	29545840	0	0	80874	Mozilla/5.0 (Linux; Android 6.0.1; Nexus 5X Build/MMB29P) AppleWebKit/537.36 (KHTML, like Gecko) Chrome/144.0.7559.132 Mobile Safari/537.36 (compatible; Googlebot/2.1; +http://www.google.com/bot.html)
4	1	1	0	0	29620354	0	0	29620354	0	0	52061	Mozilla/5.0 (Macintosh; Intel Mac OS X 10_15) AppleWebKit/537.36 (KHTML, like Gecko) Chrome/103.0.0.0 Safari/537.36 Edg/103.0.1264.37
4	2	2	0	0	29616503	0	0	29616491	0	0	125488	Mozilla/5.0 (X11; Linux x86_64) AppleWebKit/537.36 (KHTML, like Gecko) HeadlessChrome/122.0.6261.94 Safari/537.36
4	0	0	0	1	0	0	29626720	0	0	29626720	0	Mozilla/5.0 (Macintosh; Intel Mac OS X 10.15; rv:109.0) Gecko/20100101 Firefox/115.0
4	2	2	0	8	29556853	0	29556854	29545465	0	29545465	125488	Mozilla/5.0 (Windows NT 6.1; WOW64) AppleWebKit/537.36 (KHTML, like Gecko) Chrome/88.0.4324.152 YaBrowser/21.2.3.106 Yowser/2.5 Safari/537.36
4	2	1	0	0	29618888	0	0	29618888	0	0	143984	Mozilla/5.0 (iPhone; CPU iPhone OS 18_7 like Mac OS X) AppleWebKit/605.1.15 (KHTML, like Gecko) FxiOS/149.3 Mobile/15E148 Safari/604.1
4	1	1	0	0	29624334	0	0	29624334	0	0	52061	Mozilla/5.0 (X11; Linux x86_64) AppleWebKit/537.36 (KHTML, like Gecko) Chrome/100.0.4896.147 Safari/537.36
4	0	0	0	1	0	0	29600026	0	0	29600026	0	Mozilla/5.0 (Macintosh; Intel Mac OS X 10_15_7; arm64) AppleWebKit/537.36 (KHTML, like Gecko) Edge/88.0.0.0 Safari/537.36
4	1	1	0	1	29606019	0	29606019	29606019	0	29606019	13479	Mozilla/5.0 (Macintosh; Intel Mac OS X 10_15_7) AppleWebKit/605.1.15 (KHTML, like Gecko) Version/15.6.1 Safari/605.1.15
4	0	0	0	1	0	0	29553392	0	0	29553392	0	Mozilla/5.0 (Windows NT 10.0; Win64; x64) AppleWebKit/537.36 (KHTML, like Gecko) Chrome/96.0.4664.93 Safari/537.36
4	25	23	0	24	29619612	0	29619608	29545886	0	29545886	544069	Mozilla/5.0 (compatible; AhrefsBot/7.0; +http://ahrefs.com/robot/)
4	4	4	0	0	29630017	0	0	29572414	0	0	229610	Mozilla/5.0 (Windows NT 10.0; Win64; x64) AppleWebKit/537.36 (KHTML, like Gecko) Chrome/86.0.4240.75 Safari/537.36
4	1	1	0	0	29624988	0	0	29624988	0	0	52061	Mozilla/5.0 (Windows NT 10.0; Win64; x64) AppleWebKit/537.36 (KHTML, like Gecko) Chrome/72.0.3626.81 Safari/537.36
4	1	1	0	0	29578336	0	0	29578336	0	0	62744	Mozilla/5.0 (X11; Ubuntu; Linux x86_64; rv:128.0) Gecko/20100101 Firefox/128.0
4	0	0	0	1	0	0	29558149	0	0	29558149	0	Mozilla/5.0 (Macintosh; Intel Mac OS X 10_15_7) AppleWebKit/605.1.15 (KHTML, like Gecko) Version/14.0.3 Safari/605.1.15
4	1	1	0	5	29625186	0	29625186	29625186	0	29625186	52061	Mozilla/5.0 (Windows NT 10.0; Win64; x64) AppleWebKit/537.36 (KHTML, like Gecko) Chrome/88.0.4324.182 Safari/537.36 Edg/88.0.705.74
4	2	2	0	4	29594853	0	29628919	29594853	0	29594853	26958	Mozilla/5.0 (Macintosh; Intel Mac OS X 10_15_7) AppleWebKit/605.1.15 (KHTML, like Gecko) Version/26.1 Safari/605.1.15
4	0	0	0	1	0	0	29567683	0	0	29567683	0	Mozilla/5.0 (Windows NT 6.1; ) AppleWebKit/537.36 (KHTML, like Gecko) Chrome/122.0.6261.156 Not(A:Brand/24 YaBrowser/24.4.1.901 Yowser/2.5  Safari/537.36
4	0	0	0	1	0	0	29627422	0	0	29627422	0	Mozilla/5.0 (Windows NT 10.0; WOW64) AppleWebKit/537.36 (KHTML, like Gecko) Chrome/73.0.3683.103 Whale/1.5.75.9 Safari/537.36
4	1	1	0	0	29589711	0	0	29589711	0	0	62744	Mozilla/5.0 (Macintosh; U; PPC Mac OS X; en) AppleWebKit/418.8 (KHTML, like Gecko) Safari/419.3
4	0	0	0	1	0	0	29571881	0	0	29571881	0	Mozilla/5.0 (X11; Ubuntu; Linux x86_64; arm64) AppleWebKit/537.36 (KHTML, like Gecko) Firefox/70.0.0.0 Safari/537.36
4	8	8	0	0	29629477	0	0	29572417	0	0	98274	Mozilla/5.0 (Macintosh; Intel Mac OS X 10_15_7) AppleWebKit/605.1.15 (KHTML, like Gecko) Version/17.2 Safari/605.1.15
4	0	0	0	1	0	0	29624726	0	0	29624726	0	Mozilla/5.0 (Macintosh; Intel Mac OS X 10_15_7; arm64) AppleWebKit/537.36 (KHTML, like Gecko) Chrome/80.0.0.0 Safari/537.36
4	0	0	0	1	0	0	29577511	0	0	29577511	0	Mozilla/5.0 (SS; Linux x86_64) AppleWebKit/537.36 (KHTML, like Gecko) Chrome/129.0.0.0 Safari/537.36
4	1	1	0	5	29568717	0	29568718	29568717	0	29568717	62744	Mozilla/5.0 (Windows NT 10.0; Win64; x64) AppleWebKit/537.36 (KHTML, like Gecko) Chrome/93.0.4577.82 Safari/537.36
4	0	0	0	1	0	0	29566260	0	0	29566260	0	Mozilla/5.0 (X11; Linux x86_64) AppleWebKit/537.36 (KHTML, like Gecko) HeadlessChrome/101.0.4951.41 Safari/537.36
4	1	1	0	0	29599253	0	0	29599253	0	0	62744	Mozilla/5.0 (Macintosh; Intel Mac OS X 9_0_1) AppleWebKit/544.45 (KHTML, like Gecko) Chrome/79.0.1588 Safari/537.36
4	0	0	0	6	0	0	29591541	0	0	29545787	0	Mozilla/4.0 (compatible; MSIE 8.0; Windows NT 5.1; Trident/4.0; .NET CLR 1.1.4322; .NET CLR 2.0.50727; .NET CLR 3.0.4506.2152; .NET CLR 3.5.30729)
4	7	7	0	0	29623475	0	0	29611921	0	0	396476	Mozilla/5.0 (Windows NT 10.0) AppleWebKit/537.36 Chrome/120.0.0.0 Safari/537.36
4	0	0	0	3	0	0	29568180	0	0	29558157	0	Mozilla/5.0 (compatible; MSIE 9.0; Windows NT 6.1; Trident/5.0; ; NCLIENT50_AAPCDA5841E333)
4	1	1	0	0	29632985	0	0	29632985	0	0	52061	Mozilla/5.0 (Linux; Android 7.0; LGUS997 Build/NRD90U) AppleWebKit/537.36 (KHTML, like Gecko) Chrome/59.0.3071.125 Mobile Safari/537.36
4	4	3	0	2	29624350	0	29624350	29546163	0	29546163	170942	Mozilla/5.0 (iPhone; CPU iPhone OS 18_7 like Mac OS X) AppleWebKit/605.1.15 (KHTML, like Gecko) Version/26.2 Mobile/15E148 Safari/604.1
4	0	0	0	2	0	0	29623458	0	0	29591437	0	FeedBot/1.0
4	2	2	0	1	29626547	0	29568623	29568623	0	29568623	73037	Mozilla/5.0 (Macintosh; Intel Mac OS X 10_15_7) AppleWebKit/537.36 (KHTML, like Gecko) Chrome/124.0.0.0 Safari/537.36
4	12	11	0	9	29627455	0	29627455	29568591	0	29568591	278774	Mozilla/5.0 (Windows NT 10.0; Win64; x64) AppleWebKit/537.36 (KHTML, like Gecko) Chrome/146.0.0.0 Safari/537.36 Edg/146.0.0.0
4	0	0	0	1	0	0	29594775	0	0	29594775	0	Mozilla/5.0 (Windows NT 10.0; x64) AppleWebKit/537.36 (KHTML, like Gecko) Opera/77.0.0.0 Safari/537.36
4	1	1	0	1	29562541	0	29603461	29562541	0	29603461	13479	Mozilla/5.0 (Windows NT 10.0; Win64; x64) AppleWebKit/537.36 (KHTML, like Gecko) Chrome/119.0.0.0 Safari/537.36
4	10	10	0	102	29626595	0	29620839	29566063	0	29552771	606074	Mozilla/5.0 (Windows NT 10.0; Win64; x64) AppleWebKit/537.36
4	18	18	0	7	29631474	0	29629190	29547503	0	29552847	507288	Mozilla/5.0 (Windows NT 10.0; Win64; x64) AppleWebKit/537.36 (KHTML, like Gecko) Chrome/120.0.0.0 Safari/537.36
4	1	1	0	0	29545424	0	0	29545424	0	0	62744	Mozilla/5.0 (compatible; bot/1.0)
4	0	0	0	59	0	0	29631789	0	0	29545782	0	Mozilla/5.0 (Windows NT 10.0; Win64; x64) AppleWebKit/537.36 (KHTML, like Gecko) Chrome/90.0.4430.85 Safari/537.36 Edg/90.0.818.46
4	2	2	0	1	29568307	0	29568307	29568307	0	29568307	26958	Mozilla/5.0 (X11; Linux x86_64) AppleWebKit/537.36 (KHTML, like Gecko) Chrome/146.0.0.0 Safari/537.36
4	0	0	0	1	0	0	29547387	0	0	29547387	0	Mozilla/5.0 (Macintosh; Intel Mac OS X 10_15_7) AppleWebKit/537.36 (KHTML, like Gecko) Chrome/139.0.0.0 Safari/537.36 Edg/139.0.0.0
4	0	0	0	1	0	0	29556876	0	0	29556876	0	Mozilla/5.0 (Macintosh; Intel Mac OS X 10_15_7) AppleWebKit/605.1.15 (KHTML, like Gecko) Version/15.1 Safari/605.1.15
4	13	13	0	0	29633009	0	0	29595928	0	0	730208	curl/7.74.0
4	1	1	0	0	29603427	0	0	29603427	0	0	62744	python-requests/2.33.1
4	0	0	0	4	0	0	29613440	0	0	29562991	0	Mozilla/5.0 (compatible; Website-info.net-Robot; https://website-info.net/robot)
4	3	3	0	0	29599321	0	0	29562329	0	0	188232	Mozilla/5.0 (Windows NT 6.1) AppleWebKit/537.36 (KHTML, like Gecko) Chrome/41.0.2228.0 Safari/537.36
4	0	0	0	1	0	0	29624333	0	0	29624333	0	Mozilla/5.0 (X11; Linux x86_64; rv:1.9.5.20) Gecko/ Firefox/3.6.12
4	0	0	0	1	0	0	29545659	0	0	29545659	0	Mozilla/5.0 (Windows NT 6.2; arm64) AppleWebKit/537.36 (KHTML, like Gecko) Safari/10.0.0.0 Safari/537.36
4	0	0	0	1	0	0	29617346	0	0	29617346	0	Mozilla/5.0 (Macintosh; Intel Mac OS X 10_15_6) AppleWebKit/605.1.15 (KHTML, like Gecko) Version/15.6.7 Safari/605.1.15
4	0	0	0	1	0	0	29603164	0	0	29603164	0	Mozilla/4.0 (compatible; Dillo 3.0)
4	6	6	0	8	29565595	0	29565595	29565595	0	29565594	80874	python-urllib3/2.6.3
4	1	1	0	5	29612017	0	29612017	29612017	0	29612017	62744	Mozilla/5.0 (Macintosh; Intel Mac OS X 10_15_3) AppleWebKit/605.1.15 (KHTML, like Gecko) Version/13.0.5 Safari/605.1.15
4	2	2	0	0	29560339	0	0	29560330	0	0	125488	Mozilla/5.0 (Macintosh; Intel Mac OS X 10_15_7) AppleWebKit/537.36 (KHTML, like Gecko) Chrome/123.0.0.0 Safari/537.36
4	22	22	0	0	29552743	0	0	29545715	0	0	1380368	{USER_AGENT}
4	0	0	0	2	0	0	29627050	0	0	29626720	0	Mozilla/5.0 (Macintosh; Intel Mac OS X 10_15_7) AppleWebKit/605.1.15 (KHTML, like Gecko) Version/17.1 Safari/605.6.25
4	0	0	0	1	0	0	29564828	0	0	29564828	0	Mozilla/5.0 (Windows NT 6.3; x64) AppleWebKit/537.36 (KHTML, like Gecko) Chrome/85.0.0.0 Safari/537.36
4	0	0	0	1	0	0	29615180	0	0	29615180	0	Mozilla/5.0 (Macintosh; Intel Mac OS X 10_15_6) AppleWebKit/605.1.15 (KHTML, like Gecko) Version/15.6.1 Mobile/15E148 Safari/604.1
4	1	1	0	5	29630320	0	29630320	29630320	0	29630320	52061	Mozilla/5.0 (Windows NT 6.1; Win64; x64) AppleWebKit/537.36 (KHTML, like Gecko) Chrome/89.0.4389.90 Safari/537.36
4	0	0	0	1	0	0	29617347	0	0	29617347	0	Mozilla/5.0 (Macintosh; Intel Mac OS X 10_15_6) AppleWebKit/605.1.15 (KHTML, like Gecko) Version/14.0.1 Safari/605.1.15
4	0	0	0	1	0	0	29565423	0	0	29565423	0	Opera/9.80 (J2ME/MIDP; Opera Mini/5.0.16823/1428; U; en) Presto/2.2.0
4	0	0	0	3	0	0	29554552	0	0	29554552	0	NetworkingExtension/8624.1.14.10.4 Network/5812.100.386.0.3 iOS/26.4
4	1	1	0	0	29586340	0	0	29586340	0	0	62744	Mozilla/5.0 (Macintosh; Intel Mac OS X 10_9_2)
4	1	1	0	0	29592499	0	0	29592499	0	0	13479	Mozilla/5.0 (Linux; Android 6.0.1; Nexus 5X Build/MMB29P) AppleWebKit/537.36 (KHTML, like Gecko) Chrome/146.0.7680.177 Mobile Safari/537.36 (compatible; AdsBot-Google-Mobile; +http://www.google.com/mobile/adsbot.html)
4	2	2	0	2	29568467	0	29568467	29546234	0	29546234	26958	Mozilla/5.0 (X11; Linux x86_64) AppleWebKit/537.36 (KHTML, like Gecko) Chrome/145.0.0.0 Safari/537.36
4	0	0	0	1	0	0	29584779	0	0	29584779	0	Mozilla/5.0 (Linux; Android 8.0.0; SM-G955F) AppleWebKit/537.36 (KHTML, like Gecko) Chrome/76.0.3809.111 Mobile Safari/537.36
4	0	0	0	1	0	0	29570371	0	0	29570371	0	Mozilla/5.0 (Windows NT 6.3; arm64) AppleWebKit/537.36 (KHTML, like Gecko) Opera/62.0.0.0 Safari/537.36
4	0	0	0	2	0	0	29581444	0	0	29581438	0	Dalvik/2.1.0 (Linux; U; Android 9.0; ZTE BA520 Build/MRA58K)
4	0	0	0	2	0	0	29626058	0	0	29565595	0	SSLVPN-Client/3.0
4	1	1	0	557	29563143	0	29563143	29563143	0	29563142	62744	Mozilla/5.0 (Windows NT 10.0; Win64; x64) Chrome/91.0.4472.124
4	0	0	0	1	0	0	29554120	0	0	29554120	0	Mozilla/5.0 (Linux; Android 10; x86) AppleWebKit/537.36 (KHTML, like Gecko) Chrome/84.0.0.0 Safari/537.36
4	2	2	0	1	29615211	0	29547373	29615202	0	29547373	125488	Mozilla/5.0 (Macintosh; Intel Mac OS X 10_15_7) AppleWebKit/605.1.15 (KHTML, like Gecko) Version/16.3 Safari/605.1.15
4	1	1	0	0	29572705	0	0	29572705	0	0	62744	Mozilla/5.0 (Windows NT 6.2;en-US) AppleWebKit/537.32.36 (KHTML, live Gecko) Chrome/53.0.3073.103 Safari/537.32
4	0	0	0	1	0	0	29621000	0	0	29621000	0	Mozilla/5.0 (Windows NT 10.0; Win64; x64; rv:109.0) Gecko/20100101 Firefox/119.0
4	1	1	0	1	29578913	0	29578913	29578913	0	29578913	13479	Mozilla/5.0 (iPhone; CPU iPhone OS 18_6_2 like Mac OS X) AppleWebKit/605.1.15 (KHTML, like Gecko) CriOS/146.0.7680.151 Mobile/15E148 Safari/604.1
4	0	0	0	1	0	0	29589323	0	0	29589323	0	Mozilla/5.0 (Windows NT 6.2; x64) AppleWebKit/537.36 (KHTML, like Gecko) Safari/10.0.0.0 Safari/537.36
4	5	5	0	1	29632906	0	29592917	29592917	0	29592917	113474	Mozilla/5.0 (Macintosh; Intel Mac OS X 10_15_7) AppleWebKit/537.36 (KHTML, like Gecko) Chrome/122.0.0.0 Safari/537.36
4	0	0	0	1	0	0	29555205	0	0	29555205	0	Mozilla/5.0 (Windows NT 10.0; arm64) AppleWebKit/537.36 (KHTML, like Gecko) Firefox/96.0.0.0 Safari/537.36
4	1	1	0	0	29545486	0	0	29545486	0	0	13479	Mozilla/5.0 (Windows NT 10.0; Win64; x64) AppleWebKit/537.36 (KHTML, like Gecko) Chrome/117.0.0.0 Safari/537.36
4	1	1	0	0	29547579	0	0	29547579	0	0	62744	Mozilla/5.0 (X11; Ubuntu; Linux x86_64; rv:42.0) Gecko/20100101 Firefox/42.0
4	1	1	0	3	29583631	0	29583632	29583631	0	29583631	62744	Mozilla/5.0 (Windows; U; Windows NT 5.1; en-US; rv:1.7.12) Gecko/20050915 Firefox/1.0.7 (ax)
4	0	0	0	1	0	0	29568040	0	0	29568040	0	Mozilla/5.0 (Linux; Android 10; arm64) AppleWebKit/537.36 (KHTML, like Gecko) Firefox/98.0.0.0 Safari/537.36
4	0	0	0	1	0	0	29572930	0	0	29572930	0	Mozilla/5.0 (Linux; Android 10; x64) AppleWebKit/537.36 (KHTML, like Gecko) Safari/15.0.0.0 Safari/537.36
4	1	1	0	0	29627147	0	0	29627147	0	0	52061	Mozilla/5.0 (Linux; Android 12; RMX3081) AppleWebKit/537.36 (KHTML, like Gecko) Chrome/101.0.4951.41 Mobile Safari/537.36
4	0	0	0	4	0	0	29628920	0	0	29628920	0	Mozilla/5.0 (X11; Linux x86_64) AppleWebKit/537.36 (KHTML, like Gecko) Chrome/144.0.0.0 Safari/537.36
4	1	1	0	0	29570600	0	0	29570600	0	0	62744	Mozilla/5.0 (Windows NT 8_2; Win64; x64) AppleWebKit/573.46 (KHTML, like Gecko) Chrome/86.0.1211 Safari/537.36
4	1	1	0	0	29626055	0	0	29626055	0	0	52061	Mozilla/5.0 (Windows NT 10.0; Win64; x64) AppleWebKit/537.36 (KHTML, like Gecko) Chrome/121.0.0.0 Safari/537.3
4	6	6	0	4	29628916	0	29628919	29628916	0	29628916	333880	Mozilla/5.0 AppleWebKit/537.36 (KHTML, like Gecko); compatible; ShapBot/0.1.0
4	0	0	0	12	0	0	29562556	0	0	29548172	0	Mozilla/5.0 (Macintosh; Intel Mac OS X 10.9; rv:32.0) Gecko/20100101 Firefox/32.0
4	13	13	0	0	29630735	0	0	29547437	0	0	772940	Mozilla/5.0 (X11; Linux x86_64) AppleWebKit/537.36 (KHTML, like Gecko) Chrome/98.0.4758.102 Safari/537.36
4	0	0	0	1	0	0	29557082	0	0	29557082	0	Mozilla/5.0 (X11; Ubuntu; Linux x86_64; x86) AppleWebKit/537.36 (KHTML, like Gecko) Safari/12.0.0.0 Safari/537.36
4	1	1	0	0	29546533	0	0	29546533	0	0	62744	Mozilla/5.0 (Windows NT 10.0; Win64; x64) AppleWebKit/537.36 (KHTML, like Gecko) Chrome/140.0.0.0 Safari/537.36 Edg/140.0.0.0; 360Spider
4	2	2	0	0	29625830	0	0	29610875	0	0	114805	Mozilla/5.0 (Macintosh; Intel Mac OS X 10.13; rv:61.0) Gecko/20100101 Firefox/72.0
4	8	8	0	0	29627809	0	0	29560177	0	0	480586	User-Agent:Mozilla/5.0 (Windows NT 6.1; WOW64) AppleWebKit/537.36 (KHTML, like Gecko) Chrome/50.0.2661.102 Safari/537.36
4	0	0	0	1	0	0	29615216	0	0	29615216	0	Mozilla/5.0 (X11; Linux x86_64; rv:109.0) Gecko/20100101 Firefox/119.0
4	24	24	0	4	29629311	0	29628919	29548141	0	29573128	1389697	python-requests/2.32.5
4	1	1	0	0	29578753	0	0	29578753	0	0	62744	python-requests/2.32.4
4	1	1	0	0	29563205	0	0	29563205	0	0	13479	python-requests/2.32.3
4	1	1	0	0	29629054	0	0	29629054	0	0	52061	Mozilla/5.0 (Macintosh; Intel Mac OS X 14_6_1) AppleWebKit/605.1.15 (KHTML, like Gecko) Version/17.5 Safari/605.1.15
4	0	0	0	1	0	0	29578253	0	0	29578253	0	Mozilla/5.0 (X11; Ubuntu; Linux x86_64; x86) AppleWebKit/537.36 (KHTML, like Gecko) Opera/66.0.0.0 Safari/537.36
4	0	0	0	1	0	0	29556099	0	0	29556099	0	Mozilla/5.0 (Windows NT 10.0; Win64; x64) AppleWebKit/537.36 (KHTML, like Gecko) Chrome/122.0.6231.0 Safari/537.36
4	0	0	0	1	0	0	29568355	0	0	29568355	0	Mozilla/5.0 (Windows NT 6.2; x64) AppleWebKit/537.36 (KHTML, like Gecko) Firefox/80.0.0.0 Safari/537.36
4	2	2	0	0	29624656	0	0	29624656	0	0	0	Ruby
4	1	1	0	0	29545418	0	0	29545418	0	0	13479	Mozilla/5.0 (Windows NT 10.0; Win64; x64) AppleWebKit/537.36 (KHTML, like Gecko) Chrome/116.0.0.0 Safari/537.36
4	0	0	0	1	0	0	29617213	0	0	29617213	0	Mozilla/5.0 (OS/2; Warp 4.5; rv:10.0.12) Gecko/20100101 Firefox/10.0.12
4	0	0	0	1	0	0	29615234	0	0	29615234	0	Mozilla/5.0 (Macintosh; Intel Mac OS X 10.15; rv:141.0) Gecko/20100101 Firefox/141.0
4	9	9	0	38	29626658	0	29626657	29545840	0	29545840	213469	Mozilla/5.0 (compatible; Googlebot/2.1; +http://www.google.com/bot.html)
4	0	0	0	1	0	0	29565423	0	0	29565423	0	facebookexternalhit/1.1
4	0	0	0	8	0	0	29630909	0	0	29550169	0	NTRIP GNSSInternetRadio
4	1	1	0	0	29579129	0	0	29579129	0	0	62744	Mozilla/5.0 (compatible; WPChecker/1.0)
4	1	1	0	0	29589707	0	0	29589707	0	0	62744	Mozilla/5.0 (OS/2; Warp 4.5; rv:45.0) Gecko/20100101 Firefox/45.0 SeaMonkey/2.42.9esr
4	6	6	0	8	29626058	0	29626058	29626058	0	29626055	61758	python-urllib3/2.5.0
4	3	3	0	0	29581941	0	0	29549887	0	0	188232	Mozilla/5.0 (X11; Linux x86_64; rv:102.0) Gecko/20100101 Firefox/102.0
4	12	12	0	7	29627273	0	29627272	29627271	0	29615114	156183	Mozilla/5.0 (compatible; Nmap Scripting Engine; https://nmap.org/book/nse.html)
4	25	25	0	54	29627509	0	29630735	29577403	0	29577403	1461770	Mozilla/5.0 AppleWebKit/537.36 (KHTML, like Gecko) Chrome/123.0.6312.86 Safari/537.36
4	1	1	0	0	29611721	0	0	29611721	0	0	62744	Mozilla/5.0 (Macintosh; Intel Mac OS X 10.15; rv:144.0) Gecko/20100101 Firefox/144.0
4	20	20	0	7	29589801	0	29585769	29546618	0	29553715	1254880	Mozilla/5.0 AppleWebKit/537.36 (KHTML, like Gecko) Chrome/123.0.6312.86 Safari/537.36 BitSightBot/1.0
4	1	1	0	0	29625960	0	0	29625960	0	0	52061	Mozilla/5.0 (Macintosh; Intel Mac OS X 10_15_7) AppleWebKit/605.1.15 (KHTML, like Gecko) Version/17.0.1 Safari/605.1.15
4	24	24	0	0	29629543	0	0	29546710	0	0	1484490	Mozilla/5.0 (compatible; ModatScanner/1.2; +https://modat.io/)
4	1	1	0	0	29631861	0	0	29631861	0	0	52061	Mozilla/5.0 (Macintosh; Intel Mac OS X 10_15_6) AppleWebKit/605.1.15 (KHTML, like Gecko) Version/15.3 Safari/605.1.15
4	1	1	0	0	29558787	0	0	29558787	0	0	13479	Mozilla/5.0 (Macintosh; Intel Mac OS X 10_15_7) AppleWebKit/537.36 (KHTML, like Gecko) Chrome/119.0.0.0 Safari/537.36
4	17	17	0	3	29624662	0	29623721	29553877	0	29563368	507678	Mozilla/5.0 (Macintosh; Intel Mac OS X 10_15_7) AppleWebKit/537.36 (KHTML, like Gecko) Chrome/120.0.0.0 Safari/537.36
4	2	2	0	0	29575395	0	0	29575390	0	0	125488	Mozilla/5.0 (compatible)
4	1	1	0	2	29626837	0	29626837	29626837	0	29626837	52061	Mozilla/5.0 (compatible; EnvHarvester-WPScan/1.0)
4	0	0	0	1	0	0	29609386	0	0	29609386	0	Mozilla/5.0 (iPad; U; CPU OS 4_2_1 like Mac OS X; ja-jp) AppleWebKit/533.17.9 (KHTML, like Gecko) Version/5.0.2 Mobile/8C148 Safari/6533.18.5
4	2	2	0	2	29564652	0	29580517	29564643	0	29548823	125488	Mozilla/5.0 (X11; Linux x86_64; rv:108.0) Gecko/20100101 Firefox/108.0
4	1	1	0	5	29607278	0	29607278	29607278	0	29607278	62744	Mozilla/5.0 (Windows NT 10.0; Win64; x64; rv:88.0) Gecko/20100101 Firefox/88.0
4	0	0	0	6	0	0	29623685	0	0	29546075	0	Mozilla/5.0 (Macintosh; Intel Mac OS X 10_7_0) AppleWebKit/535.11 (KHTML, like Gecko) Chrome/17.0.963.56 Safari/535.11
4	0	0	0	1	0	0	29577620	0	0	29577620	0	Mozilla/5.0 (Windows NT 6.3; Win64; x64; rv:109.0) Gecko/20100101 Firefox/112.0
4	1	1	0	5	29620583	0	29620583	29620583	0	29620583	52061	Mozilla/5.0 (Windows NT 10.0; Win64; x64) AppleWebKit/537.36 (KHTML, like Gecko) Chrome/89.0.4389.128 Safari/537.36
4	1	1	0	0	29590490	0	0	29590490	0	0	62744	Mozilla/5.0 (X11; Linux x86_64) AppleWebKit/537.36 (KHTML, like Gecko) Chrome/56.0.2924.87 Safari/537.36
4	0	0	0	1	0	0	29624333	0	0	29624333	0	Mozilla/5.0 (Windows NT 10.0; Win64; x64; rv:59.0) Gecko/20100101 Firefox/59.0
4	4	4	0	0	29631580	0	0	29571098	0	0	240293	Mozilla/5.0 (Windows NT 10.0; Win64; x64; rv:109.0) Gecko/20100101 Firefox/118.0
4	1	1	0	0	29613708	0	0	29613708	0	0	62744	RecordedFuture Global Inventory Crawler
4	11	11	0	49	29626057	0	29626057	29565593	0	29565593	647452	Mozilla/5.0 (Macintosh; Intel Mac OS X 10_15_7) AppleWebKit/537.36 (KHTML, like Gecko) Chrome/92.0.4515.159 Safari/537.36
4	36	36	0	35	29631601	0	29630658	29547054	0	29547054	2205369	Mozilla/5.0 (X11; Linux x86_64) AppleWebKit/537.36 (KHTML, like Gecko) Chrome/142.0.0.0 Safari/537.36
4	1	1	0	0	29568896	0	0	29568896	0	0	62744	Mozilla/5.0 (ZZ; Linux i686) AppleWebKit/537.36 (KHTML, like Gecko) Chrome/132.0.0.0 Safari/537.36
4	3	2	0	2	29623350	0	29623350	29557351	0	29557351	157463	Mozilla/5.0 (Windows NT 10.0; Win64; x64) AppleWebKit/537.36 (KHTML, like Gecko) Chrome/142.0.7444.163 Safari/537.36
4	0	0	0	3	0	0	29616524	0	0	29566255	0	Mozilla/5.0 (Linux; Android 10; K) AppleWebKit/537.36 (KHTML, like Gecko) Chrome/122.0.0.0 Mobile Safari/537.36
4	0	0	0	1	0	0	29549071	0	0	29549071	0	Mozilla/5.0 (Windows NT 6.3; x86) AppleWebKit/537.36 (KHTML, like Gecko) Firefox/75.0.0.0 Safari/537.36
4	132	132	0	19	29626595	0	29626596	29545792	0	29547006	8200894	Mozilla/5.0
4	0	0	0	1	0	0	29563241	0	0	29563241	0	Mozilla/5.0 (Linux; Android 10; x86) AppleWebKit/537.36 (KHTML, like Gecko) Chrome/81.0.0.0 Safari/537.36
4	0	0	0	1	0	0	29568351	0	0	29568351	0	Mozilla/5.0 (X11; Ubuntu; Linux x86_64; x86) AppleWebKit/537.36 (KHTML, like Gecko) Edge/89.0.0.0 Safari/537.36
4	3	3	0	6	29597434	0	29632528	29562890	0	29562890	188232	Mozilla/5.0 AppleWebKit/537.36 (KHTML, like Gecko; compatible; Claude-User/1.0; +Claude-User@anthropic.com)
4	0	0	0	46	0	0	29613584	0	0	29545596	0	https://calvarylegal.com/wp-admin/setup-config.php
4	1	1	0	0	29569600	0	0	29569600	0	0	62744	Mozilla/5.0 (Windows NT 6.3; Win64; x64) AppleWebKit/537.36 (KHTML, like Gecko) Chrome/108.0.0.0 Safari/537.36
4	0	0	0	1	0	0	29619227	0	0	29619227	0	Mozilla/5.0 (Windows NT 10.0; Win64; x64) AppleWebKit/537.36 (KHTML, like Gecko) Chrome/100.0.4896.75 Safari/537.36
4	8	8	0	0	29626769	0	0	29546027	0	0	491269	Mozilla/5.0 (Windows NT 6.1; WOW64; rv:8.0) Gecko/20100101 Firefox/8.0
4	1	1	0	0	29603696	0	0	29603696	0	0	62744	Mozilla/5.0 (Windows NT 10.0; Win64; x64) AppleWebKit/537.36 (KHTML, like Gecko) Chrome/114.0.0.0 Safari/537.36
4	0	0	0	1	0	0	29617346	0	0	29617346	0	Mozilla/5.0 (Windows NT 10.0; Win64; x64; WOW64; rv:41.0) Gecko/20100101 Firefox/140.0.1 (x64 de)
4	1	1	0	9	29548508	0	29548508	29548508	0	29548508	62744	Mozilla/5.0 (Linux; Android 6.0; Nexus 5 Build/MRA58N) AppleWebKit/537.36 (KHTML, like Gecko) Chrome/130.0.0.0 Mobile Safari/537.36
4	27	27	0	0	29631859	0	0	29549830	0	0	1629990	Mozilla/5.0 (Windows NT 10.0; Win64; x64; rv:132.0) Gecko/20100101 Firefox/132.0
4	1	1	0	0	29560183	0	0	29560183	0	0	62744	Mozilla/5.0 (Linux; Android 6.0; Nexus 5 Build/MRA58N) AppleWebKit/537.36 (KHTML, like Gecko) Chrome/55.0.2883.87 Mobile Safari/537.36
4	0	0	0	1	0	0	29590739	0	0	29590739	0	Mozilla/5.0 (Windows NT 10.0; x64) AppleWebKit/537.36 (KHTML, like Gecko) Safari/11.0.0.0 Safari/537.36
4	17	17	0	16	29630909	0	29630909	29546007	0	29546007	1045282	Mozilla/5.0 (Windows NT 6.1) AppleWebKit/537.36 (KHTML, like Gecko) Chrome/49.0.2623.112 Safari/537.36
4	0	0	0	21	0	0	29630736	0	0	29629156	0	python-requests/2.31.0
4	6	6	0	0	29629707	0	0	29570600	0	0	365781	curl/7.29.0
4	1	1	0	0	29578242	0	0	29578242	0	0	62744	Mozilla/5.0 (iPad; CPU OS 6_0 like Mac OS X) AppleWebKit/536.26 (KHTML, like Gecko) Version/6.0 Mobile/10A5355d Safari/8536.25
4	1	1	0	5	29617371	0	29617372	29617371	0	29617371	62744	Mozilla/5.0 (Windows NT 6.1; Win64; x64) AppleWebKit/537.36 (KHTML, like Gecko) Chrome/91.0.4472.77 Safari/537.36
4	1	1	0	0	29618979	0	0	29618979	0	0	52061	Mozilla/5.0 (X11; Ubuntu; Linux x86_64; rv:72.0) Gecko/20100101 Firefox/72.0
4	2	2	0	0	29600806	0	0	29600797	0	0	125488	Mozilla/5.0 (X11; Linux x86_64; rv:125.0) Gecko/20100101 Firefox/125.0
4	0	0	0	1	0	0	29554262	0	0	29554262	0	Mozilla/5.0 (Windows NT 6.2; Win64; x64; rv:109.0) Gecko/20100101 Firefox/115.0
4	0	0	0	1	0	0	29583064	0	0	29583064	0	Mozilla/5.0 (iPhone; CPU iPhone OS 9_2 like Mac OS X) AppleWebKit/601.1.46 (KHTML, like Gecko) Version/9.0 Mobile/13C75 Safari/601.1
4	1	1	0	0	29558440	0	0	29558440	0	0	62744	Mozilla/5.0 (Windows NT 10.0; Win64; x64) AppleWebKit/537.36 (KHTML, like Gecko) Chrome/99.0.3809.100 Safari/537.36
4	0	0	0	1	0	0	29557082	0	0	29557082	0	Mozilla/5.0 (X11; Ubuntu; Linux x86_64; x86) AppleWebKit/537.36 (KHTML, like Gecko) Edge/88.0.0.0 Safari/537.36
4	1	1	0	1	29545431	0	29626719	29545431	0	29626719	13479	Mozilla/5.0 (Macintosh; Intel Mac OS X 10_15_7) AppleWebKit/537.36 (KHTML, like Gecko) Chrome/117.0.0.0 Safari/537.36
4	0	0	0	1	0	0	29558546	0	0	29558546	0	Mozilla/5.0 (Windows NT 6.2; x86) AppleWebKit/537.36 (KHTML, like Gecko) Safari/15.0.0.0 Safari/537.36
4	12	12	0	2	29623431	0	29600810	29596200	0	29567699	731562	Mozilla/5.0 (Windows NT 10.0; Win64; x64) AppleWebKit/537.36 (KHTML, like Gecko) Chrome/113.0.0.0 Safari/537.36
4	2	2	0	1	29580499	0	29609988	29580491	0	29609988	125488	Mozilla/5.0 (Windows NT 10.0; Win64; x64; rv:142.0) Gecko/20100101 Firefox/142.0
4	42	30	0	32	29630439	0	29628922	29609868	0	29609868	1845894	Mozilla/5.0 (Windows NT 10.0; Win64; x64) AppleWebKit/537.36 (KHTML, like Gecko) Chrome/147.0.0.0 Safari/537.36
4	0	0	0	1	0	0	29590497	0	0	29590497	0	Mozilla/5.0 (Windows NT 6.2; arm64) AppleWebKit/537.36 (KHTML, like Gecko) Chrome/96.0.0.0 Safari/537.36
4	0	0	0	1	0	0	29563385	0	0	29563385	0	Mozilla/5.0 (Linux; Android 8.1.0; SM-J530F) AppleWebKit/537.36 (KHTML, like Gecko) Chrome/76.0.3809.111 Mobile Safari/537.36
4	0	0	0	1	0	0	29581620	0	0	29581620	0	Mozilla/5.0 (Windows NT 6.1; WOW64) AppleWebKit/534.57.2 (KHTML, like Gecko) Version/5.1.7 Safari/534.57.2
4	0	0	0	1	0	0	29600503	0	0	29600503	0	Mozilla/5.0 (Windows NT 6.3; x86) AppleWebKit/537.36 (KHTML, like Gecko) Chrome/105.0.0.0 Safari/537.36
4	2	2	0	0	29548820	0	0	29548811	0	0	125488	Mozilla/5.0 (X11; Linux x86_64) AppleWebKit/537.36 (KHTML, like Gecko) Chrome/140.0.0.0 Safari/537.36
4	1	1	0	0	29562749	0	0	29562749	0	0	62744	Mozilla/5.0 (Macintosh; Intel Mac OS X 10_14_4) AppleWebKit/537.36 (KHTML, like Gecko) Chrome/71.0.3578.98 Safari/537.36
4	2	1	0	1	29630179	0	29630179	29630179	0	29630179	143984	Mozilla/5.0 (Linux; Android 10; K) AppleWebKit/537.36 (KHTML, like Gecko) Chrome/147.0.0.0 Mobile Safari/537.36
4	0	0	0	1	0	0	29617212	0	0	29617212	0	ELinks/0.12~pre5-4
4	0	0	0	1	0	0	29566018	0	0	29566018	0	Mozilla/5.0 (X11; Linux x86_64; rv:135.0) Gecko/20100101 Firefox/135.0
4	0	0	0	1	0	0	29581445	0	0	29581445	0	Mozilla/4.049897920 Mozilla/4.0 (compatible; MSIE 6.0; Windows NT 5.1; SV1; .NET CLR 2.0.50727; .NET CLR 3.0.04506.648; .NET CLR 3.5.21022; .NET CLR 3.0.4506.2152; .NET CLR 3.5.30729)
4	0	0	0	1	0	0	29585646	0	0	29585646	0	Mozilla/5.0 (Linux; Android 8.0.0; MI 6) AppleWebKit/537.36 (KHTML, like Gecko) Chrome/75.0.3770.101 Mobile Safari/537.36
4	2	2	0	3	29574544	0	29574546	29574544	0	29574544	26958	Mozilla/5.0 (Windows NT 10.0; Win64; x64; rv:148.0) Gecko/20100101 Firefox/148.0
4	1	1	0	0	29574578	0	0	29574578	0	0	62744	what-vpn/0.7
4	1	1	0	0	29629709	0	0	29629709	0	0	52061	Mozilla/5.0 (Windows NT 9_1_1; Win64; x64) AppleWebKit/571.43 (KHTML, like Gecko) Chrome/67.0.1240 Safari/537.36
4	0	0	0	3	0	0	29626058	0	0	29565595	0	ncsrv
4	1	1	0	0	29545418	0	0	29545418	0	0	13479	Mozilla/5.0 (Macintosh; Intel Mac OS X 10_15_7) AppleWebKit/537.36 (KHTML, like Gecko) Chrome/116.0.0.0 Safari/537.36
4	0	0	0	1	0	0	29578293	0	0	29578293	0	Mozilla/5.0 (X11; Ubuntu; Linux x86_64; x86) AppleWebKit/537.36 (KHTML, like Gecko) Opera/62.0.0.0 Safari/537.36
4	1	1	0	1	29575716	0	29575716	29575716	0	29575716	62744	Mozilla/5.0 (Windows NT 6.1; WOW64) AppleWebKit/537.36 (KHTML, like Gecko) Chrome/88.0.4324.182 YaBrowser/21.2.4.172 Yowser/2.5 Safari/537.36
4	0	0	0	1	0	0	29626599	0	0	29626599	0	Mozilla/5.0 (Windows NT 10.0; Win64; x64) AppleWebKit/537.36 (KHTML, like Gecko) Chrome/110.0.0.0 Safari/537.36 Edg/110.0.1587.57
4	0	0	0	1	0	0	29611742	0	0	29611742	0	AdsBot-Google (+http://www.google.com/adsbot.html)
4	0	0	0	1	0	0	29580175	0	0	29580175	0	Mozilla/5.0 (Windows NT 6.2; x86) AppleWebKit/537.36 (KHTML, like Gecko) Safari/14.0.0.0 Safari/537.36
4	1	1	0	0	29591371	0	0	29591371	0	0	62744	Mozilla/5.0 (Windows NT 6.2;en-US) AppleWebKit/537.32.36 (KHTML, live Gecko) Chrome/57.0.3010.63 Safari/537.32
4	14	14	0	13	29632047	0	29632047	29547413	0	29547413	835684	Mozilla/5.0 (X11; Linux x86_64; rv:142.0) Gecko/20100101 Firefox/142.0
4	0	0	0	1	0	0	29581945	0	0	29581945	0	Mozilla/5.0 (Macintosh; Intel Mac OS X 10_15_7) AppleWebKit/605.1.15 (KHTML, like Gecko) Version/17.0 Safari/605.1.15
4	32	31	0	41	29628919	0	29628919	29563107	0	29571555	633015	Mozilla/5.0 (Windows NT 10.0; Win64; x64) AppleWebKit/537.36 (KHTML, like Gecko) Chrome/146.0.0.0 Safari/537.36
4	4	4	0	0	29595077	0	0	29564190	0	0	53916	Mozilla/5.0 (Windows NT 10.0; Win64; x64) AppleWebKit/537.36 (KHTML, like Gecko) Chrome/121.0.0.0 Safari/537.36 Edg/121.0.0.0
4	2	2	0	4	29596040	0	29596040	29555837	0	29555837	125488	Mozilla/5.0 (compatible; wpbot/1.4; +https://forms.gle/ajBaxygz9jSR8p8G9)
4	1	1	0	1	29574019	0	29574019	29574019	0	29574019	62744	Mozilla/5.0 (Windows NT 10.0; Win64; x64) AppleWebKit/537.36 (KHTML, like Gecko) Chrome/88.0.4324.150 Safari/537.36 Edg/88.0.705.68
4	0	0	0	1	0	0	29609549	0	0	29609549	0	Mozilla/5.0 (Windows NT 10.0; WOW64) AppleWebKit/537.36 (KHTML, like Gecko) Chrome/62.0.3202.62 Safari/537.36
4	0	0	0	2	0	0	29564820	0	0	29564316	0	Mozilla/5.0 (Windows NT 10.0; arm64) AppleWebKit/537.36 (KHTML, like Gecko) Safari/13.0.0.0 Safari/537.36
4	2	2	0	3	29559697	0	29559698	29559696	0	29559696	125488	CheckMarkNetwork/1.0 (+http://www.checkmarknetwork.com/spider.html)
4	4	3	0	2	29627150	0	29600825	29594124	0	29594909	170942	Mozilla/5.0 (Windows NT 10.0; Win64; x64) AppleWebKit/537.36 (KHTML, like Gecko) Chrome/117.0.5938.132 Safari/537.36
4	0	0	0	1	0	0	29632058	0	0	29632058	0	Mozilla/5.0 (X11; Ubuntu; Linux x86_64; x64) AppleWebKit/537.36 (KHTML, like Gecko) Firefox/78.0.0.0 Safari/537.36
4	0	0	0	7	0	0	29626658	0	0	29556753	0	Googlebot-Image/1.0
4	4	4	0	0	29606494	0	0	29563135	0	0	250976	Scrapy/2.13.4 (+https://scrapy.org)
4	1	1	0	0	29563107	0	0	29563107	0	0	13479	Mozilla/5.0 (iPhone; CPU iPhone OS 18_6_2 like Mac OS X) AppleWebKit/605.1.15 (KHTML, like Gecko) Version/18.6 Mobile/15E148 Safari/604.1
4	1	1	0	1	29614984	0	29612900	29614984	0	29612900	62744	Mozilla/5.0 (Windows NT 10.0; Win64; x64; rv:89.0) Gecko/20100101 Firefox/89.0
4	0	0	0	1	0	0	29576332	0	0	29576332	0	Mozilla/5.0 (X11; CrOS x86_64 14541.0.0) AppleWebKit/537.36 (KHTML, like Gecko) Chrome/123.0.0.0 Safari/537.36
4	0	0	0	1	0	0	29632586	0	0	29632586	0	Mozilla/5.0 (X11; Linux i686; rv:1.9.7.20) Gecko/ Firefox/3.6.11
4	1	1	0	0	29617816	0	0	29617816	0	0	52061	Mozilla/5.0 (Linux; Android 12; SAMSUNG SM-A415F) AppleWebKit/537.36 (KHTML, like Gecko) SamsungBrowser/23.0 Chrome/115.0.0.0 Mobile Safari/537.3
4	0	0	0	1	0	0	29597612	0	0	29597612	0	Mozilla/5.0 (Linux; Android 10; x86) AppleWebKit/537.36 (KHTML, like Gecko) Opera/66.0.0.0 Safari/537.36
4	0	0	0	1	0	0	29619092	0	0	29619092	0	Mozilla/5.0 (Macintosh; Intel Mac OS X 10_11_6) AppleWebKit/537.36 (KHTML, like Gecko) Chrome/75.0.3770.142 Safari/537.36
4	26	26	0	44	29577109	0	29579045	29545417	0	29545417	381589	Mozilla/5.0 (Windows NT 10.0; Win64; x64) AppleWebKit/537.36 (KHTML, like Gecko) Chrome/145.0.0.0 Safari/537.36
4	0	0	0	1	0	0	29614982	0	0	29614982	0	Mozilla/5.0 (Linux; Android 10; x86) AppleWebKit/537.36 (KHTML, like Gecko) Firefox/79.0.0.0 Safari/537.36
4	1	1	0	0	29609940	0	0	29609940	0	0	62744	Mozilla/5.0 (X11; Linux x86_64) AppleWebKit/537.36 (KHTML, like Gecko) Chrome/103.0.0.0 Safari/537.36
4	1	1	0	0	29547985	0	0	29547985	0	0	13479	Mozilla/5.0 (Linux; Android 12; Pixel 6) AppleWebKit/537.36 (KHTML, like Gecko) Chrome/114.0.0.0 Mobile Safari/537.36
4	0	0	0	1	0	0	29586418	0	0	29586418	0	Mozilla/5.0 (X11; Linux x86_64) AppleWebKit/537.36 (KHTML, like Gecko) Chrome/137.0.0.0 Safari/537.36
4	8	7	0	6	29606119	0	29606073	29605871	0	29605894	440415	Mozilla/5.0 (Windows NT 10.0; Win64; x64) AppleWebKit/537.36 (KHTML, like Gecko) Chrome/78.0.3904.108 Safari/537.36
4	1	1	0	0	29628261	0	0	29628261	0	0	52061	Mozilla/5.0 (Macintosh; Intel Mac OS X 10_15_7) AppleWebKit/605.1.15 (KHTML, like Gecko) Version/18.2 Safari/605.1.15
4	18	18	0	0	29630738	0	0	29546722	0	0	1075977	Mozilla/5.0 (compatible; InternetMeasurement/1.0; +https://internet-measurement.com/)
4	0	0	0	1	0	0	29593499	0	0	29593499	0	Mozilla/5.0 (X11; Linux i686; rv:1.9.5.20) Gecko/ Firefox/3.6.16
4	0	0	0	1	0	0	29610813	0	0	29610813	0	Mozilla/5.0 (Windows NT 6.2) AppleWebKit/537.36 (KHTML, like Gecko) Chrome/64.0.3282.119 Safari/537.36
4	1	1	0	0	29581445	0	0	29581445	0	0	62744	Mozilla/5.0 (iPad; CPU OS 9_1 like Mac OS X) AppleWebKit/601.1.46 (KHTML, like Gecko) Version/9.0 Mobile/13B143 Safari/601.1
4	0	0	0	1	0	0	29564658	0	0	29564658	0	Mozilla/5.0 (Windows NT 10.0; rv:109.0) Gecko/20100101 Firefox/109.0
4	1	1	0	0	29583450	0	0	29583450	0	0	62744	Mozilla/5.0 (Linux; Android 7.1.1; OPPO A73 Build/N6F26Q; wv) AppleWebKit/537.36 (KHTML, like Gecko) Version/4.0 Chrome/57.0.2987.132 MQQBrowser/6.2 TBS/044203 Mobile Safari/537.36 V1_AND_SQ_7.7.0_884_YYB_D QQ/7.7.0.3645 NetType/WIFI WebP/0.3.0 Pixel/1080
4	3	3	0	1	29623720	0	29624333	29563368	0	29624333	177549	Mozilla/5.0 (Macintosh; Intel Mac OS X 10_15_7) AppleWebKit/537.36 (KHTML, like Gecko) Chrome/114.0.0.0 Safari/537.36
4	0	0	0	1	0	0	29615229	0	0	29615229	0	Mozilla/5.0 (Windows NT 10.0; Win64; x64) AppleWebKit/537.36 (KHTML, like Gecko) Chrome/110.0.0.0 Safari/537.36
4	2	2	0	0	29547370	0	0	29547362	0	0	125488	Mozilla/5.0 (Windows NT 10.0; Win64; x64) AppleWebKit/537.36 (KHTML, like Gecko) Chrome/109.0.0.0 Safari/537.36
4	5	5	0	50	29589350	0	29628218	29548137	0	29547408	313720	Mozilla/5.0 (Windows NT 10.0; Win64; x64) AppleWebKit/537.36 (KHTML, like Gecko) Chrome/144.0.0.0 Safari/537.36
4	0	0	0	6	0	0	29623431	0	0	29596200	0	Mozilla/5.0 (Windows NT 10.0; WOW64) AppleWebKit/537.36 (KHTML, like Gecko) Chrome/63.0.3239.84 Safari/537.36
4	3	3	0	1	29607350	0	29616530	29554318	0	29616530	188232	Mozilla/5.0 (Windows NT 10.0; Win64; x64; rv:109.0) Gecko/20100101 Firefox/116.0
4	0	0	0	1	0	0	29591798	0	0	29591798	0	Mozilla/5.0 (Macintosh; Intel Mac OS X 10_15_7; x86) AppleWebKit/537.36 (KHTML, like Gecko) Edge/97.0.0.0 Safari/537.36
4	1	1	0	1	29556841	0	29556841	29556841	0	29556841	13479	Mozilla/5.0 (X11; Linux x86_64) AppleWebKit/537.36 (KHTML, like Gecko) HeadlessChrome/145.0.0.0 Safari/537.36
4	2	2	0	5	29628916	0	29628919	29628916	0	29628916	104122	Mozilla/5.0 (X11; Linux x86_64) AppleWebKit/537.36 (KHTML, like Gecko) Chrome/136.0.0.0 Safari/537.36
4	0	0	0	1	0	0	29573339	0	0	29573339	0	Mozilla/5.0 (Windows NT 10.0; arm64) AppleWebKit/537.36 (KHTML, like Gecko) Safari/11.0.0.0 Safari/537.36
4	0	0	0	1	0	0	29560355	0	0	29560355	0	Mozilla/5.0 (Macintosh; Intel Mac OS X 10_15_7) AppleWebKit/605.1.15 (KHTML, like Gecko) Version/17.4.1 Safari/605.1.15
4	0	0	0	56	0	0	29632172	0	0	29555442	0	Mozilla/5.0 (Macintosh; Intel Mac OS X 10_15_7) AppleWebKit/537.36 (KHTML, like Gecko) Chrome/131.0.0.0 Safari/537.36; compatible; OAI-SearchBot/1.0; +https://openai.com/searchbot
4	2	2	0	2	29553132	0	29626578	29553123	0	29594926	125488	Mozilla/5.0 (Macintosh; Intel Mac OS X 10_15_7) AppleWebKit/605.1.15 (KHTML, like Gecko) Version/16.1 Safari/605.1.15
4	0	0	0	1	0	0	29613274	0	0	29613274	0	Mozilla/5.0 (X11; U; Linux i686; en-us) AppleWebKit/528.5  (KHTML, like Gecko, Safari/528.5 ) lt-GtkLauncher
4	0	0	0	1	0	0	29598949	0	0	29598949	0	Mozilla/5.0 (Windows NT 10.0; x86) AppleWebKit/537.36 (KHTML, like Gecko) Chrome/101.0.0.0 Safari/537.36
4	0	0	0	1	0	0	29627006	0	0	29627006	0	Mozilla/5.0 (Macintosh; Intel Mac OS X 10_15_7; x64) AppleWebKit/537.36 (KHTML, like Gecko) Safari/14.0.0.0 Safari/537.36
4	0	0	0	1	0	0	29610335	0	0	29610335	0	Mozilla/5.0 (Windows NT 10.0; x64) AppleWebKit/537.36 (KHTML, like Gecko) Edge/85.0.0.0 Safari/537.36
4	0	0	0	1	0	0	29583335	0	0	29583335	0	xfa1
4	0	0	0	1	0	0	29621000	0	0	29621000	0	Mozilla/5.0 (Macintosh; Intel Mac OS X 10_11_5) AppleWebKit/601.6.17 (KHTML, like Gecko) Version/9.1.1 Safari/601.6.17
4	5	5	0	8	29563107	0	29562890	29545495	0	29545495	67395	Mozilla/5.0 (Windows NT 10.0; Win64; x64) AppleWebKit/537.36 (KHTML, like Gecko) Chrome/145.0.0.0 Safari/537.36 Edg/145.0.0.0
4	0	0	0	1	0	0	29556806	0	0	29556806	0	Mozilla/5.0 (X11; Linux x86_64) AppleWebKit/537.36 (KHTML, like Gecko) Chrome/64.0.3282.119 Safari/537.36
4	21	21	0	16	29629002	0	29624513	29545448	0	29548397	1285575	Mozilla/5.0 (X11; Ubuntu; Linux x86_64; rv:134.0) Gecko/20100101 Firefox/134.0
4	2	2	0	0	29583632	0	0	29583632	0	0	125488	Mozilla/5.0 (Windows; U; Windows NT 5.1; en-US; rv:1.8.1) Gecko/20061010 Firefox/2.0
4	1	1	0	1	29554641	0	29554641	29554641	0	29554641	13479	Mozilla/5.0 (iPhone; CPU iPhone OS 26_3_1 like Mac OS X) AppleWebKit/605.1.15 (KHTML, like Gecko) CriOS/145.0.7632.108 Mobile/15E148 Safari/604.1
4	0	0	0	1	0	0	29612948	0	0	29612948	0	Mozilla/5.0 (Windows NT 6.2; x86) AppleWebKit/537.36 (KHTML, like Gecko) Edge/90.0.0.0 Safari/537.36
4	2	2	0	0	29572062	0	0	29572062	0	0	125488	Mozilla/5.0 (Windows NT 10.0; Win64; x64) AppleWebKit/537.36 (KHTML, like Gecko) Chrome/131.0.6778.86 Safari/537.36
4	16	16	0	0	29627799	0	0	29547390	0	0	971855	Mozilla/5.0 (X11; Linux x86_64) AppleWebKit/537.36 (KHTML, like Gecko) Chrome/55.0.2883.87 Safari/537.36
4	2	2	0	2	29545418	0	29545418	29545418	0	29545418	125488	Mozilla/5.0 (Windows NT 6.1; WOW64) SkypeUriPreview Preview/0.5 skype-url-preview@microsoft.com
4	14	8	0	15	29632069	0	29632069	29619113	0	29619113	599702	Mozilla/5.0 (Macintosh; Intel Mac OS X 10_15_7) AppleWebKit/537.36 (KHTML, like Gecko) Chrome/147.0.0.0 Safari/537.36
4	0	0	0	1	0	0	29586406	0	0	29586406	0	Mozilla/5.0 (X11; Linux x86_64; rv:56.0) Gecko/20100101 Firefox/56.0
4	0	0	0	1	0	0	29595059	0	0	29595059	0	Mozilla/5.0 (Windows NT 10.0; rv:68.0) Gecko/20100101 Firefox/68.0
4	2	2	0	1	29545856	0	29626593	29545856	0	29626593	62744	Mozilla/5.0 (Windows NT 10.0; Win64; x64) AppleWebKit/537.36 (KHTML, like Gecko) Chrome/108.0.0.0 Safari/537.36
4	0	0	0	1	0	0	29609924	0	0	29609924	0	Mozilla/5.0 (Windows NT 10.0; Win64; x64; rv:81.0) Gecko/20100101 Firefox/81.0
4	1	1	0	0	29575357	0	0	29575357	0	0	62744	Mozilla/5.0 (Windows NT 10.0; Win64; x64) AppleWebKit/537.36 (KHTML, like Gecko) Chrome/88.0.4324.182 Safari/537.36
4	6	6	0	9	29617499	0	29560488	29546271	0	29546271	277934	Mozilla/5.0 (Windows NT 10.0; Win64; x64) AppleWebKit/537.36 (KHTML, like Gecko) Chrome/143.0.0.0 Safari/537.36
4	0	0	0	1	0	0	29572427	0	0	29572427	0	Mozilla/5.0 (Windows NT 10.0; Win64; x64) AppleWebKit/537.36 (KHTML, like Gecko) Chrome/66.0.3359.139 Safari/537.36
4	1	1	0	0	29562684	0	0	29562684	0	0	62744	Mozilla/5.0 (X11; Linux x86_64) AppleWebKit/537.36 (KHTML, like Gecko) Chrome/135.0.0.0 Safari/537.36
4	1	1	0	0	29562710	0	0	29562710	0	0	62744	Mozilla/5.0 AppleWebKit/537.36 (KHTML, like Gecko; compatible; bingbot/2.0; +http://www.bing.com/bingbot.htm) Chrome/100.0.4896.127 Safari/537.36
4	1	1	0	0	29554696	0	0	29554696	0	0	62744	Mozilla/5.0 (Windows NT 6.2;en-US) AppleWebKit/537.32.36 (KHTML, live Gecko) Chrome/56.0.3055.94 Safari/537.32
4	16	16	0	5	29606110	0	29605783	29545962	0	29545962	202185	Mozilla/5.0 (iPhone; CPU iPhone OS 18_7 like Mac OS X) AppleWebKit/605.1.15 (KHTML, like Gecko) Version/26.3 Mobile/15E148 Safari/604.1
4	5	5	0	0	29623186	0	0	29593180	0	0	270988	Mozilla/5.0 (Macintosh; Intel Mac OS X 10_15_7) AppleWebKit/605.1.15 (KHTML, like Gecko) Version/26.2 Safari/605.1.15
4	4	4	0	0	29632528	0	0	29618902	0	0	208244	Mozilla/5.0 AppleWebKit/537.36 (KHTML, like Gecko; compatible; Claude-User/1.0; +claude-user@anthropic.com)
4	0	0	0	1	0	0	29614955	0	0	29614955	0	Mozilla/5.0 (Windows NT 10.0; Win64; x64) AppleWebKit/537.36 (KHTML, like Gecko) Chrome/106.0.0.0 Safari/537.36 Edg/106.0.1370.37
4	54	54	0	0	29632230	0	0	29546226	0	0	3292029	visionheight.com/scan Mozilla/5.0 (Macintosh; Intel Mac OS X 10_15_7) Chrome/126.0.0.0 Safari/537.36
4	3	3	0	1	29546096	0	29546021	29546021	0	29546021	40437	Mozilla/5.0 (Linux; Android 6.0.1; Nexus 5X Build/MMB29P) AppleWebKit/537.36 (KHTML, like Gecko) Chrome/144.0.7559.132 Mobile Safari/537.36 (compatible; GoogleOther)
4	0	0	0	1	0	0	29599969	0	0	29599969	0	Mozilla/5.0 (X11; Ubuntu; Linux x86_64; x64) AppleWebKit/537.36 (KHTML, like Gecko) Chrome/85.0.0.0 Safari/537.36
4	1	1	0	0	29583452	0	0	29583452	0	0	62744	Mozilla/5.084743666 Mozilla/5.0 (Windows NT 10.0; Win64; x64) AppleWebKit/537.36 (KHTML, like Gecko) Chrome/64.0.3282.140 Safari/537.36 Edge/17.17134
4	8	8	0	0	29625972	0	0	29548896	0	0	480586	HTTP Banner Detection (https://security.ipip.net)
4	0	0	0	1	0	0	29593314	0	0	29593314	0	Mozilla/5.0 (Linux; Android 10; x86) AppleWebKit/537.36 (KHTML, like Gecko) Chrome/108.0.0.0 Safari/537.36
4	7	7	0	4	29614794	0	29592915	29563107	0	29577109	94353	Mozilla/5.0 (Macintosh; Intel Mac OS X 10_15_7) AppleWebKit/537.36 (KHTML, like Gecko) Chrome/146.0.0.0 Safari/537.36
4	98	98	0	171	29632021	0	29632022	29545890	0	29545890	5935252	Mozilla/5.0 (compatible; CensysInspect/1.1; +https://about.censys.io/)
4	1	1	0	0	29630111	0	0	29630111	0	0	52061	Mozilla/5.0 (Windows NT 10.0; Win64; x64) AppleWebKit/537.36 (KHTML, like Gecko) Chrome/99.0.4844.82 Safari/537.36
4	10	10	0	0	29631996	0	0	29546420	0	0	616757	Mozilla/5.0 (Macintosh; Intel Mac OS X 11) AppleWebKit/538.41 (KHTML, like Gecko) Chrome/87.0.4280.88 Safari/537.36
4	1	1	0	10	29607279	0	29631996	29607279	0	29546420	13479	Mozilla/5.0 (Windows NT 10.0; Win64; x64) AppleWebKit/537.36 (KHTML, like Gecko) Chrome/142.0.0.0 Safari/537.36
4	1	1	0	5	29548197	0	29548197	29548197	0	29548197	62744	Mozilla/5.0 (Windows NT 10.0; Win64; x64) AppleWebKit/537.36 (KHTML, like Gecko) Chrome/89.0.4389.90 Safari/537.36 Edg/89.0.774.63
4	0	0	0	1	0	0	29601954	0	0	29601954	0	Mozilla/5.0 (Windows NT 6.1; Win64; x64) AppleWebKit/537.36 (KHTML, like Gecko) Chrome/66.0.3359.170 Safari/537.36
4	0	0	0	1	0	0	29617718	0	0	29617718	0	Mozilla/5.0 (Linux; Android 10; arm64) AppleWebKit/537.36 (KHTML, like Gecko) Opera/60.0.0.0 Safari/537.36
4	0	0	0	1	0	0	29625847	0	0	29625847	0	Mozilla/5.0 (X11; Ubuntu; Linux x86_64; arm64) AppleWebKit/537.36 (KHTML, like Gecko) Opera/79.0.0.0 Safari/537.36
4	2	2	0	0	29609505	0	0	29555783	0	0	125488	Mozilla/5.0 (Windows NT 10.0; Win64; x64) AppleWebKit/537.36 (KHTML, like Gecko) Chrome/136.0.0.0 Safari/537.3
4	0	0	0	1	0	0	29571022	0	0	29571022	0	Mozilla/5.0 (X11; Ubuntu; Linux x86_64; x64) AppleWebKit/537.36 (KHTML, like Gecko) Edge/87.0.0.0 Safari/537.36
4	0	0	0	1	0	0	29577059	0	0	29577059	0	Mozilla/5.0 (Linux; Android 10; x86) AppleWebKit/537.36 (KHTML, like Gecko) Safari/15.0.0.0 Safari/537.36
4	0	0	0	1	0	0	29590469	0	0	29590469	0	Mozilla/5.0 (X11; Linux x86_64) AppleWebKit/537.36 (KHTML, like Gecko) Chrome/134.0.0.0 Safari/537.36
4	1	1	0	3	29614984	0	29614985	29614984	0	29614984	62744	Mozilla/5.0 (Windows NT 10.0; Win64; x64) AppleWebKit/537.36 (KHTML, like Gecko) Chrome/89.0.4389.90 Safari/537.36 Edg/89.0.774.54
4	4	3	0	4	29624967	0	29624967	29557351	0	29557351	170942	Mozilla/5.0 (Windows NT 10.0; Win64; x64) AppleWebKit/537.36 (KHTML, like Gecko) Chrome/142.0.7444.175 Safari/537.36
4	0	0	0	1	0	0	29603723	0	0	29603723	0	Mozilla/5.0 (Windows NT 6.2) AppleWebKit/537.36 (KHTML, like Gecko) Chrome/63.0.3239.111 Safari/537.36
4	0	0	0	1	0	0	29556037	0	0	29556037	0	Mozilla/5.0 (Windows NT 6.2; x86) AppleWebKit/537.36 (KHTML, like Gecko) Opera/73.0.0.0 Safari/537.36
4	1	1	0	0	29553864	0	0	29553864	0	0	62744	libwww-perl/6.05
4	1	1	0	0	29600595	0	0	29600595	0	0	62744	Mozilla/5.0 (Windows NT 6.2;en-US) AppleWebKit/537.32.36 (KHTML, live Gecko) Chrome/56.0.3065.60 Safari/537.32
4	0	0	0	1	0	0	29568043	0	0	29568043	0	Mozilla/5.0 (Macintosh; Intel Mac OS X 10_15_7; x64) AppleWebKit/537.36 (KHTML, like Gecko) Safari/12.0.0.0 Safari/537.36
4	6	6	0	8	29572770	0	29559849	29546912	0	29547968	376464	Mozilla/5.0 (compatible; GenomeCrawlerd/1.0; +https://www.nokia.com/genomecrawler)
4	0	0	0	2	0	0	29624346	0	0	29624346	0	Mozilla/5.0 (iPhone; CPU iPhone OS 17_5_1 like Mac OS X) AppleWebKit/605.1.15 (KHTML, like Gecko) Version/17.4.1 Mobile/15E148 Safari/604.1
4	0	0	0	1	0	0	29612196	0	0	29612196	0	Mozilla/5.0 (Linux; U; Android 1.6; en-us; SonyEricssonX10i Build/R1AA056) AppleWebKit/528.5  (KHTML, like Gecko) Version/3.1.2 Mobile Safari/525.20.1
4	1	1	0	0	29549899	0	0	29549899	0	0	0	Mozilla/5.0 (Windows NT 6.1; WOW64; rv:70.0) Gecko/20100101 Firefox/70.0
4	2	2	0	0	29627214	0	0	29554552	0	0	23772	Mozilla/5.0 (Macintosh; Intel Mac OS X 10_11_1) AppleWebKit/601.2.4 (KHTML, like Gecko) Version/9.0.1 Safari/601.2.4 facebookexternalhit/1.1 Facebot Twitterbot/1.0
4	3	3	0	35	29545418	0	29545418	29545417	0	29545417	125488	Mozilla/5.0 (l9scan/2.0.9313e2139313e2335313e2036313; +https://leakix.net)
4	7	7	0	0	29548835	0	0	29545419	0	0	439208	Mozilla/5.0 (Macintosh; Intel Mac OS X 10_15_7) AppleWebKit/537.36 (KHTML, like Gecko) Chrome/142.0.0.0 Safari/537.36 Edg/142.0.0.0
4	16	16	0	0	29630327	0	0	29553838	0	0	206106	Mozilla/5.0 (Windows NT 10.0; Win64; x64) AppleWebKit/537.36 (KHTML, like Gecko) Chrome/129.0.0.0 Safari/537.3
4	6	6	0	4	29565697	0	29565697	29562544	0	29562544	80874	Mozilla/5.0 (Macintosh; Intel Mac OS X 10_15_7) AppleWebKit/537.36 (KHTML, like Gecko) Chrome/145.0.0.0 Safari/537.36
4	3	3	0	4	29607945	0	29607945	29564670	0	29564670	40437	Mozilla/5.0 (compatible; MJ12bot/v1.4.8; http://mj12bot.com/)
4	5	5	0	0	29627063	0	0	29564605	0	0	303037	Mozilla/5.0 (Windows NT 10.0; Win64; x64; rv:104.71.6212.24) Gecko/25.2.4212.671 Firefox/2.0
4	7	7	0	21	29549561	0	29549561	29545545	0	29545545	439208	Mozilla/5.0 (Windows NT 10.0; Win64; x64) AppleWebKit/537.36 (KHTML, like Gecko) Chrome/141.0.0.0 Safari/537.36
4	0	0	0	1	0	0	29627422	0	0	29627422	0	Lynx/2.8.7dev.4 libwww-FM/2.14 SSL-MM/1.4.1 OpenSSL/0.9.8d
4	1	1	0	0	29626107	0	0	29626107	0	0	52061	Mozilla/4.0 (compatible; MSIE 8.0; Windows NT 6.1; WOW64; Trident/4.0; SLCC2; .NET CLR 2.0.50727; .NET CLR 3.5.30729; .NET CLR 3.0.30729)
4	0	0	0	2	0	0	29602018	0	0	29575783	0	Mozilla/5.0 (Android 12; Mobile; rv:117.0) Gecko/117.0 Focus/117.0
4	1	1	0	2	29596968	0	29594161	29596968	0	29586422	62744	Mozilla/5.0 (Macintosh; Intel Mac OS X 10_15_7) AppleWebKit/605.1.15 (KHTML, like Gecko) Version/18.5 Safari/605.1.15
4	0	0	0	3	0	0	29610426	0	0	29610426	0	Mozilla/5.0 (Windows NT 10.0; Win64; x64) AppleWebKit/537.36 (KHTML, like Gecko) Chrome/144.0.0.0 Safari/537.36 Edg/144.0.3719.82
4	0	0	0	1	0	0	29580522	0	0	29580522	0	Mozilla/5.0 (Macintosh; Intel Mac OS X 10.15; rv:126.0) Gecko/20100101 Firefox/126.0
4	0	0	0	1	0	0	29619304	0	0	29619304	0	Mozilla/5.0 (X11; Linux x86_64) AppleWebKit/537.36 (KHTML, like Gecko) Chrome/133.0.0.0 Safari/537.36
4	1	1	0	0	29549895	0	0	29549895	0	0	0	Mozilla/5.0 (Windows NT 10.0; Win64; x64) AppleWebKit/537.36 (KHTML, like Gecko) Chrome/78.0.3904.97 Safari/537.36 OPR/64.0.3417.92
4	0	0	0	1	0	0	29590469	0	0	29590469	0	Mozilla/5.0 (Linux; U; Android 4.2.2; he-il; NEO-X5-116A Build/JDQ39) AppleWebKit/534.30 (KHTML, like Gecko) Version/4.0 Safari/534.30
4	0	0	0	1	0	0	29552607	0	0	29552607	0	Mozilla/5.0 (Macintosh; Intel Mac OS X 10_15_7; x64) AppleWebKit/537.36 (KHTML, like Gecko) Safari/11.0.0.0 Safari/537.36
4	0	0	0	1	0	0	29548278	0	0	29548278	0	Mozilla/5.0 (Macintosh; Intel Mac OS X 10.15; rv:130.0) Gecko/20100101 Firefox/130.0
4	2	2	0	1	29566239	0	29570440	29566232	0	29570440	125488	Mozilla/5.0 (X11; Linux x86_64; rv:109.0) Gecko/20100101 Firefox/115.0
4	1	1	0	0	29569594	0	0	29569594	0	0	62744	Mozilla/5.0 (Windows NT 10.0; WOW64; rv:47.0) Gecko/20100101 Firefox/47.0
4	2	2	0	1	29594901	0	29560360	29594888	0	29560360	125488	Mozilla/5.0 (Windows NT 10.0; Win64; x64) AppleWebKit/537.36 (KHTML, like Gecko) Chrome/109.0.0.0 Safari/537.36 OPR/95.0.0.0 (Edition Yx 05)
4	0	0	0	1	0	0	29592894	0	0	29592894	0	curl/7.68.0
4	0	0	0	40	0	0	29630196	0	0	29545525	0	nvdorz
4	0	0	0	53	0	0	29586357	0	0	29562924	0	python-requests/2.27.1
4	4	4	0	0	29563879	0	0	29558719	0	0	250976	Mozilla/5.0 (X11; Linux i686; rv:109.0) Gecko/20100101 Firefox/120.0
4	0	0	0	2	0	0	29581965	0	0	29553135	0	Mozilla/5.0 (Macintosh; Intel Mac OS X 10_15_7) AppleWebKit/537.36 (KHTML, like Gecko) Chrome/124.0.0.0 Safari/537.36 Edg/124.0.0.0
4	1	1	0	0	29610661	0	0	29610661	0	0	13479	Mozilla/5.0 (iPhone; CPU iPhone OS 18_7 like Mac OS X) AppleWebKit/605.1.15 (KHTML, like Gecko) Mobile/15E148
4	0	0	0	1	0	0	29593655	0	0	29593655	0	Mozilla/5.0 (Macintosh; Intel Mac OS X 10_15_7; x86) AppleWebKit/537.36 (KHTML, like Gecko) Chrome/101.0.0.0 Safari/537.36
4	0	0	0	1	0	0	29611808	0	0	29611808	0	Mozilla/5.0 (Windows NT 6.3; arm64) AppleWebKit/537.36 (KHTML, like Gecko) Safari/14.0.0.0 Safari/537.36
4	1	1	0	0	29572510	0	0	29572510	0	0	62744	Mozilla/5.0 (Windows NT 10.0; Win64; x64) AppleWebKit/537.36 (KHTML, like Gecko) Chrome/89.0.4389.90 Safari/537.36
4	0	0	0	1	0	0	29599235	0	0	29599235	0	Jetpack by WordPress.com
4	1	1	0	0	29618952	0	0	29618952	0	0	52061	Mozilla/5.0 (Macintosh; Intel Mac OS X 13_3) AppleWebKit/537.36 (KHTML, like Gecko) Chrome/110.0.5481.178 Safari/537.36
4	4	4	0	4	29630043	0	29630043	29557319	0	29557319	229610	Mozilla/5.0 (Windows NT 10.0; Win64; x64) AppleWebKit/537.36 (KHTML, like Gecko) Chrome/105.0.0.0 Safari/537.36
4	0	0	0	1	0	0	29547204	0	0	29547204	0	Mozilla/5.0 (Macintosh; Intel Mac OS X 10_15_6) AppleWebKit/605.1.15 (KHTML, like Gecko) Version/15.6,2 Safari/605.1.15
4	40	40	0	11	29632478	0	29632478	29545895	0	29572051	722351	Mozilla/5.0 (Windows NT 10.0; Win64; x64) AppleWebKit/537.36 (KHTML, like Gecko) Chrome/140.0.0.0 Safari/537.36
4	12	12	0	4	29626119	0	29610147	29554824	0	29554824	660931	Mozilla/5.0 (Windows NT 10.0; Win64; x64) AppleWebKit/537.36 (KHTML, like Gecko) Chrome/139.0.0.0 Safari/537.36
4	2	2	0	0	29567680	0	0	29567673	0	0	125488	Mozilla/5.0 (Macintosh; Intel Mac OS X 10_15_7) AppleWebKit/537.36 (KHTML, like Gecko) Chrome/98.0.4758.102 Safari/537.36
4	0	0	0	1	0	0	29552605	0	0	29552605	0	Mozilla/5.0 (Windows NT 6.3; x86) AppleWebKit/537.36 (KHTML, like Gecko) Chrome/82.0.0.0 Safari/537.36
4	1	1	0	1	29559695	0	29559695	29559695	0	29559695	13479	Mozilla/5.0 (X11; Linux x86_64) AppleWebKit/537.36 (KHTML, like Gecko) HeadlessChrome/141.0.0.0 Safari/537.36
4	0	0	0	1	0	0	29578293	0	0	29578293	0	Mozilla/5.0 (Windows NT 10.0; x86) AppleWebKit/537.36 (KHTML, like Gecko) Safari/12.0.0.0 Safari/537.36
4	0	0	0	1	0	0	29595836	0	0	29595836	0	Mozilla/5.0 (Macintosh; Intel Mac OS X 11) AppleWebKit/617.29 (KHTML, like Gecko) Version/17.7 Safari/617.29
4	1	1	0	2	29555671	0	29603451	29555671	0	29566018	62744	Mozilla/5.0 (Macintosh; Intel Mac OS X 10.15; rv:140.0) Gecko/20100101 Firefox/140.0
4	1	1	0	4	29603268	0	29603268	29603268	0	29603268	62744	Mozilla/5.0 (Macintosh; Intel Mac OS X 10.15; rv:139.0) Gecko/20100101 Firefox/139.0
4	0	0	0	3	0	0	29619057	0	0	29614849	0	https://calvarylegal.com/wp-admin/install.php?step=1
4	5	5	0	1	29626026	0	29606498	29557594	0	29606498	292428	meta-externalagent/1.1 (+https://developers.facebook.com/docs/sharing/webmasters/crawler)
4	0	0	0	1	0	0	29569928	0	0	29569928	0	Mozilla/5.0 (Windows NT 6.3; x64) AppleWebKit/537.36 (KHTML, like Gecko) Chrome/110.0.0.0 Safari/537.36
4	0	0	0	1	0	0	29558149	0	0	29558149	0	Mozilla/5.0 (Windows NT 10.0) AppleWebKit/537.36 (KHTML, like Gecko) Safari/101.0 Safari/537.36
4	0	0	0	1	0	0	29585647	0	0	29585647	0	Mozilla/5.0 (Linux; Android 8.1.0; ZB602KL) AppleWebKit/537.36 (KHTML, like Gecko) Chrome/76.0.3809.89 Mobile Safari/537.36
4	0	0	0	1	0	0	29594467	0	0	29594467	0	Mozilla/5.0 (Macintosh; Intel Mac OS X 10_15_7; x64) AppleWebKit/537.36 (KHTML, like Gecko) Edge/97.0.0.0 Safari/537.36
4	1	1	0	0	29622848	0	0	29622848	0	0	10293	Mozilla/5.0 (Windows NT 10.0; Win64; x64) AppleWebKit/537.36 (KHTML, like Gecko) Chrome/99.0.4844.51 Safari/537.36 Edg/99.0.1150.30
4	3	3	0	3	29550446	0	29550446	29550446	0	29550446	188232	panscient.com
4	0	0	0	1	0	0	29580206	0	0	29580206	0	Mozilla/5.0 (Windows NT 6.2; arm64) AppleWebKit/537.36 (KHTML, like Gecko) Opera/73.0.0.0 Safari/537.36
4	0	0	0	1	0	0	29627422	0	0	29627422	0	Mozilla/5.0 (Linux; Android 5.0.2; Lenovo A6010) AppleWebKit/537.36 (KHTML, like Gecko) Chrome/74.0.3729.157 Mobile Safari/537.36
4	0	0	0	1	0	0	29617346	0	0	29617346	0	Mozilla/5.0 (X11; Ubuntu; Linux x86_64; rv:84.0) Gecko/20100101 Firefox/84.0
4	0	0	0	1	0	0	29577324	0	0	29577324	0	Mozilla/5.0 (Windows NT 10.0; arm64) AppleWebKit/537.36 (KHTML, like Gecko) Chrome/115.0.0.0 Safari/537.36
4	1	1	0	0	29629086	0	0	29629086	0	0	52061	Mozilla/5.0 (Windows NT 10.0; Win64; x64) AppleWebKit/537.37 (KHTML, like Gecko) Chrome/118.0.0.0 Safari/537.36
4	17	17	0	0	29623206	0	0	29591591	0	0	179148	Mozilla/5.0 (Linux; Android 6.0.1; Nexus 5X Build/MMB29P) AppleWebKit/537.36 (KHTML, like Gecko) Chrome/146.0.7680.177 Mobile Safari/537.36 (compatible; Googlebot/2.1; +http://www.google.com/bot.html)
4	0	0	0	1	0	0	29563989	0	0	29563989	0	Mozilla/5.0 (Windows NT 6.3; arm64) AppleWebKit/537.36 (KHTML, like Gecko) Firefox/80.0.0.0 Safari/537.36
4	9	9	0	0	29595051	0	0	29545680	0	0	0	Mozilla/5.0 (Windows NT 10.0; Win64; x64) AppleWebKit/537.36 (KHTML, like Gecko) Chrome/134.0.6998.35/36 Safari/537.36
4	7	7	0	0	29623188	0	0	29623186	0	0	375184	Mozilla/5.0 (Macintosh; Intel Mac OS X 10_15_7) AppleWebKit/537.36 (KHTML, like Gecko) Chrome/143.0.0.0 Safari/537.36
4	0	0	0	1	0	0	29560183	0	0	29560183	0	Mozilla/5.077692140 Mozilla/5.0 (Windows NT 6.1; Trident/7.0; rv:11.0) like Gecko
4	1	1	0	1	29545643	0	29545643	29545643	0	29545643	62744	Mozilla/5.0 (Linux; Android 10; K) AppleWebKit/537.36 (KHTML, like Gecko) Chrome/142.0.0.0 Mobile Safari/537.36
4	0	0	0	1	0	0	29616475	0	0	29616475	0	Mozilla/5.0 (ZZ; Linux x86_64) AppleWebKit/537.36 (KHTML, like Gecko) Chrome/137.0.0.0 Safari/537.36
4	4	3	0	5	29627640	0	29627640	29560565	0	29560565	170942	Mozilla/5.0 (Windows NT 10.0; Win64; x64) AppleWebKit/537.36 (KHTML, like Gecko) Chrome/104.0.0.0 Safari/537.36
4	0	0	0	1	0	0	29550191	0	0	29550191	0	Mozilla/5.0 (Windows NT 10.0; arm64) AppleWebKit/537.36 (KHTML, like Gecko) Firefox/83.0.0.0 Safari/537.36
4	1	1	0	0	29568563	0	0	29568563	0	0	62744	Mozilla/5.0 (Windows NT 10.0; Win64; x64) AppleWebKit/537.36 (KHTML, like Gecko) Chrome/138.0.0.0 Safari/537.36
4	0	0	0	1	0	0	29547341	0	0	29547341	0	RegularExpressionExplorer
4	0	0	0	1	0	0	29613497	0	0	29613497	0	Mozilla/5.0 (Windows NT 6.3; Win64; x64) AppleWebKit/537.36 (KHTML, like Gecko) Chrome/81.0.4044.129 Safari/537.36
4	4	4	0	0	29583074	0	0	29583071	0	0	53916	GoogleOther
4	2	2	0	0	29626573	0	0	29626563	0	0	104122	Mozilla/5.0 (Windows NT 6.1; Win64; x64; rv:109.0) Gecko/20100101 Firefox/115.0
4	1	1	0	0	29625215	0	0	29625215	0	0	52061	Mozilla/5.0 (X11; Linux x86_64) AppleWebKit/537.36 (KHTML, like Gecko) Chrome/131.0.0.0 Safari/537.36
4	2	2	0	0	29583452	0	0	29581441	0	0	125488	Mozilla/5.0 (Macintosh; Intel Mac OS X 10_11) AppleWebKit/601.1.27 (KHTML, like Gecko) Chrome/47.0.2526.106 Safari/601.1.27
4	1	1	0	3	29593125	0	29593125	29593125	0	29593125	62744	Mozilla/5.0 (Windows NT 10.0; Win64; x64) AppleWebKit/537.36 (KHTML, like Gecko) Chrome/88.0.4324.150 Safari/537.36
4	3	3	0	0	29581335	0	0	29556660	0	0	188232	User-Agent:Mozilla/5.0 (Windows NT 10.0; Win64; x64) AppleWebKit/537.36 (KHTML, like Gecko) Chrome/140.0.0.0 Safari/537.36 Edg/140.0.0.0; 360Spider
4	1	1	0	1	29614893	0	29614893	29614893	0	29614893	13479	Mozilla/5.0 (Macintosh; Intel Mac OS X 10.15; rv:149.0) Gecko/20100101 Firefox/149.0
4	26	26	0	0	29627794	0	0	29599305	0	0	1417906	Mozilla/5.0 (iPhone; CPU iPhone OS 13_2_3 like Mac OS X) AppleWebKit/605.1.15 (KHTML, like Gecko) Version/13.0.3 Mobile/15E148 Safari/604.1
4	18	18	0	0	29627162	0	0	29572417	0	0	223506	Mozilla/5.0 (Windows NT 10.0; Win64; x64; rv:121.0) Gecko/20100101 Firefox/121.0
4	1	1	0	5	29577384	0	29577384	29577384	0	29577384	62744	Mozilla/5.0 (Windows NT 10.0; WOW64) AppleWebKit/537.36 (KHTML, like Gecko) Chrome/92.0.4515.131 YaBrowser/21.8.0.1373 Yowser/2.5 Safari/537.36
4	0	0	0	3	0	0	29628919	0	0	29628919	0	Mozilla/5.0 (Macintosh; Intel Mac OS X 10_15_7) AppleWebKit/605.1.15 (KHTML, like Gecko) Version/17.6 Safari/605.1.15
4	0	0	0	2	0	0	29615180	0	0	29581960	0	Mozilla/5.0 (Windows NT 10.0; Win64; x64; rv:124.0) Gecko/20100101 Firefox/124.0
4	0	0	0	1	0	0	29601954	0	0	29601954	0	Mozilla/5.0 (X11; Linux x86_64) AppleWebKit/537.36 (KHTML, like Gecko) Ubuntu Chromium/75.0.3770.90 Chrome/75.0.3770.90 Safari/537.36
4	0	0	0	1	0	0	29578295	0	0	29578295	0	Mozilla/5.0 (Windows NT 10.0; arm64) AppleWebKit/537.36 (KHTML, like Gecko) Chrome/114.0.0.0 Safari/537.36
4	10	10	0	1	29623233	0	29590408	29590408	0	29590408	122040	Mozilla/5.0 (Macintosh; Intel Mac OS X 10_15_7) AppleWebKit/537.36 (KHTML, like Gecko) Chrome/142.0.0.0 Safari/537.36
4	0	0	0	1	0	0	29583451	0	0	29583451	0	Mozilla/4.066686748 Mozilla/4.0 (compatible; MSIE 6.0; Windows NT 5.1)
4	6	5	0	1	29626506	0	29603726	29603725	0	29603726	167756	Mozilla/5.0 (iPhone; CPU iPhone OS 18_7 like Mac OS X) AppleWebKit/605.1.15 (KHTML, like Gecko) Version/18.7.3 Mobile/15E148 Safari/604.1
4	1	1	0	1	29545418	0	29545418	29545418	0	29545418	13479	Mozilla/5.0 (Windows NT 10.0; Win64; x64) AppleWebKit/537.36 (KHTML, like Gecko) Chrome/137.0.0.0 Safari/537.36
4	1	1	0	0	29629055	0	0	29629055	0	0	52061	Mozilla/5.0 (Windows NT 10.0; Win64; x64; rv:127.0) Gecko/20100101 Firefox/127.0
4	1	1	0	0	29569513	0	0	29569513	0	0	62744	Mozilla/5.0 (Windows NT 10.0; Win64; x64) Chrome/120.0.0.0
4	0	0	0	1	0	0	29565423	0	0	29565423	0	Mozilla/5.0 (Windows NT 6.0; WOW64; rv:40.0) Gecko/20100101 Firefox/40.0
4	0	0	0	1	0	0	29572904	0	0	29572904	0	Mozilla/5.0 (X11; Linux x86_64) AppleWebKit/537.36 (KHTML, like Gecko) Chrome/72.0.3626.81 Safari/537.36
4	0	0	0	1	0	0	29593450	0	0	29593450	0	Mozilla/5.0 (Windows NT 10.0; x86) AppleWebKit/537.36 (KHTML, like Gecko) Safari/10.0.0.0 Safari/537.36
4	8	6	0	2	29626354	0	29626354	29626117	0	29626117	329140	Mozilla/5.0 (Windows NT 10.0; Win64; x64) AppleWebKit/537.36 (KHTML, like Gecko) Chrome/141.0.7390.0 Safari/537.36
4	0	0	0	1	0	0	29568041	0	0	29568041	0	Mozilla/5.0 (Windows NT 6.3; x86) AppleWebKit/537.36 (KHTML, like Gecko) Edge/90.0.0.0 Safari/537.36
4	0	0	0	1	0	0	29556080	0	0	29556080	0	Mozilla/5.0 (Macintosh; Intel Mac OS X 10_15_6) AppleWebKit/605.1.15 (KHTML, like Gecko) Version/15.4 Safari/605.1.15
4	1	1	0	0	29598867	0	0	29598867	0	0	62744	Konqueror/3.0-rc4; (Konqueror/3.0-rc4; i686 Linux;;datecode)
4	1	1	0	0	29596284	0	0	29596284	0	0	0	Mozilla/5.0 (Windows NT 6.1; WOW64; Trident/7.0; rv:11.0) like Gecko
4	0	0	0	1	0	0	29590357	0	0	29590357	0	Mozilla/5.0 (Windows NT 6.2; x64) AppleWebKit/537.36 (KHTML, like Gecko) Opera/78.0.0.0 Safari/537.36
4	0	0	0	1	0	0	29570436	0	0	29570436	0	Mozilla/5.0 (X11; Linux x86_64; rv:124.0) Gecko/20100101 Firefox/124.0
4	0	0	0	7	0	0	29617203	0	0	29617203	0	Mozilla/5.0 (compatible; ExchangeScanner/2.1)
4	0	0	0	1	0	0	29584913	0	0	29584913	0	Mozilla/5.0 (Macintosh; Intel Mac OS X 10_13_6) AppleWebKit/537.36 (KHTML, like Gecko) Chrome/73.0.3683.88 Safari/537.36 Vivaldi/2.4.1488.36
4	0	0	0	1	0	0	29579810	0	0	29579810	0	Mozilla/5.0 (Macintosh; Intel Mac OS X 10_15_7; x64) AppleWebKit/537.36 (KHTML, like Gecko) Chrome/99.0.0.0 Safari/537.36
4	5	5	0	0	29630786	0	0	29565673	0	0	303037	fasthttp
4	1	1	0	0	29593935	0	0	29593935	0	0	62744	Mozilla/5.0 (X11; Linux x86_64) AppleWebKit/537.36 (KHTML, like Gecko) Chrome/61.0.3163.100 Safari/537.36
4	54	54	0	106	29632321	0	29632321	29545922	0	29545919	3281346	Mozilla/5.0 (Windows NT 10.0; Win64; x64) AppleWebKit/537.36 (KHTML, like Gecko) Chrome/136.0.0.0 Safari/537.36
4	3	3	0	0	29557052	0	0	29553810	0	0	26958	Mozilla/5.0 (Linux; Android 6.0.1; Nexus 5X Build/MMB29P) AppleWebKit/537.36 (KHTML, like Gecko) Chrome/145.0.7632.116 Mobile Safari/537.36 (compatible; Googlebot/2.1; +http://www.google.com/bot.html)
4	1	1	0	0	29594760	0	0	29594760	0	0	62744	Mozilla/5.0 (Macintosh; Intel Mac OS X 10_15_7) AppleWebKit/605.1.15 (KHTML, like Gecko) Version/16.2 Mobile/15E148 Safari/604.1
4	0	0	0	1	0	0	29569778	0	0	29569778	0	Mozilla/5.0 (Linux; Android 10; arm64) AppleWebKit/537.36 (KHTML, like Gecko) Firefox/83.0.0.0 Safari/537.36
4	1	1	0	0	29554176	0	0	29554176	0	0	62744	Mozilla/5.0 (Windows NT 10.0; Win64; x64) AppleWebKit/537.36 (KHTML, like Gecko) Chrome/79.0.3945.88 Safari/537.36
4	0	0	0	1	0	0	29554579	0	0	29554579	0	Mozilla/5.0 (X11; Ubuntu; Linux x86_64; arm64) AppleWebKit/537.36 (KHTML, like Gecko) Firefox/85.0.0.0 Safari/537.36
4	4	4	0	32	29562659	0	29622981	29547597	0	29547476	250976	Mozilla/5.0 (compatible; Odin; https://docs.getodin.com/)
4	1	1	0	0	29592166	0	0	29592166	0	0	62744	Mozilla/4.0 (compatible; MSIE 6.0; Windows NT 5.0)
4	0	0	0	1	0	0	29603266	0	0	29603266	0	Mozilla/5.0 (Windows NT 10.0; Win64; x64) Chrome/123.0.0.0
4	2	2	0	0	29620467	0	0	29546840	0	0	114805	curl/7.81.0
4	1	1	0	0	29548043	0	0	29548043	0	0	62744	Mozilla/5.0 (X11; Linux x86_64) AppleWebKit/537.36 (KHTML, like Gecko) Chrome/92.0.4515.131 Safari/537.36
4	0	0	0	1	0	0	29590223	0	0	29590223	0	Mozilla/5.0 (Windows NT 6.2; arm64) AppleWebKit/537.36 (KHTML, like Gecko) Opera/69.0.0.0 Safari/537.36
4	0	0	0	1	0	0	29603634	0	0	29603634	0	Mozilla/5.0 (Windows NT 6.2; arm64) AppleWebKit/537.36 (KHTML, like Gecko) Opera/70.0.0.0 Safari/537.36
4	0	0	0	1	0	0	29605927	0	0	29605927	0	Mozilla/5.0 (Windows NT 6.1; WOW64) AppleWebKit/537.36 (KHTML, like Gecko) Chrome/63.0.3239.108 Safari/537.36
4	1	1	0	0	29563853	0	0	29563853	0	0	62744	Mozilla/5.0 (Linux; Android 7.1.1; Coolpad 3632A Build/NMF26F) AppleWebKit/537.36 (KHTML, like Gecko) Chrome/59.0.3071.125 Mobile Safari/537.36
4	11	11	0	0	29629477	0	0	29576007	0	0	135525	Mozilla/5.0 (Windows NT 10.0; Win64; x64) AppleWebKit/537.36 (KHTML, like Gecko) Chrome/120.0.0.0 Safari/537.36 Edg/120.0.0.0
4	0	0	0	1	0	0	29617292	0	0	29617292	0	Mozilla/5.0 (Windows; U; Windows NT 6.1; en-US) AppleWebKit/533.19.4 (KHTML, like Gecko) Version/5.0.2 Safari/533.18.5
4	5	3	0	1	29625986	0	29625986	29613066	0	29625986	350712	Mozilla/5.0 (Macintosh; Intel Mac OS X 10_15_7) AppleWebKit/537.36 (KHTML, like Gecko) Chrome/139.0.0.0 Safari/537.36
4	0	0	0	2	0	0	29597696	0	0	29579802	0	Mozilla/5.0 (compatible; Scanner/1.0)
4	1	1	0	5	29545465	0	29545465	29545465	0	29545465	62744	Mozilla/5.0 (Windows NT 6.1; Win64; x64) AppleWebKit/537.36 (KHTML, like Gecko) Chrome/94.0.4606.61 Safari/537.36
4	1	1	0	0	29562318	0	0	29562318	0	0	62744	Mozilla/5.0 (Windows NT 10.0; Win64; x64) AppleWebKit/537.36 (KHTML, like Gecko) Chrome/135.0.0.0 Safari/537.36
4	0	0	0	1	0	0	29629027	0	0	29629027	0	Mozilla/5.0 (X11; Linux i686; rv:1.9.5.20) Gecko/ Firefox/3.6.1
4	1	1	0	0	29603689	0	0	29603689	0	0	62744	Mozilla/5.0 (X11; Linux x86_64) AppleWebKit/537.36 (KHTML, like Gecko) HeadlessChrome/136.0.0.0 Safari/537.36
4	2	2	0	0	29627272	0	0	29627272	0	0	52061	AnyConnect Darwin_i386 3.1.05160
4	1	1	0	5	29546577	0	29546578	29546577	0	29546577	62744	Mozilla/5.0 (Windows NT 10.0; Win64; x64) AppleWebKit/537.36 (KHTML, like Gecko) Chrome/91.0.4472.77 Safari/537.36
4	1	1	0	0	29568310	0	0	29568310	0	0	13479	Mozilla/5.0 (Linux; Android 6.0.1; Nexus 5X Build/MMB29P) AppleWebKit/537.36 (KHTML, like Gecko) Chrome/145.0.7632.159 Mobile Safari/537.36 (compatible; Googlebot/2.1; +http://www.google.com/bot.html)
4	0	0	0	2	0	0	29590470	0	0	29590469	0	Mozilla/5.0 (iPhone; CPU iPhone OS 17_7 like Mac OS X) AppleWebKit/605.1.15 (KHTML, like Gecko) CriOS/134.0.6998.99 Mobile/15E148 Safari/604.1
4	3	2	0	10	29620467	0	29620467	29546840	0	29546840	157463	Mozilla/5.0 (X11; Linux x86_64) AppleWebKit/537.36 (KHTML, like Gecko) Chrome/134.0.0.0 Safari/537.3
4	1	1	0	0	29560380	0	0	29560380	0	0	62744	Mozilla/5.0 (X11; Linux x86_64; rv:144.0) Gecko/20100101 Firefox/144.0
4	0	0	0	1	0	0	29628044	0	0	29628044	0	Mozilla/5.0 (Windows NT 10.0; Win64; x64; WebView/3.0) AppleWebKit/537.36 (KHTML, like Gecko) Chrome/64.0.3282.140 Safari/537.36 Edge/18.17763
4	0	0	0	1	0	0	29628043	0	0	29628043	0	Mozilla/5.0 (Macintosh; Intel Mac OS X 13_6) AppleWebKit/605.1.15 (KHTML, like Gecko) Version/18.5 Safari/604.1
4	0	0	0	1	0	0	29564672	0	0	29564672	0	Mozilla/5.0 (X11; Ubuntu; Linux x86_64; rv:109.0) Gecko/20100101 Firefox/109.0
4	0	0	0	1	0	0	29548842	0	0	29548842	0	Mozilla/5.0 (X11; Ubuntu; Linux x86_64; rv:109.0) Gecko/20100101 Firefox/110.0
4	0	0	0	2	0	0	29570423	0	0	29547382	0	Mozilla/5.0 (Macintosh; Intel Mac OS X 10_15_7) AppleWebKit/537.36 (KHTML, like Gecko) Chrome/138.0.0.0 Safari/537.36
4	0	0	0	1	0	0	29555894	0	0	29555894	0	Mozilla/5.0 (Windows NT 10.0; WOW64) AppleWebKit/537.36 (KHTML, like Gecko) Chrome/50.0.2661.75 Safari/537.36
4	8	8	0	3	29632468	0	29590470	29590469	0	29590469	480586	Mozilla/5.0 (Windows NT 10.0; Win64; x64) AppleWebKit/537.36 (KHTML, like Gecko) Chrome/134.0.0.0 Safari/537.36
4	0	0	0	1	0	0	29616675	0	0	29616675	0	Mozilla/5.0 (Windows NT 10.0; Win64; x64) AppleWebKit/537.36 Chrome/127.0 Safari/537.36
4	0	0	0	1	0	0	29595064	0	0	29595064	0	Mozilla/5.0 (Linux; U; Android 4.0.3; de-ch; HTC Sensation Build/IML74K) AppleWebKit/534.30 (KHTML, like Gecko) Version/4.0 Mobile Safari/534.30
4	1	1	0	0	29632014	0	0	29632014	0	0	52061	Mozilla/5.0 (X11; Linux x86_64) AppleWebKit/537.36 (KHTML, like Gecko) Chrome/126.0.0.0 Safari/537.36
4	0	0	0	3	0	0	29619061	0	0	29614846	0	https://calvarylegal.com/wordpress/wp-admin/install.php?step=1
4	2	2	0	0	29590125	0	0	29590125	0	0	0	Mozilla/5.0 (Windows NT 10.0; Win64; x64) AppleWebKit/537.36 (KHTML, like Gecko) Chrome/58.0.3029.110 Safari/537.3
4	1	1	0	0	29570207	0	0	29570207	0	0	62744	Mozilla/5.0 (Windows NT 5.1) AppleWebKit/537.36 (KHTML, like Gecko) MxBrowser/4.5.10.7000 Chrome/30.0.1551.0 Safari/537.36
4	2	2	0	0	29570419	0	0	29570411	0	0	125488	Mozilla/5.0 (Macintosh; Intel Mac OS X 10_15_7) AppleWebKit/605.1.15 (KHTML, like Gecko) Version/26.0 Safari/605.1.15
4	1	1	0	0	29574386	0	0	29574386	0	0	62744	Mozilla/5.0 (Windows NT 10.0; Win64; x64; rv:64.0) Gecko/20100101 Firefox/64.0
4	0	0	0	4	0	0	29632229	0	0	29609112	0	Mozilla/5.0 (Macintosh; Intel Mac OS X 10_8_3 rv:3.0; eu-FR) AppleWebKit/533.4.2 (KHTML, like Gecko) Version/5.0.1 Safari/533.4.2
4	1	0	0	0	29546835	0	0	29546835	0	0	36	Apache-HttpClient/4.5.14 (Java/21.0.10)
4	0	0	0	40	0	0	29632537	0	0	29553867	0	Mozilla/5.0 (Windows NT 10.0; Win64; x64) AppleWebKit/537.36 (KHTML, like Gecko) Chrome/70.0.3538.77 Safari/537.36
4	2	2	0	1	29611596	0	29611596	29611596	0	29611596	26958	Mozilla/5.0 (Windows NT 10.0; Win64; x64) AppleWebKit/537.36 (KHTML, like Gecko) Chrome/123.0.0.0 Safari/537.36 Edg/123.0.0.0
4	4	4	0	0	29586401	0	0	29576310	0	0	250976	Mozilla/5.0 (Macintosh; Intel Mac OS X 10_15_7) AppleWebKit/605.1.15 (KHTML, like Gecko) Version/17.1 Safari/605.1.15
4	1	1	0	0	29559917	0	0	29559917	0	0	62744	Mozilla/5.0 (Macintosh; Intel Mac OS X 10_9_5) AppleWebKit/537.36 (KHTML, like Gecko) Chrome/67.0.3393.4 Safari/537.36
4	0	0	0	1	0	0	29603177	0	0	29603177	0	Mozilla/5.0 (X11; U; Linux i686; en-US; rv:1.9.1.16) Gecko/20120421 Gecko Firefox/11.0
4	2	2	0	3	29591916	0	29591914	29591790	0	29591790	26958	Mozilla/5.0 AppleWebKit/537.36 (KHTML, like Gecko; compatible; ClaudeBot/1.0; +claudebot@anthropic.com)
4	1	1	0	0	29624726	0	0	29624726	0	0	10293	Mozilla/5.0 (iPhone; CPU iPhone OS 18_7_8 like Mac OS X) AppleWebKit/605.1.15 (KHTML, like Gecko) CriOS/147.0.7727.99 Mobile/15E148 Safari/604.1
4	0	0	0	1	0	0	29577324	0	0	29577324	0	Mozilla/5.0 (Windows NT 6.3; arm64) AppleWebKit/537.36 (KHTML, like Gecko) Firefox/74.0.0.0 Safari/537.36
4	0	0	0	4	0	0	29583632	0	0	29583632	0	Mozilla/5.0 (Windows NT 6.1; WOW64; rv:43.0) Gecko/20100101 Firefox/43.0
4	2	2	0	4	29624414	0	29624414	29624413	0	29596006	104122	Mozilla/5.0 (Linux; U; Android 4.4.2; en-US; HM NOTE 1W Build/KOT49H) AppleWebKit/534.30 (KHTML, like Gecko) Version/4.0 UCBrowser/11.0.5.850 U3/0.8.0 Mobile Safari/534.30
4	0	0	0	66	0	0	29631621	0	0	29545431	0	Mozilla/5.0 (Macintosh; Intel Mac OS X 10_15_7) AppleWebKit/537.36 (KHTML, like Gecko) Chrome/131.0.0.0 Safari/537.36; compatible; OAI-SearchBot/1.3; robots.txt; +https://openai.com/searchbot
4	2	2	0	1	29581677	0	29581677	29581677	0	29581677	125488	Mozilla/5.0 (Windows NT 10.0; Win64; x64) AppleWebKit/537.36 (KHTML, like Gecko) Chrome/91.0.4472.124 Safari/537.36
4	1	1	0	0	29589760	0	0	29589760	0	0	62744	Mozilla/4.0 (compatible; MSIE 7.0; Windows Phone OS 7.0; Trident/3.1; IEMobile/7.0)
4	0	0	0	6	0	0	29626058	0	0	29565595	0	PAN GlobalProtect
4	0	0	0	1	0	0	29548838	0	0	29548838	0	Mozilla/5.0 (Windows NT 10.0; rv:108.0) Gecko/20100101 Firefox/108.0
4	1	1	0	0	29550260	0	0	29550260	0	0	62744	Mozilla/5.0 (compatible; OpsBlu/1.0)
4	1	1	0	0	29594473	0	0	29594473	0	0	62744	Mozilla/5.0 (ZZ; Linux x86_64) AppleWebKit/537.36 (KHTML, like Gecko) Chrome/132.0.0.0 Safari/537.36
4	3	3	0	3	29623646	0	29623647	29612944	0	29612945	166866	Mozilla/5.0 (Windows NT 10.0; Win64; x64) AppleWebKit/537.36 (KHTML, like Gecko) Chrome/133.0.0.0 Safari/537.36
4	2	2	0	4	29554802	0	29559854	29554697	0	29554697	26958	Mozilla/5.0 (iPhone; CPU iPhone OS 18_6_2 like Mac OS X) AppleWebKit/605.1.15 (KHTML, like Gecko) CriOS/145.0.7632.108 Mobile/15E148 Safari/604.1
4	0	0	0	1	0	0	29609225	0	0	29609225	0	Mozilla/5.0 (Windows NT 6.1) AppleWebKit/537.36 (KHTML, like Gecko) Chrome/70.0.3538.110 Safari/537.36
4	1	1	0	0	29630592	0	0	29630592	0	0	52061	Mozilla/5.0 (Macintosh; Intel Mac OS X 10_14_5) AppleWebKit/537.36 (KHTML, like Gecko) Chrome/74.0.3729.131 Safari/537.36
4	1	1	0	0	29614955	0	0	29614955	0	0	13479	Mozilla/5.0 (iPhone; CPU iPhone OS 17_5 like Mac OS X) AppleWebKit/605.1.15 (KHTML, like Gecko) Version/26.0 Mobile/15E148 Safari/604.1
4	0	0	0	1	0	0	29573381	0	0	29573381	0	Mozilla/5.0 (iPhone; CPU iPhone OS 12_2 like Mac OS X) AppleWebKit/605.1.15 (KHTML, like Gecko) CriOS/75.0.3770.103 Mobile/15E148 Safari/605.1
4	6	6	0	0	29548835	0	0	29545419	0	0	80874	Mozilla/5.0 (X11; Linux x86_64) AppleWebKit/537.36 (KHTML, like Gecko) Chrome/125.0.0.0 Safari/537.36
4	0	0	0	7	0	0	29560264	0	0	29560264	0	Mozilla/5.0 (BugBountyRecon/8.0)
4	0	0	0	1	0	0	29549973	0	0	29549973	0	Mozilla/5.0 (X11; CrOS i686 2268.111.0) AppleWebKit/536.11 (KHTML, like Gecko) Chrome/20.0.1132.57 Safari/536.11
4	1	1	0	0	29546598	0	0	29546598	0	0	62744	HTC-ST7377/1.59.502.3 (67150) Opera/9.50 (Windows NT 5.1; U; en) UP.Link/6.3.1.17.0
4	1	1	0	0	29556681	0	0	29556681	0	0	62744	Mozilla/5.0 (Linux; Android 7.1.2; Nexus 6P Build/N2G48C) AppleWebKit/537.36 (KHTML, like Gecko) Chrome/60.0.3112.107 Mobile Safari/537.36
4	0	0	0	1	0	0	29598889	0	0	29598889	0	Mozilla/5.0 (Linux; Android 10; x64) AppleWebKit/537.36 (KHTML, like Gecko) Edge/86.0.0.0 Safari/537.36
4	6	6	0	0	29623919	0	0	29609906	0	0	333732	Mozilla/5.0 (Windows NT 10.0; Win64; x64) AppleWebKit/537.36 (KHTML,like Gecko) Chrome/95.0.4638.69 Safari/537.36
4	1	1	0	0	29623164	0	0	29623164	0	0	52061	Mozilla/5.0 (Macintosh; Intel Mac OS X 10_15_7) AppleWebKit/605.1.15 (KHTML, like Gecko) Version/17.3.1 Safari/605.1.1
4	1	1	0	0	29602988	0	0	29602988	0	0	13479	WhatsApp/2
4	2	2	0	0	29613288	0	0	29570085	0	0	0	node
4	1	1	0	1	29555742	0	29555742	29555742	0	29555742	62744	Mozilla/5.0 (Windows NT 6.1; WOW64) AppleWebKit/537.36 (KHTML, like Gecko) Chrome/85.0.4183.102 YaBrowser/20.9.2.101 Yowser/2.5 Safari/537.36
4	3	3	0	0	29593094	0	0	29555441	0	0	40437	Mozilla/5.0 AppleWebKit/537.36 (KHTML, like Gecko); compatible; ChatGPT-User/1.0; +https://openai.com/bot
4	0	0	0	5	0	0	29626500	0	0	29550393	0	Mozilla/5.0 (X11; Linux x86_64) AppleWebKit/537.36 (KHTML, like Gecko) Chrome/81.0.4044.129 Safari/537.36
4	1	1	0	5	29554823	0	29627730	29554823	0	29554823	13479	Mozilla/5.0 (X11; Linux x86_64) AppleWebKit/537.36 (KHTML, like Gecko) Chrome/124.0.0.0 Safari/537.36
4	1	1	0	0	29627281	0	0	29627281	0	0	52061	Mozilla/5.0 (Windows NT 10.0; Win64; x64; WOW64; rv:41.0) Gecko/20100101 Firefox/140.0 (x64 de)
4	0	0	0	1	0	0	29563385	0	0	29563385	0	Mozilla/5.0 (Macintosh; Intel Mac OS X 10_11) AppleWebKit/601.1.56 (KHTML, like Gecko) Version/9.0 Safari/601.1.56
4	1	1	0	0	29612800	0	0	29612800	0	0	62744	Mozilla/5.0 (Linux; Android 7.1.1; CPH1729) AppleWebKit/537.36 (KHTML, like Gecko) Chrome/97.0.4692.98 Mobile Safari/537.36
4	1	1	0	0	29614955	0	0	29614955	0	0	13479	Mozilla/5.0 (Linux; Android 8.0; Pixel 2 Build/OPD3.170816.012) AppleWebKit/537.36 (KHTML, like Gecko) Chrome/46.0.9344.1363 Mobile Safari/537.36
4	2	2	0	0	29603445	0	0	29603436	0	0	125488	Mozilla/5.0 (Windows NT 10.0; WOW64) AppleWebKit/537.36 (KHTML, like Gecko) Chrome/94.0.4606.71 Safari/537.36 SE 2.X MetaSr 1.0
4	1	1	0	0	29630565	0	0	29630565	0	0	52061	Mozilla/5.0 (Macintosh, Intel Mac OS X 10_15_7) AppleWebKit/605.1.15 (KHTML, like Gecko) Version/19.0 Safari/605.1.15
4	7	7	0	0	29626658	0	0	29545840	0	0	87981	Mozilla/5.0 (Linux; Android 6.0.1; Nexus 5X Build/MMB29P) AppleWebKit/537.36 (KHTML, like Gecko) Chrome/99.0.4844.84 Mobile Safari/537.36 (compatible; Googlebot/2.1; +http://www.google.com/bot.html)
4	1	1	0	0	29607108	0	0	29607108	0	0	62744	Mozilla/5.0 (SS; Linux i686; rv:124.0) Gecko/20100101 Firefox/124.0
4	0	0	0	3	0	0	29627214	0	0	29627214	0	NetworkingExtension/8621.8.1.10.1 CFNetwork/3826.600.41.2.1 Darwin/24.6.0
4	1	1	0	0	29595815	0	0	29595815	0	0	62744	Mozilla/5.0 (Macintosh; Intel Mac OS X 9_1_2) AppleWebKit/600.42 (KHTML, like Gecko) Chrome/68.0.1639 Safari/537.36
4	1	1	0	0	29603430	0	0	29603430	0	0	62744	Mozilla/5.0 (compatible; servicefilter/1.0; +https://cursor.local)
4	0	0	0	1	0	0	29564517	0	0	29564517	0	Mozilla/5.0 (Macintosh; Intel Mac OS X 10_15_7) AppleWebKit/537.36 (KHTML, like Gecko) Chrome/123.0.6312.0 Safari/537.36
4	0	0	0	1	0	0	29575585	0	0	29575585	0	Mozilla/5.0 (Windows NT 6.2; x86) AppleWebKit/537.36 (KHTML, like Gecko) Firefox/82.0.0.0 Safari/537.36
4	3	3	0	5	29623685	0	29623685	29546075	0	29615065	177549	Mozilla/5.0 (Macintosh; Intel Mac OS X 10_15_7) AppleWebKit/537.36 (KHTML, like Gecko) Chrome/120.0.0.0 Safari/537.36 Edg/120.0.0.0
4	0	0	0	22	0	0	29632142	0	0	29557594	0	facebookexternalhit/1.1 (+http://www.facebook.com/externalhit_uatext.php)
4	1	1	0	5	29545460	0	29545460	29545460	0	29545460	62744	Mozilla/5.0 (Windows NT 6.1) AppleWebKit/537.36 (KHTML, like Gecko) Chrome/88.0.4324.182 YaBrowser/21.2.4.172 Yowser/2.5 Safari/537.36
4	0	0	0	1	0	0	29621000	0	0	29621000	0	Mozilla/5.0 (Windows NT 10.0; rv:128.0) Gecko/20100101 Firefox/128.0
4	0	0	0	5	0	0	29628919	0	0	29628919	0	Brightbot 1.0
4	0	0	0	1	0	0	29579026	0	0	29579026	0	Mozilla/5.0 (Windows NT 6.3; arm64) AppleWebKit/537.36 (KHTML, like Gecko) Firefox/72.0.0.0 Safari/537.36
4	0	0	0	1	0	0	29590469	0	0	29590469	0	Mozilla/5.0 (Linux; Android 14; SM-F9560 Build/UP1A.231005.007; wv) AppleWebKit/537.36 (KHTML, like Gecko) Version/4.0 Chrome/127.0.6533.103 Mobile Safari/537.36
4	0	0	0	1	0	0	29590470	0	0	29590470	0	Mozilla/5.0 (Linux; Android 10; K) AppleWebKit/537.36 (KHTML, like Gecko) Chrome/134.0.6998.135 Mobile Safari/537.36
4	0	0	0	1	0	0	29557996	0	0	29557996	0	Mozilla/5.0 (ZZ; Linux x86_64) AppleWebKit/537.36 (KHTML, like Gecko) Chrome/129.0.0.0 Safari/537.36
4	63	63	0	9	29633035	0	29625215	29545420	0	29572794	3696480	Mozilla/5.0 (Windows NT 10.0; Win64; x64) AppleWebKit/537.36 (KHTML, like Gecko) Chrome/131.0.0.0 Safari/537.36
4	6	6	0	12	29611821	0	29611821	29547065	0	29547065	376464	okhttp/5.3.0
4	0	0	0	1	0	0	29618889	0	0	29618889	0	Client/70065 CFNetwork/3860.400.51 Darwin/25.3.0
4	13	10	0	17	29630503	0	29630504	29615046	0	29615046	516735	Mozilla/5.0 (Windows NT 10.0; Win64; x64) AppleWebKit/537.36 (KHTML, like Gecko) Chrome/147.0.0.0 Safari/537.36 Edg/147.0.0.0
4	3	3	0	0	29616691	0	0	29548326	0	0	89702	Mozilla/5.0 AppleWebKit/537.36 (KHTML, like Gecko; compatible; bingbot/2.0; +http://www.bing.com/bingbot.htm) Chrome/136.0.0.0 Safari/537.36
4	1	1	0	0	29589717	0	0	29589717	0	0	62744	Mozilla/5.0 (Windows; U; Windows NT 5.2; en-US) AppleWebKit/537.36 (KHTML, like Gecko) Chrome/57.0.2987.108 Safari/537.36 UCBrowser/12.13.0.1207
4	1	1	0	5	29549911	0	29549911	29549911	0	29549911	62744	Mozilla/5.0 (Windows NT 6.1; Win64; x64; rv:88.0) Gecko/20100101 Firefox/88.0
4	0	0	0	2	0	0	29567694	0	0	29560344	0	Mozilla/5.0 (Windows NT 10.0; Win64; x64; rv:109.0) Gecko/20100101 Firefox/111.0
4	0	0	0	1	0	0	29557670	0	0	29557670	0	Mozilla/5.0 (Windows NT 6.2; x86) AppleWebKit/537.36 (KHTML, like Gecko) Chrome/91.0.0.0 Safari/537.36
4	2	1	0	1	29619408	0	29619408	29619408	0	29619408	143984	Mozilla/5.0 (iPhone; CPU iPhone OS 18_7 like Mac OS X) AppleWebKit/605.1.15 (KHTML, like Gecko) Version/26.4 Mobile/15E148 Safari/604.1
4	1	1	0	0	29581438	0	0	29581438	0	0	62744	Mozilla/5.0 (Linux; U; Android 8.0.0; zh-CN; VKY-AL00 Build/HUAWEIVKY-AL00) AppleWebKit/537.36 (KHTML, like Gecko) Version/4.0 Chrome/57.0.2987.108 UCBrowser/12.1.1.991 Mobile Safari/537.36
4	0	0	0	1	0	0	29581445	0	0	29581445	0	Mozilla/5.064213590 Mozilla/5.0 (Windows NT 6.1) AppleWebKit/537.36 (KHTML, like Gecko) Chrome/68.0.3440.106 Safari/537.36
4	2	2	0	11	29625812	0	29630735	29610605	0	29549637	114805	Mozilla/5.0 (Windows NT 10.0; Win64; x64) AppleWebKit/537.36 (KHTML, like Gecko) Chrome/102.0.5005.63 Safari/537.36
4	2	2	0	8	29627342	0	29627342	29560355	0	29560355	114805	Mozilla/5.0 (Windows NT 10.0; WOW64) AppleWebKit/537.36 (KHTML, like Gecko) Chrome/90.0.4430.216 YaBrowser/21.5.4.610 Yowser/2.5 Safari/537.36
4	0	0	0	1	0	0	29564677	0	0	29564677	0	Mozilla/5.0 (Windows NT 10.0; Win64; x64) AppleWebKit/537.36 (KHTML, like Gecko) Chrome/108.0.0.0 YaBrowser/23.1.2.987 Yowser/2.5 Safari/537.36
4	0	0	0	1	0	0	29586467	0	0	29586467	0	Mozilla/5.0 (Macintosh; Intel Mac OS X 10_15_7; x86) AppleWebKit/537.36 (KHTML, like Gecko) Safari/11.0.0.0 Safari/537.36
4	1	1	0	4	29597892	0	29597892	29597892	0	29597892	0	Mozilla/5.0(WindowsNT10.0;Win64;x64)AppleWebKit/537.36(KHTML,likeGecko)Chrome/86.0.4240.111Safari/537.36
4	0	0	0	1	0	0	29574914	0	0	29574914	0	Mozilla/5.0 (Windows NT 6.3; x86) AppleWebKit/537.36 (KHTML, like Gecko) Safari/14.0.0.0 Safari/537.36
4	1	1	0	0	29547086	0	0	29547086	0	0	62744	Mozilla/5.0 (X11; Linux x86_64)AppleWebKit/537.36 (KHTML, like Gecko) Chrome/64.0.3282.39 Safari/537.36
4	1	1	0	3	29594906	0	29594906	29594906	0	29594906	13479	Mozilla/5.0 (Windows NT 10.0; Win64; x64) AppleWebKit/537.36 (KHTML, like Gecko; compatible; BuiltWith/1.4; rb.gy/xprgqj) Chrome/124.0.0.0 Safari/537.36
4	0	0	0	1	0	0	29572829	0	0	29572829	0	Mozilla/5.0 (Windows NT 6.3; x64) AppleWebKit/537.36 (KHTML, like Gecko) Edge/87.0.0.0 Safari/537.36
4	2	2	0	2	29611776	0	29611776	29563069	0	29611776	125488	Mozilla/5.0 (Macintosh; Intel Mac OS X 10_15_7) AppleWebKit/537.36 (KHTML, like Gecko) Chrome/134.0.0.0 Safari/537.36
5	0	0	0	1	0	0	29613795	0	0	29613795	0	69.63.184.7
5	0	0	0	1	0	0	29591173	0	0	29591173	0	173.212.205.111
5	0	0	0	15	0	0	29613844	0	0	29583109	0	58.229.188.59
5	2	2	0	0	29590587	0	0	29583384	0	0	26958	74.7.243.247
5	0	0	0	1	0	0	29558929	0	0	29558929	0	69.63.184.2
5	1	1	0	0	29620648	0	0	29620648	0	0	52061	5.78.185.47
5	1	1	0	0	29547217	0	0	29547217	0	0	62744	172.201.114.206
5	0	0	0	1	0	0	29585039	0	0	29585039	0	114.220.75.156
5	1	1	0	0	29597109	0	0	29597109	0	0	13479	74.7.243.241
5	0	0	0	1	0	0	29620555	0	0	29620555	0	176.65.149.227
5	1	1	0	2	29626078	0	29626078	29626078	0	29626078	52061	66.132.224.94
5	1	1	0	1	29596040	0	29596040	29596040	0	29596040	62744	184.32.183.242
5	1	1	0	2	29593376	0	29593377	29593376	0	29593377	62744	66.132.224.93
5	0	0	0	1	0	0	29610133	0	0	29610133	0	69.63.184.17
5	2	2	0	5	29603711	0	29603712	29597337	0	29589206	125488	66.132.224.91
5	1	1	0	2	29580338	0	29580338	29580338	0	29580338	62744	66.132.224.88
5	0	0	0	1	0	0	29617524	0	0	29617524	0	69.63.184.14
5	2	2	0	3	29619074	0	29619075	29617449	0	29617449	114805	66.132.224.87
5	1	1	0	0	29626547	0	0	29626547	0	0	10293	34.96.45.90
5	7	7	0	0	29632528	0	0	29562890	0	0	396476	34.162.230.222
5	0	0	0	1	0	0	29545921	0	0	29545921	0	100.24.34.255
5	2	2	0	5	29609349	0	29609350	29573205	0	29573205	125488	66.132.224.79
5	0	0	0	1	0	0	29610922	0	0	29610922	0	47.250.50.249
5	1	1	0	1	29617732	0	29617732	29617732	0	29617732	52061	5.133.192.167
5	1	1	0	0	29567618	0	0	29567618	0	0	62744	35.203.211.120
5	1	1	0	0	29564190	0	0	29564190	0	0	13479	107.172.160.97
5	2	2	0	0	29577234	0	0	29572504	0	0	26958	74.7.243.213
5	1	1	0	0	29610721	0	0	29610721	0	0	62744	3.80.189.93
5	0	0	0	1	0	0	29572829	0	0	29572829	0	185.39.0.67
5	1	1	0	0	29565538	0	0	29565538	0	0	13479	35.162.36.141
5	2	2	0	0	29576007	0	0	29576007	0	0	26958	182.71.94.6
5	1	1	0	0	29602985	0	0	29602985	0	0	13479	166.88.56.237
5	1	1	0	0	29555252	0	0	29555252	0	0	62744	13.220.133.136
5	0	0	0	1	0	0	29581445	0	0	29581445	0	47.237.126.44
5	1	1	0	1	29572854	0	29572854	29572854	0	29572854	62744	162.243.214.250
5	1	1	0	0	29627736	0	0	29627736	0	0	52061	34.72.174.153
5	1	1	0	1	29573331	0	29573331	29573331	0	29573331	62744	5.133.192.138
5	1	1	0	0	29590490	0	0	29590490	0	0	62744	107.174.151.27
5	0	0	0	1	0	0	29550844	0	0	29550844	0	3.15.5.230
5	2	2	0	2	29630043	0	29630043	29557319	0	29557319	114805	5.133.192.135
5	0	0	0	1	0	0	29603525	0	0	29603525	0	3.84.29.230
5	0	0	0	1	0	0	29560393	0	0	29560393	0	51.195.244.81
5	0	0	0	2	0	0	29613440	0	0	29613440	0	152.53.22.210
5	2	2	0	0	29591873	0	0	29568896	0	0	125488	87.251.64.73
5	1	1	0	1	29571840	0	29567518	29571840	0	29567518	62744	3.90.5.174
5	0	0	0	1	0	0	29554311	0	0	29554311	0	45.186.180.12
5	2	2	0	0	29545420	0	0	29545420	0	0	125488	195.221.56.3
5	3	3	0	0	29575395	0	0	29575371	0	0	188232	136.119.73.10
5	2	2	0	0	29607344	0	0	29596248	0	0	125488	54.202.205.201
5	1	1	0	0	29571088	0	0	29571088	0	0	62744	191.96.103.138
5	1	1	0	0	29606086	0	0	29606086	0	0	62744	165.232.73.237
5	1	1	0	0	29580013	0	0	29580013	0	0	62744	104.243.251.179
5	1	1	0	0	29626119	0	0	29626119	0	0	52061	35.173.48.25
5	1	1	0	0	29563107	0	0	29563107	0	0	13479	106.49.48.99
5	1	1	0	0	29603327	0	0	29603327	0	0	62744	92.113.149.155
5	0	0	0	1	0	0	29591932	0	0	29591932	0	103.40.61.98
5	2	1	0	1	29627730	0	29627730	29627730	0	29627730	143984	98.85.38.213
5	0	0	0	1	0	0	29568355	0	0	29568355	0	180.194.203.219
5	1	1	0	0	29628257	0	0	29628257	0	0	52061	46.224.208.228
5	0	0	0	1	0	0	29548608	0	0	29548608	0	51.161.37.197
5	1	1	0	0	29548794	0	0	29548794	0	0	62744	3.80.139.44
5	0	0	0	1	0	0	29613296	0	0	29613296	0	159.65.55.136
5	1	1	0	0	29547476	0	0	29547476	0	0	62744	157.230.100.17
5	0	0	0	2	0	0	29556940	0	0	29556940	0	168.110.193.229
5	1	1	0	0	29566227	0	0	29566227	0	0	62744	91.99.188.231
5	1	1	0	2	29611616	0	29611617	29611616	0	29611616	62744	66.132.195.90
5	1	1	0	0	29616690	0	0	29616690	0	0	0	157.55.39.59
5	1	1	0	0	29545503	0	0	29545503	0	0	13479	157.55.39.58
5	1	1	0	2	29629427	0	29629428	29629427	0	29629427	52061	66.132.195.86
5	2	2	0	0	29627111	0	0	29627111	0	0	104122	5.181.86.188
5	0	0	0	1	0	0	29573199	0	0	29573199	0	20.221.72.24
5	1	1	0	0	29590416	0	0	29590416	0	0	62744	213.55.85.179
5	0	0	0	4	0	0	29606995	0	0	29587457	0	66.132.195.83
5	1	1	0	0	29593271	0	0	29593271	0	0	62744	147.235.192.189
5	0	0	0	1	0	0	29605696	0	0	29605696	0	66.132.195.79
5	2	1	0	1	29620395	0	29620395	29620395	0	29620395	0	209.245.15.183
5	0	0	0	12	0	0	29613584	0	0	29545596	0	104.23.221.207
5	0	0	0	1	0	0	29570947	0	0	29570947	0	66.132.172.219
5	0	0	0	1	0	0	29605696	0	0	29605696	0	66.132.195.78
5	0	0	0	10	0	0	29612812	0	0	29549998	0	104.23.221.206
5	0	0	0	1	0	0	29599235	0	0	29599235	0	201.87.252.84
5	0	0	0	1	0	0	29605696	0	0	29605696	0	66.132.172.216
5	1	1	0	2	29602234	0	29602235	29602234	0	29602234	62744	66.132.172.215
5	0	0	0	4	0	0	29601634	0	0	29587760	0	66.132.195.73
5	0	0	0	1	0	0	29622245	0	0	29622245	0	66.132.172.208
5	1	1	0	1	29579274	0	29579275	29579274	0	29579275	62744	66.132.195.67
5	1	1	0	1	29606549	0	29606549	29606549	0	29606549	62744	66.132.172.198
5	1	1	0	0	29624824	0	0	29624824	0	0	52061	64.227.180.142
5	0	0	0	1	0	0	29588588	0	0	29588588	0	66.132.195.66
5	1	1	0	1	29602103	0	29602103	29602103	0	29602103	62744	66.132.172.196
5	1	1	0	0	29591371	0	0	29591371	0	0	62744	44.220.188.52
5	1	1	0	2	29632021	0	29632022	29632021	0	29632021	52061	66.132.172.195
5	1	1	0	2	29583300	0	29583301	29583300	0	29583300	62744	66.132.195.64
5	1	1	0	1	29578336	0	29578336	29578336	0	29578336	62744	207.180.208.204
5	1	1	0	1	29583367	0	29583367	29583367	0	29583367	62744	66.132.195.62
5	0	0	0	1	0	0	29565594	0	0	29565594	0	167.71.154.54
5	0	0	0	1	0	0	29597192	0	0	29597192	0	20.29.24.158
5	1	1	0	2	29567693	0	29567694	29567693	0	29567693	62744	66.132.172.192
5	0	0	0	1	0	0	29589206	0	0	29589206	0	66.132.195.60
5	0	0	0	1	0	0	29588169	0	0	29588169	0	66.132.172.189
5	0	0	0	1	0	0	29560907	0	0	29560907	0	96.125.136.166
5	0	0	0	1	0	0	29588700	0	0	29588700	0	66.132.195.57
5	2	2	0	3	29595825	0	29595825	29594037	0	29594037	125488	66.132.172.187
5	2	2	0	1	29573547	0	29562267	29546872	0	29562267	125488	148.223.224.70
5	0	0	0	5	0	0	29572504	0	0	29564277	0	74.7.244.55
5	0	0	0	2	0	0	29622245	0	0	29588169	0	66.132.195.50
5	1	1	0	0	29631859	0	0	29631859	0	0	52061	135.119.96.127
5	0	0	0	1	0	0	29589206	0	0	29589206	0	66.132.172.179
5	1	1	0	1	29581437	0	29581437	29581437	0	29581437	62744	66.132.195.48
5	4	4	0	21	29600497	0	29615915	29546271	0	29546271	250976	164.52.0.92
5	3	3	0	4	29562586	0	29562586	29562586	0	29562586	188232	138.68.79.28
5	2	1	0	1	29627398	0	29627398	29627398	0	29627398	143984	74.179.68.27
5	2	2	0	3	29617557	0	29617558	29605888	0	29605888	114805	66.132.195.39
5	1	1	0	0	29546007	0	0	29546007	0	0	62744	123.245.85.176
5	0	0	0	1	0	0	29557594	0	0	29557594	0	69.171.231.112
5	0	0	0	2	0	0	29593922	0	0	29572794	0	192.241.148.170
5	1	1	0	2	29590628	0	29590628	29590628	0	29590628	62744	66.132.195.34
5	1	1	0	2	29623018	0	29623018	29623018	0	29623018	52061	66.132.195.32
5	1	1	0	0	29559754	0	0	29559754	0	0	62744	93.159.230.85
5	0	0	0	1	0	0	29612813	0	0	29612813	0	172.71.148.15
5	0	0	0	1	0	0	29568968	0	0	29568968	0	3.81.224.7
5	1	1	0	0	29607350	0	0	29607350	0	0	62744	34.105.37.64
5	1	1	0	0	29572705	0	0	29572705	0	0	62744	44.220.188.10
5	0	0	0	1	0	0	29588169	0	0	29588169	0	185.226.196.15
5	1	1	0	0	29627147	0	0	29627147	0	0	52061	54.144.222.67
5	0	0	0	1	0	0	29577403	0	0	29577403	0	185.226.196.14
5	1	1	0	3	29577403	0	29588169	29577403	0	29577403	62744	185.226.196.12
5	1	1	0	0	29623186	0	0	29623186	0	0	52061	181.237.22.178
5	1	1	0	0	29556140	0	0	29556140	0	0	62744	172.237.108.226
5	1	1	0	2	29556179	0	29556179	29556179	0	29556179	62744	134.122.95.3
5	0	0	0	6	0	0	29623431	0	0	29596200	0	40.68.190.20
5	8	5	0	7	29630504	0	29630504	29618930	0	29618930	311734	213.55.229.108
5	0	0	0	4	0	0	29583105	0	0	29583100	0	47.243.91.232
5	0	0	0	1	0	0	29583428	0	0	29583428	0	59.52.103.165
5	1	1	0	1	29628884	0	29628884	29628884	0	29628884	52061	66.132.172.143
5	1	1	0	4	29599268	0	29599268	29599268	0	29587457	62744	66.132.172.142
5	2	2	0	4	29591728	0	29591728	29567691	0	29567692	125488	66.132.172.139
5	0	0	0	1	0	0	29628919	0	0	29628919	0	155.138.239.191
5	0	0	0	1	0	0	29588588	0	0	29588588	0	66.132.172.137
5	0	0	0	1	0	0	29563867	0	0	29563867	0	74.7.244.12
5	0	0	0	1	0	0	29587457	0	0	29587457	0	66.132.172.136
5	0	0	0	1	0	0	29605696	0	0	29605696	0	66.132.172.134
5	0	0	0	13	0	0	29555915	0	0	29545695	0	176.65.134.20
5	0	0	0	1	0	0	29622245	0	0	29622245	0	66.132.172.133
5	1	1	0	1	29606188	0	29603984	29606188	0	29603984	62744	20.28.203.126
5	1	1	0	2	29600765	0	29600765	29600765	0	29600765	62744	66.132.172.131
5	0	0	0	1	0	0	29628919	0	0	29628919	0	76.36.198.152
5	1	1	0	0	29619106	0	0	29619106	0	0	52061	66.132.172.128
5	0	0	0	1	0	0	29626105	0	0	29626105	0	64.225.113.138
5	1	1	0	1	29564382	0	29564382	29564382	0	29564382	13479	31.222.254.115
5	1	1	0	0	29629046	0	0	29629046	0	0	52061	177.66.247.44
5	13	13	0	0	29548835	0	0	29545419	0	0	520082	152.53.195.17
5	1	1	0	0	29559921	0	0	29559921	0	0	62744	185.182.185.16
5	0	0	0	2	0	0	29607181	0	0	29607093	0	178.104.124.96
5	3	3	0	0	29618805	0	0	29618805	0	0	156183	13.200.11.117
5	0	0	0	1	0	0	29564782	0	0	29564782	0	20.15.224.135
5	0	0	0	1	0	0	29565305	0	0	29565305	0	159.65.38.146
5	0	0	0	1	0	0	29556179	0	0	29556179	0	167.172.71.25
5	0	0	0	1	0	0	29605696	0	0	29605696	0	66.132.172.106
5	1	1	0	0	29617764	0	0	29617764	0	0	52061	49.51.243.95
5	0	0	0	2	0	0	29565594	0	0	29565594	0	137.184.156.213
5	0	0	0	1	0	0	29552604	0	0	29552604	0	87.236.176.9
5	1	1	0	1	29571038	0	29571038	29571038	0	29571038	62744	66.132.172.104
5	1	1	0	1	29586168	0	29586167	29586168	0	29586167	13479	76.146.190.33
5	0	0	0	13	0	0	29632227	0	0	29553994	0	79.135.106.35
5	0	0	0	16	0	0	29627748	0	0	29548732	0	79.135.106.34
5	0	0	0	1	0	0	29622686	0	0	29622686	0	66.132.172.102
5	1	1	0	1	29552983	0	29552983	29552983	0	29552983	62744	64.226.86.84
5	0	0	0	7	0	0	29621042	0	0	29558715	0	79.135.106.33
5	1	1	0	0	29591877	0	0	29591877	0	0	62744	66.132.172.100
5	0	0	0	15	0	0	29632227	0	0	29545557	0	79.135.106.32
5	2	2	0	0	29579278	0	0	29564180	0	0	0	152.163.187.73
5	1	1	0	0	29612156	0	0	29612156	0	0	62744	23.94.141.174
5	0	0	0	1	0	0	29620984	0	0	29620984	0	35.203.210.65
5	0	0	0	1	0	0	29613605	0	0	29613605	0	52.90.148.15
5	1	1	0	0	29618072	0	0	29618072	0	0	52061	71.6.237.88
5	1	1	0	0	29565593	0	0	29565593	0	0	62744	104.237.139.163
5	6	6	0	18	29554722	0	29554722	29554722	0	29554722	376464	47.89.154.16
5	1	1	0	0	29626573	0	0	29626573	0	0	52061	64.62.156.150
5	1	1	0	0	29616642	0	0	29616642	0	0	62744	35.203.210.56
5	2	2	0	0	29624656	0	0	29624656	0	0	0	34.231.68.152
5	0	0	0	1	0	0	29626578	0	0	29626578	0	64.62.156.147
5	0	0	0	1	0	0	29577324	0	0	29577324	0	92.184.146.5
5	0	0	0	1	0	0	29599203	0	0	29599203	0	13.220.49.234
5	1	1	0	2	29626563	0	29626599	29626563	0	29626593	52061	64.62.156.142
5	0	0	0	1	0	0	29581416	0	0	29581416	0	221.13.86.59
5	1	1	0	0	29602967	0	0	29602967	0	0	13479	154.7.224.205
5	2	2	0	0	29613544	0	0	29612990	0	0	125488	103.244.148.247
5	1	1	0	0	29586401	0	0	29586401	0	0	62744	64.62.156.136
5	1	1	0	0	29599223	0	0	29599223	0	0	62744	35.203.210.42
5	0	0	0	1	0	0	29586406	0	0	29586406	0	64.62.156.134
5	1	1	0	0	29553841	0	0	29553841	0	0	62744	3.86.247.53
5	0	0	0	2	0	0	29585983	0	0	29585922	0	93.123.109.117
5	1	1	0	2	29586392	0	29586422	29586392	0	29586418	62744	64.62.156.132
5	0	0	0	1	0	0	29607834	0	0	29607834	0	209.99.185.224
5	0	0	0	1	0	0	29548823	0	0	29548823	0	64.62.156.128
5	1	1	0	0	29627705	0	0	29627705	0	0	52061	85.208.96.210
5	0	0	0	1	0	0	29627996	0	0	29627996	0	85.208.96.198
5	1	1	0	0	29552930	0	0	29552930	0	0	62744	85.208.96.207
5	1	1	0	0	29548820	0	0	29548820	0	0	62744	64.62.156.126
5	0	0	0	1	0	0	29623497	0	0	29623497	0	85.208.96.206
5	0	0	0	1	0	0	29623497	0	0	29623497	0	85.208.96.195
5	0	0	0	1	0	0	29552931	0	0	29552931	0	85.208.96.205
5	1	1	0	2	29548811	0	29548842	29548811	0	29548838	62744	64.62.156.122
5	1	1	0	0	29627996	0	0	29627996	0	0	52061	85.208.96.203
5	0	0	0	1	0	0	29631417	0	0	29631417	0	85.208.96.202
5	1	1	0	0	29593010	0	0	29593010	0	0	62744	52.165.82.22
5	0	0	0	1	0	0	29552930	0	0	29552930	0	85.208.96.201
5	0	0	0	4	0	0	29618813	0	0	29610848	0	45.142.193.200
5	0	0	0	1	0	0	29618521	0	0	29618521	0	43.157.180.116
5	2	2	0	0	29609878	0	0	29607442	0	0	125488	34.41.192.221
5	1	1	0	0	29612268	0	0	29612268	0	0	62744	20.168.121.187
5	1	1	0	0	29600238	0	0	29600238	0	0	62744	34.142.166.153
5	1	1	0	3	29594906	0	29594906	29594906	0	29594906	13479	35.207.52.32
5	1	1	0	0	29571610	0	0	29571610	0	0	62744	35.203.210.14
5	0	0	0	1	0	0	29613752	0	0	29613752	0	193.233.138.218
5	2	2	0	6	29577165	0	29577165	29577165	0	29577165	125488	152.32.211.153
5	1	1	0	0	29578609	0	0	29578609	0	0	62744	64.227.146.243
5	1	1	0	0	29591786	0	0	29591786	0	0	62744	43.160.245.112
5	1	1	0	0	29547432	0	0	29547432	0	0	62744	47.93.219.142
5	0	0	0	1	0	0	29579635	0	0	29579635	0	119.200.13.201
5	0	0	0	1	0	0	29555596	0	0	29555596	0	104.28.163.17
5	0	0	0	2	0	0	29626048	0	0	29623917	0	20.65.193.203
5	3	3	0	1	29583452	0	29581444	29581441	0	29581444	188232	121.29.51.28
5	1	1	0	0	29630216	0	0	29630216	0	0	52061	20.119.72.191
5	3	3	0	2	29625215	0	29625215	29625215	0	29625215	156183	45.82.13.42
5	1	1	0	0	29600245	0	0	29600245	0	0	62744	20.120.217.175
5	1	1	0	0	29568400	0	0	29568400	0	0	62744	45.156.128.201
5	2	2	0	1	29552741	0	29552729	29552729	0	29552729	26958	50.185.134.113
5	1	1	0	1	29592881	0	29592881	29592881	0	29592881	62744	64.23.227.86
5	0	0	0	14	0	0	29631691	0	0	29546509	0	185.189.182.234
5	0	0	0	1	0	0	29548798	0	0	29548798	0	3.84.150.121
5	2	2	0	8	29617149	0	29617149	29617143	0	29617143	125488	45.156.128.171
5	1	1	0	11	29617142	0	29617149	29617142	0	29617143	62744	45.156.128.169
5	1	1	0	12	29617146	0	29617148	29617146	0	29617143	62744	45.156.128.170
5	1	1	0	15	29617145	0	29617149	29617145	0	29617143	62744	45.156.128.168
5	1	1	0	0	29562318	0	0	29562318	0	0	62744	34.135.221.10
5	0	0	0	1	0	0	29554686	0	0	29554686	0	8.209.246.104
5	1	1	0	0	29606633	0	0	29606633	0	0	62744	20.64.105.133
5	0	0	0	1	0	0	29555994	0	0	29555994	0	3.90.108.111
5	8	8	0	23	29630521	0	29630517	29569960	0	29561686	480586	3.132.26.232
5	0	0	0	1	0	0	29547096	0	0	29547096	0	20.64.105.127
5	1	1	0	0	29563879	0	0	29563879	0	0	62744	149.57.180.169
5	0	0	0	3	0	0	29622245	0	0	29622245	0	88.210.63.79
5	0	0	0	4	0	0	29613396	0	0	29611930	0	88.210.63.78
5	1	1	0	1	29581941	0	29581945	29581941	0	29581945	62744	65.49.1.234
5	1	1	0	3	29575307	0	29575307	29575307	0	29575307	62744	88.210.63.77
5	1	1	0	1	29566326	0	29566326	29566326	0	29566326	62744	157.230.210.218
5	1	1	0	2	29581932	0	29581965	29581932	0	29581960	62744	65.49.1.232
5	0	0	0	1	0	0	29550169	0	0	29550169	0	20.65.193.130
5	1	1	0	0	29603689	0	0	29603689	0	0	62744	44.197.109.186
5	2	2	0	0	29611830	0	0	29575914	0	0	125488	63.177.183.229
5	1	1	0	0	29572486	0	0	29572486	0	0	62744	172.236.228.86
5	1	1	0	0	29566549	0	0	29566549	0	0	62744	20.65.193.121
5	0	0	0	2	0	0	29605886	0	0	29597744	0	172.70.248.123
5	1	1	0	1	29589801	0	29626835	29589801	0	29626835	62744	45.156.128.131
5	0	0	0	1	0	0	29577672	0	0	29577672	0	172.70.248.122
5	0	0	0	1	0	0	29559834	0	0	29559834	0	45.156.128.130
5	1	1	0	0	29627364	0	0	29627364	0	0	52061	45.156.128.129
5	1	1	0	0	29573069	0	0	29573069	0	0	62744	34.79.180.31
5	1	1	0	0	29610605	0	0	29610605	0	0	62744	172.86.110.162
5	1	1	0	0	29602130	0	0	29602130	0	0	62744	54.80.192.213
5	1	1	0	0	29627509	0	0	29627509	0	0	52061	45.156.128.127
5	1	1	0	0	29600806	0	0	29600806	0	0	62744	137.184.134.216
5	3	3	0	1	29622881	0	29576203	29557108	0	29576203	177549	45.156.128.126
5	0	0	0	2	0	0	29624335	0	0	29623067	0	162.33.178.180
5	0	0	0	1	0	0	29600503	0	0	29600503	0	197.254.237.210
5	1	1	0	0	29579706	0	0	29579706	0	0	62744	152.7.176.94
5	0	0	0	1	0	0	29583615	0	0	29583615	0	94.231.206.8
5	0	0	0	1	0	0	29567707	0	0	29567707	0	13.89.125.22
5	1	1	0	0	29558967	0	0	29558967	0	0	62744	219.94.254.41
5	0	0	0	1	0	0	29593895	0	0	29593895	0	167.86.91.102
5	0	0	0	20	0	0	29611487	0	0	29557210	0	5.101.64.6
5	1	1	0	0	29556809	0	0	29556809	0	0	62744	94.231.206.1
5	1	1	0	0	29563205	0	0	29563205	0	0	62744	100.31.213.204
5	1	1	0	0	29597449	0	0	29597449	0	0	62744	139.180.187.8
5	1	1	0	0	29577823	0	0	29577823	0	0	13479	192.46.184.73
5	1	1	0	0	29559055	0	0	29559055	0	0	62744	118.212.120.200
5	1	1	0	0	29623186	0	0	29623186	0	0	52061	190.240.65.148
5	1	1	0	2	29549744	0	29549744	29549744	0	29549744	62744	162.142.125.44
5	0	0	0	1	0	0	29564658	0	0	29564658	0	65.49.1.166
5	7	7	0	17	29631862	0	29631858	29568568	0	29551828	417842	16.58.56.214
5	1	1	0	0	29564652	0	0	29564652	0	0	62744	65.49.1.164
5	0	0	0	1	0	0	29551856	0	0	29551856	0	162.142.125.40
5	0	0	0	1	0	0	29628919	0	0	29628919	0	97.205.83.10
5	1	1	0	2	29564643	0	29564677	29564643	0	29564672	62744	65.49.1.162
5	1	1	0	0	29602929	0	0	29602929	0	0	62744	202.58.242.243
5	1	1	0	0	29627745	0	0	29627745	0	0	52061	43.165.7.132
5	0	0	0	1	0	0	29547042	0	0	29547042	0	54.37.118.92
5	0	0	0	1	0	0	29551363	0	0	29551363	0	162.142.125.35
5	0	0	0	2	0	0	29554866	0	0	29552604	0	162.142.125.34
5	0	0	0	1	0	0	29612397	0	0	29612397	0	20.118.233.189
5	1	1	0	0	29556179	0	0	29556179	0	0	62744	159.89.103.19
5	1	1	0	1	29553132	0	29553135	29553132	0	29553135	62744	65.49.1.156
5	1	1	0	0	29619053	0	0	29619053	0	0	10293	54.37.118.85
5	1	1	0	0	29576352	0	0	29576352	0	0	62744	172.239.105.38
5	1	1	0	2	29553123	0	29553154	29553123	0	29553149	62744	65.49.1.152
5	0	0	0	1	0	0	29558147	0	0	29558147	0	8.208.121.207
5	1	1	0	0	29597628	0	0	29597628	0	0	62744	43.160.217.168
5	0	0	0	1	0	0	29626054	0	0	29626054	0	66.175.223.123
5	0	0	0	7	0	0	29619618	0	0	29592500	0	178.214.77.72
5	1	1	0	2	29599252	0	29599252	29599252	0	29599252	62744	101.36.97.205
5	1	1	0	0	29609287	0	0	29609287	0	0	62744	54.144.23.127
5	0	0	0	1	0	0	29576321	0	0	29576321	0	65.49.1.139
5	0	0	0	1	0	0	29609490	0	0	29609490	0	5.189.184.133
5	1	1	0	0	29586340	0	0	29586340	0	0	62744	94.247.172.129
5	0	0	0	1	0	0	29562768	0	0	29562768	0	54.37.118.64
5	2	2	0	2	29576317	0	29576337	29576310	0	29576332	125488	65.49.1.132
5	0	0	0	1	0	0	29625821	0	0	29625821	0	45.155.54.249
5	0	0	0	2	0	0	29568003	0	0	29559617	0	143.198.64.52
5	0	0	0	1	0	0	29628919	0	0	29628919	0	185.131.220.74
5	2	2	0	0	29627296	0	0	29575985	0	0	114805	34.53.175.198
5	1	1	0	1	29628919	0	29628919	29628919	0	29628919	10293	73.65.118.151
5	1	1	0	1	29632047	0	29632047	29632047	0	29632047	52061	146.190.127.2
5	1	1	0	0	29546006	0	0	29546006	0	0	62744	221.207.34.221
5	0	0	0	2	0	0	29593444	0	0	29593443	0	98.84.153.117
5	1	1	0	0	29627714	0	0	29627714	0	0	52061	43.157.38.228
5	0	0	0	1	0	0	29564479	0	0	29564479	0	4.237.244.80
5	0	0	0	2	0	0	29605819	0	0	29605819	0	220.167.179.76
5	0	0	0	1	0	0	29550238	0	0	29550238	0	204.236.215.24
5	1	1	0	0	29613567	0	0	29613567	0	0	62744	146.148.5.239
5	2	2	0	0	29607499	0	0	29607499	0	0	26958	164.92.70.40
5	0	0	0	1	0	0	29549071	0	0	29549071	0	136.158.101.252
5	0	0	0	6	0	0	29626731	0	0	29602285	0	45.205.1.29
5	1	1	0	2	29603753	0	29603753	29603753	0	29603753	13479	44.247.149.100
5	1	1	0	0	29629458	0	0	29629458	0	0	52061	85.198.68.138
5	2	2	0	1	29595956	0	29595956	29595956	0	29595956	26958	184.155.27.194
5	0	0	0	1	0	0	29620799	0	0	29620799	0	18.212.65.237
5	0	0	0	1	0	0	29552847	0	0	29552847	0	104.28.156.99
5	2	2	0	10	29590469	0	29590470	29590469	0	29590469	125488	45.205.1.20
5	0	0	0	1	0	0	29547597	0	0	29547597	0	167.172.64.18
5	1	1	0	0	29612936	0	0	29612936	0	0	62744	103.62.236.93
5	0	0	0	1	0	0	29550237	0	0	29550237	0	3.94.186.199
5	1	1	0	0	29607501	0	0	29607501	0	0	62744	44.248.242.147
5	0	0	0	1	0	0	29631254	0	0	29631254	0	134.122.41.49
5	0	0	0	1	0	0	29619061	0	0	29619061	0	172.71.184.107
5	1	1	0	1	29571337	0	29571337	29571337	0	29571337	13479	176.32.193.16
5	0	0	0	1	0	0	29619057	0	0	29619057	0	172.71.184.106
5	1	1	0	0	29615231	0	0	29615231	0	0	62744	204.168.145.158
5	2	2	0	0	29547503	0	0	29547503	0	0	125488	63.182.99.238
5	1	1	0	1	29549831	0	29549831	29549831	0	29549831	62744	68.183.86.108
5	1	1	0	0	29592088	0	0	29592088	0	0	62744	34.62.248.29
5	0	0	0	1	0	0	29628919	0	0	29628919	0	110.238.215.97
5	1	1	0	0	29627281	0	0	29627281	0	0	52061	194.163.142.35
5	0	0	0	3	0	0	29601954	0	0	29601953	0	84.201.14.163
5	1	1	0	0	29609480	0	0	29609480	0	0	62744	104.28.156.59
5	0	0	0	2	0	0	29556106	0	0	29556106	0	91.92.243.226
5	0	0	0	1	0	0	29563206	0	0	29563206	0	52.90.1.24
5	0	0	0	3	0	0	29610426	0	0	29610426	0	216.152.152.32
5	2	2	0	6	29556737	0	29556737	29556737	0	29556736	125488	106.75.13.182
5	2	2	0	7	29547968	0	29547968	29547968	0	29547968	125488	216.180.246.195
5	0	0	0	1	0	0	29628919	0	0	29628919	0	76.100.94.188
5	1	1	0	0	29617618	0	0	29617618	0	0	52061	43.157.38.131
5	1	1	0	1	29559849	0	29559849	29559849	0	29559849	62744	216.180.246.202
5	0	0	0	3	0	0	29571539	0	0	29553864	0	177.190.67.44
5	0	0	0	1	0	0	29593314	0	0	29593314	0	93.185.7.129
5	5	5	0	557	29563143	0	29563143	29563053	0	29563142	313720	35.180.138.172
5	1	1	0	2	29573152	0	29574274	29573152	0	29574273	62744	164.92.117.229
5	0	0	0	9	0	0	29601187	0	0	29601187	0	207.154.253.86
5	0	0	0	10	0	0	29624777	0	0	29556852	0	185.70.43.205
5	0	0	0	4	0	0	29568621	0	0	29555587	0	185.70.43.204
5	0	0	0	11	0	0	29631791	0	0	29557117	0	185.70.43.203
5	0	0	0	12	0	0	29624777	0	0	29556852	0	185.70.43.202
5	1	1	0	9	29548508	0	29548508	29548508	0	29548508	62744	178.22.106.230
5	1	1	0	0	29616748	0	0	29616748	0	0	62744	172.239.117.52
5	2	2	0	5	29600748	0	29600748	29600744	0	29600747	125488	172.234.218.10
5	2	2	0	0	29607350	0	0	29554318	0	0	125488	35.208.38.153
5	0	0	0	1	0	0	29616450	0	0	29616450	0	199.45.154.152
5	1	1	0	1	29613139	0	29613139	29613139	0	29613139	62744	134.209.72.207
5	2	1	0	1	29630179	0	29630179	29630179	0	29630179	143984	96.255.171.88
5	0	0	0	1	0	0	29571999	0	0	29571999	0	183.134.88.251
5	1	1	0	0	29572770	0	0	29572770	0	0	62744	216.180.246.155
5	2	2	0	0	29609505	0	0	29555783	0	0	125488	92.118.39.46
5	1	1	0	5	29620504	0	29620504	29620504	0	29589206	52061	199.45.154.137
5	2	2	0	6	29566082	0	29566082	29566082	0	29566082	125488	45.142.154.114
5	1	1	0	2	29577783	0	29577783	29577783	0	29577783	62744	199.45.154.131
5	0	0	0	8	0	0	29629561	0	0	29565487	0	185.70.41.35
5	1	1	0	2	29581823	0	29581824	29581823	0	29581823	62744	199.45.154.128
5	0	0	0	9	0	0	29626248	0	0	29553811	0	185.70.41.34
5	0	0	0	1	0	0	29570398	0	0	29570398	0	54.163.9.203
5	0	0	0	12	0	0	29626095	0	0	29562495	0	185.70.41.33
5	0	0	0	8	0	0	29618982	0	0	29574072	0	185.70.41.32
5	1	1	0	1	29592917	0	29592917	29592917	0	29592917	13479	73.128.114.36
5	1	1	0	2	29555207	0	29555207	29555207	0	29555207	62744	199.45.154.123
5	0	0	0	1	0	0	29559058	0	0	29559058	0	101.249.60.119
5	0	0	0	1	0	0	29612376	0	0	29612376	0	8.216.43.98
5	1	1	0	0	29599305	0	0	29599305	0	0	62744	43.155.188.157
5	0	0	0	7	0	0	29559951	0	0	29545782	0	5.61.209.96
5	0	0	0	1	0	0	29628919	0	0	29628919	0	165.245.142.213
5	1	1	0	0	29598867	0	0	29598867	0	0	62744	37.72.140.3
5	1	1	0	1	29564316	0	29564316	29564316	0	29564316	62744	107.170.79.64
5	1	1	0	0	29575360	0	0	29575360	0	0	62744	45.33.80.243
5	1	1	0	0	29626788	0	0	29626788	0	0	52061	4.172.49.103
5	0	0	0	1	0	0	29610729	0	0	29610729	0	54.147.211.165
5	1	1	0	0	29568690	0	0	29568690	0	0	62744	47.109.204.89
5	1	1	0	0	29546912	0	0	29546912	0	0	62744	216.180.246.111
5	1	1	0	0	29563107	0	0	29563107	0	0	13479	106.49.62.146
5	1	1	0	0	29564036	0	0	29564036	0	0	13479	176.31.139.7
5	0	0	0	1	0	0	29591437	0	0	29591437	0	103.149.93.160
5	1	1	0	4	29603268	0	29603268	29603268	0	29603268	62744	96.41.38.202
5	0	0	0	1	0	0	29622906	0	0	29622906	0	20.163.8.222
5	1	1	0	0	29565433	0	0	29565433	0	0	13479	176.31.139.3
5	3	3	0	2	29599321	0	29615915	29562329	0	29552603	188232	213.32.122.82
5	1	1	0	0	29631599	0	0	29631599	0	0	52061	144.126.132.98
5	0	0	0	73	0	0	29620839	0	0	29584549	0	27.102.76.8
5	2	2	0	0	29625098	0	0	29625098	0	0	20586	175.178.23.83
5	2	2	0	0	29628257	0	0	29572733	0	0	114805	5.189.156.109
5	0	0	0	1	0	0	29610343	0	0	29610343	0	172.69.151.5
5	24	24	0	0	29633035	0	0	29609820	0	0	1345611	45.148.10.67
5	0	0	0	2	0	0	29610242	0	0	29582839	0	185.216.140.186
5	1	1	0	0	29591663	0	0	29591663	0	0	62744	173.212.231.122
5	0	0	0	1	0	0	29564824	0	0	29564824	0	34.13.9.194
5	0	0	0	1	0	0	29583451	0	0	29583451	0	182.242.169.132
5	3	2	0	5	29620467	0	29620467	29620467	0	29620467	196045	62.210.198.191
5	0	0	0	1	0	0	29592741	0	0	29592741	0	172.245.92.196
5	1	1	0	0	29565636	0	0	29565636	0	0	62744	192.175.111.246
5	2	2	0	4	29557351	0	29557351	29557351	0	29557351	26958	57.155.170.206
5	2	2	0	0	29610484	0	0	29610484	0	0	125488	108.217.84.133
5	0	0	0	1	0	0	29562490	0	0	29562490	0	130.83.186.156
5	1	1	0	0	29575520	0	0	29575520	0	0	62744	34.234.132.228
5	1	1	0	0	29617544	0	0	29617544	0	0	52061	150.241.81.236
5	1	1	0	0	29632595	0	0	29632595	0	0	10293	45.33.86.83
5	0	0	0	1	0	0	29627698	0	0	29627698	0	43.156.228.27
5	1	1	0	0	29556681	0	0	29556681	0	0	62744	52.55.143.87
5	0	0	0	2	0	0	29582839	0	0	29582839	0	66.132.224.237
5	2	2	0	1	29572411	0	29572406	29572406	0	29572406	26958	136.60.79.75
5	1	1	0	0	29577109	0	0	29577109	0	0	62744	192.175.111.232
5	1	1	0	4	29590387	0	29590388	29590387	0	29572067	62744	66.132.224.231
5	1	1	0	1	29547192	0	29551373	29547192	0	29551373	62744	89.169.181.157
5	0	0	0	1	0	0	29630951	0	0	29630951	0	178.128.63.99
5	2	2	0	0	29597921	0	0	29575439	0	0	125488	45.79.181.179
5	1	1	0	0	29566063	0	0	29566063	0	0	62744	177.75.206.117
5	1	1	0	2	29615153	0	29615156	29615153	0	29615153	62744	66.132.224.224
5	0	0	0	1	0	0	29628919	0	0	29628919	0	172.1.122.199
5	0	0	0	1	0	0	29554120	0	0	29554120	0	37.242.65.197
5	0	0	0	3	0	0	29599046	0	0	29555354	0	142.93.146.198
5	1	1	0	0	29583394	0	0	29583394	0	0	62744	198.235.24.238
5	0	0	0	1	0	0	29606497	0	0	29606497	0	69.171.230.6
5	6	6	0	12	29565595	0	29565595	29565595	0	29565595	80874	45.33.86.40
5	1	1	0	5	29563989	0	29613173	29563989	0	29563989	62744	47.253.5.130
5	1	1	0	1	29545643	0	29545643	29545643	0	29545643	62744	133.242.174.119
5	0	0	0	2	0	0	29619304	0	0	29619195	0	27.54.120.8
5	1	1	0	0	29629358	0	0	29629358	0	0	52061	43.133.156.85
5	1	1	0	0	29557199	0	0	29557199	0	0	62744	198.235.24.220
5	1	1	0	0	29584805	0	0	29584805	0	0	62744	54.144.98.172
5	1	1	0	0	29554307	0	0	29554307	0	0	62744	220.197.78.22
5	1	1	0	1	29607714	0	29607714	29607714	0	29607714	62744	134.122.53.30
5	1	1	0	0	29545478	0	0	29545478	0	0	62744	206.188.196.165
5	1	1	0	3	29549561	0	29549561	29549561	0	29549561	62744	173.212.219.125
5	0	0	0	2	0	0	29595958	0	0	29592917	0	74.125.213.2
5	1	1	0	0	29559058	0	0	29559058	0	0	62744	120.211.145.101
5	1	1	0	3	29570600	0	29570600	29570600	0	29570600	62744	152.32.134.166
5	1	1	0	0	29549558	0	0	29549558	0	0	62744	54.37.51.108
5	0	0	0	1	0	0	29598707	0	0	29598707	0	74.125.213.1
5	0	0	0	5	0	0	29627422	0	0	29627422	0	34.165.224.66
5	0	0	0	1	0	0	29601795	0	0	29601795	0	104.36.84.108
5	2	2	0	0	29583510	0	0	29583445	0	0	125488	34.38.195.167
5	0	0	0	1	0	0	29568003	0	0	29568003	0	150.241.245.231
5	0	0	0	1	0	0	29559990	0	0	29559990	0	94.250.203.99
5	0	0	0	1	0	0	29587767	0	0	29587767	0	148.230.186.98
5	1	1	0	0	29581445	0	0	29581445	0	0	62744	220.167.233.62
5	1	1	0	0	29572437	0	0	29572437	0	0	62744	45.79.181.104
5	0	0	0	1	0	0	29600026	0	0	29600026	0	102.164.100.54
5	0	0	0	1	0	0	29560907	0	0	29560907	0	161.97.104.25
5	0	0	0	1	0	0	29626560	0	0	29626560	0	3.82.92.91
5	0	0	0	3	0	0	29626052	0	0	29626052	0	172.104.208.25
5	0	0	0	1	0	0	29611742	0	0	29611742	0	209.97.183.180
5	0	0	0	1	0	0	29628919	0	0	29628919	0	45.63.5.168
5	1	1	0	0	29611921	0	0	29611921	0	0	62744	103.27.178.180
5	0	0	0	4	0	0	29605696	0	0	29569908	0	95.214.55.244
5	1	1	0	0	29603430	0	0	29603430	0	0	62744	66.187.5.196
5	1	1	0	0	29563368	0	0	29563368	0	0	62744	47.254.242.200
5	2	2	0	1	29557324	0	29557324	29557324	0	29557324	26958	99.36.233.146
5	1	1	0	0	29603300	0	0	29603300	0	0	62744	91.231.89.99
5	1	1	0	0	29554351	0	0	29554351	0	0	62744	35.236.50.224
5	0	0	0	1	0	0	29594387	0	0	29594387	0	91.231.89.96
5	1	1	0	2	29562586	0	29562659	29562586	0	29562586	62744	167.71.46.204
5	0	0	0	1	0	0	29625242	0	0	29625242	0	74.235.100.195
5	0	0	0	1	0	0	29565434	0	0	29565434	0	65.38.100.68
5	2	2	0	3	29592913	0	29592915	29592913	0	29592913	26958	192.70.171.27
5	1	1	0	2	29629707	0	29629707	29629707	0	29629707	52061	118.193.43.158
5	1	1	0	1	29611420	0	29601634	29611420	0	29601634	62744	198.199.84.120
5	1	1	0	1	29622889	0	29622891	29622889	0	29622891	52061	71.6.134.235
5	0	0	0	2	0	0	29583579	0	0	29568668	0	192.3.101.25
5	1	1	0	0	29554696	0	0	29554696	0	0	62744	44.220.185.147
5	1	1	0	1	29612944	0	29612945	29612944	0	29612945	62744	71.6.134.233
5	0	0	0	1	0	0	29568579	0	0	29568579	0	91.231.89.84
5	1	1	0	0	29599042	0	0	29599042	0	0	13479	45.83.187.206
5	0	0	0	1	0	0	29613607	0	0	29613607	0	3.80.92.191
5	0	0	0	1	0	0	29623832	0	0	29623832	0	15.235.119.57
5	0	0	0	1	0	0	29555729	0	0	29555729	0	15.235.119.55
5	0	0	0	1	0	0	29606668	0	0	29606668	0	103.210.35.122
5	0	0	0	1	0	0	29564639	0	0	29564639	0	34.201.116.207
5	3	3	0	3	29550446	0	29550446	29550446	0	29550446	188232	84.239.45.134
5	1	1	0	1	29564468	0	29564468	29564468	0	29564468	13479	70.249.168.245
5	1	0	0	0	29619612	0	0	29619612	0	0	133691	54.39.210.250
5	1	1	0	0	29545431	0	0	29545431	0	0	13479	154.28.229.129
5	2	2	0	0	29612004	0	0	29612004	0	0	26958	212.56.45.12
5	1	1	0	0	29592166	0	0	29592166	0	0	62744	162.243.29.85
5	1	1	0	0	29573053	0	0	29573053	0	0	62744	198.235.24.115
5	1	1	0	0	29567680	0	0	29567680	0	0	62744	64.62.197.51
5	0	0	0	1	0	0	29567683	0	0	29567683	0	64.62.197.48
5	1	1	0	2	29567673	0	29567699	29567673	0	29567694	62744	64.62.197.47
5	0	0	0	6	0	0	29583038	0	0	29578140	0	91.202.233.8
5	1	1	0	4	29623685	0	29623685	29623685	0	29623685	52061	156.229.21.54
5	1	1	0	0	29554541	0	0	29554541	0	0	62744	83.228.220.90
5	1	1	0	0	29580499	0	0	29580499	0	0	62744	64.62.197.30
5	0	0	0	1	0	0	29575586	0	0	29575586	0	37.239.128.8
5	1	1	0	1	29570419	0	29570423	29570419	0	29570423	62744	64.62.197.26
5	0	0	0	1	0	0	29562599	0	0	29562599	0	68.183.230.173
5	1	1	0	0	29545449	0	0	29545449	0	0	62744	91.231.89.36
5	0	0	0	1	0	0	29605885	0	0	29605885	0	162.158.216.180
5	0	0	0	1	0	0	29580503	0	0	29580503	0	64.62.197.23
5	1	1	0	0	29545449	0	0	29545449	0	0	62744	91.231.89.32
5	2	2	0	4	29580491	0	29580522	29570411	0	29570436	125488	64.62.197.17
5	2	2	0	1	29591594	0	29583071	29583074	0	29583071	26958	66.249.78.10
5	0	0	0	1	0	0	29577536	0	0	29577536	0	212.227.150.65
5	0	0	0	1	0	0	29609041	0	0	29609041	0	91.231.89.25
5	2	2	0	3	29547370	0	29547387	29547362	0	29547373	125488	65.49.20.66
5	2	2	0	0	29628916	0	0	29628916	0	0	104122	136.115.113.148
5	0	0	0	1	0	0	29590559	0	0	29590559	0	100.53.194.34
5	1	1	0	1	29596146	0	29596146	29596146	0	29596146	62744	146.190.255.219
5	2	2	0	0	29594452	0	0	29594452	0	0	125488	18.117.75.231
5	0	0	0	1	0	0	29618907	0	0	29618907	0	91.231.89.11
5	1	1	0	1	29554663	0	29554663	29554663	0	29554663	62744	188.166.146.181
5	3	2	0	5	29627214	0	29627214	29627214	0	29627214	154277	184.83.239.48
5	0	0	0	1	0	0	29588700	0	0	29588700	0	91.231.89.10
5	5	5	0	2	29602992	0	29602991	29602961	0	29602961	67395	178.4.252.3
5	0	0	0	1	0	0	29626072	0	0	29626072	0	134.209.102.35
5	1	1	0	0	29623431	0	0	29623431	0	0	52061	54.218.86.163
5	0	0	0	7	0	0	29569410	0	0	29552603	0	34.158.79.105
5	6	6	0	14	29617658	0	29617655	29548265	0	29548260	365781	3.129.187.38
5	1	1	0	0	29623186	0	0	29623186	0	0	52061	104.232.216.219
5	0	0	0	1	0	0	29551373	0	0	29551373	0	52.58.20.11
5	1	1	0	0	29560393	0	0	29560393	0	0	13479	54.39.210.170
5	1	1	0	18	29623427	0	29625596	29623427	0	29586217	52061	80.94.95.40
5	0	0	0	1	0	0	29571777	0	0	29571777	0	54.39.0.239
5	0	0	0	1	0	0	29563242	0	0	29563242	0	191.109.98.73
5	1	1	0	0	29607605	0	0	29607605	0	0	62744	148.72.244.169
5	1	1	0	4	29632478	0	29632478	29632478	0	29632478	52061	147.182.132.207
5	1	1	0	0	29568611	0	0	29568611	0	0	0	152.163.186.190
5	1	1	0	0	29617690	0	0	29617690	0	0	52061	43.153.36.110
5	1	1	0	2	29627981	0	29627981	29627981	0	29627981	52061	66.132.186.198
5	0	0	0	1	0	0	29587457	0	0	29587457	0	66.132.186.196
5	1	1	0	2	29630942	0	29630943	29630942	0	29630942	52061	66.132.186.205
5	1	1	0	2	29597512	0	29597513	29597512	0	29597512	62744	66.132.186.204
5	1	1	0	3	29545545	0	29545545	29545545	0	29545545	62744	47.237.9.124
5	1	1	0	1	29616600	0	29616600	29616600	0	29616600	62744	66.132.186.193
5	16	16	0	4	29627273	0	29627272	29627268	0	29627271	260305	172.232.170.229
5	1	1	0	3	29599109	0	29605696	29599109	0	29599109	62744	66.132.186.192
5	0	0	0	1	0	0	29588588	0	0	29588588	0	66.132.186.201
5	0	0	0	2	0	0	29588169	0	0	29587457	0	66.132.186.200
5	1	1	0	0	29620950	0	0	29620950	0	0	52061	136.111.111.172
5	0	0	0	1	0	0	29605696	0	0	29605696	0	66.132.186.187
5	1	1	0	1	29630678	0	29630678	29630678	0	29630678	52061	66.132.186.186
5	0	0	0	3	0	0	29576376	0	0	29568940	0	172.69.50.153
5	0	0	0	1	0	0	29610903	0	0	29610903	0	172.69.50.152
5	0	0	0	2	0	0	29622686	0	0	29588169	0	66.132.186.184
5	1	1	0	0	29574269	0	0	29574269	0	0	13479	40.77.179.120
5	1	1	0	0	29568623	0	0	29568623	0	0	13479	107.172.160.235
5	1	1	0	2	29616656	0	29616657	29616656	0	29616656	62744	66.132.186.180
5	1	1	0	2	29585709	0	29585709	29585709	0	29585709	62744	66.132.186.179
5	0	0	0	1	0	0	29587457	0	0	29587457	0	66.132.186.178
5	0	0	0	1	0	0	29610327	0	0	29610327	0	119.28.140.106
5	0	0	0	2	0	0	29613647	0	0	29613646	0	66.132.186.176
5	0	0	0	1	0	0	29583320	0	0	29583320	0	1.234.19.107
5	1	1	0	0	29632985	0	0	29632985	0	0	52061	54.234.9.97
5	1	1	0	2	29574007	0	29574008	29574007	0	29574007	62744	66.132.186.172
5	2	2	0	1	29614955	0	29614955	29614955	0	29614955	26958	36.212.196.192
5	1	1	0	0	29631845	0	0	29631845	0	0	52061	45.88.104.74
5	1	1	0	3	29607426	0	29607428	29607426	0	29587457	62744	66.132.186.170
5	1	1	0	2	29610142	0	29610142	29610142	0	29610142	62744	66.132.186.169
5	1	1	0	2	29620559	0	29620561	29620559	0	29620560	52061	66.132.186.167
5	0	0	0	1	0	0	29557537	0	0	29557537	0	3.20.234.62
5	1	1	0	2	29627894	0	29627894	29627894	0	29622686	52061	66.132.186.164
5	2	2	0	0	29606550	0	0	29606550	0	0	26958	185.205.194.107
5	1	1	0	0	29548043	0	0	29548043	0	0	62744	54.81.83.5
5	1	1	0	2	29605920	0	29605921	29605920	0	29605920	62744	66.132.186.161
5	0	0	0	1	0	0	29593170	0	0	29593170	0	74.7.241.169
5	1	1	0	1	29596145	0	29596145	29596145	0	29596145	62744	66.132.186.160
5	1	1	0	0	29547985	0	0	29547985	0	0	13479	34.169.249.34
5	1	1	0	2	29595806	0	29595806	29595806	0	29595806	62744	165.154.41.205
5	1	1	0	42	29558391	0	29622686	29558391	0	29558394	62744	172.234.246.109
5	2	2	0	0	29630189	0	0	29630189	0	0	104122	47.84.138.105
5	2	2	0	7	29631991	0	29631991	29559101	0	29559101	114805	167.94.146.63
5	2	2	0	3	29617157	0	29617157	29590079	0	29590079	125488	167.94.146.59
5	3	3	0	5	29603689	0	29603689	29553194	0	29553194	188232	167.94.146.58
5	0	0	0	2	0	0	29576996	0	0	29565541	0	52.224.242.102
5	1	1	0	2	29574218	0	29574218	29574218	0	29574218	62744	167.94.146.56
5	1	1	0	2	29607864	0	29607864	29607864	0	29607864	62744	167.94.146.54
5	0	0	0	2	0	0	29558194	0	0	29557578	0	74.7.241.148
5	1	1	0	2	29594371	0	29594371	29594371	0	29594371	62744	167.94.146.53
5	1	1	0	0	29626354	0	0	29626354	0	0	10293	195.158.209.93
5	1	1	0	0	29555521	0	0	29555521	0	0	13479	54.39.0.151
5	1	1	0	2	29568656	0	29568659	29568656	0	29568656	62744	167.94.146.50
5	2	2	0	0	29568563	0	0	29567651	0	0	125488	34.10.160.156
5	1	1	0	5	29580600	0	29615915	29580600	0	29580600	62744	167.94.146.49
5	0	0	0	1	0	0	29581228	0	0	29581228	0	167.94.146.48
5	0	0	0	10	0	0	29631621	0	0	29617616	0	74.7.241.142
5	1	1	0	0	29585764	0	0	29585764	0	0	13479	107.172.160.175
5	1	1	0	0	29554775	0	0	29554775	0	0	62744	44.220.188.1
5	1	1	0	1	29547597	0	29547597	29547597	0	29547597	62744	139.59.142.93
5	2	2	0	0	29620808	0	0	29596322	0	0	114805	34.226.195.14
5	1	1	0	0	29592499	0	0	29592499	0	0	13479	74.125.216.134
5	0	0	0	6	0	0	29623853	0	0	29613409	0	93.123.118.209
5	0	0	0	4	0	0	29556652	0	0	29545574	0	187.110.175.205
5	0	0	0	1	0	0	29554579	0	0	29554579	0	176.11.0.122
5	2	2	0	2	29572640	0	29572702	29572640	0	29572640	26958	146.70.45.238
5	1	1	0	0	29595051	0	0	29595051	0	0	0	152.163.186.87
5	1	1	0	0	29575267	0	0	29575267	0	0	62744	74.50.84.83
5	0	0	0	1	0	0	29582092	0	0	29582092	0	20.51.245.30
5	1	1	0	0	29565586	0	0	29565586	0	0	13479	54.70.53.60
5	1	1	0	0	29556094	0	0	29556094	0	0	62744	66.228.53.204
5	0	0	0	1	0	0	29565305	0	0	29565305	0	45.82.78.102
5	2	2	0	0	29627031	0	0	29627031	0	0	20586	85.215.219.126
5	0	0	0	1	0	0	29592738	0	0	29592738	0	89.22.232.150
5	3	2	0	1	29619120	0	29619113	29619113	0	29619113	157457	73.229.108.71
5	1	1	0	0	29624331	0	0	29624331	0	0	52061	147.182.154.58
5	0	0	0	14	0	0	29630196	0	0	29552604	0	167.250.224.25
5	0	0	0	1	0	0	29596322	0	0	29596322	0	18.234.210.139
5	2	2	0	0	29600866	0	0	29591285	0	0	125488	163.172.190.155
5	0	0	0	1	0	0	29569852	0	0	29569852	0	122.172.82.125
5	0	0	0	1	0	0	29546011	0	0	29546011	0	20.168.15.107
5	1	1	0	0	29589760	0	0	29589760	0	0	62744	3.88.161.180
5	2	2	0	0	29580618	0	0	29569056	0	0	125488	66.228.53.174
5	1	1	0	0	29591967	0	0	29591967	0	0	62744	34.140.119.220
5	1	1	0	0	29571065	0	0	29571065	0	0	62744	158.94.209.190
5	1	1	0	0	29601828	0	0	29601828	0	0	62744	147.185.133.248
5	0	0	0	5	0	0	29630722	0	0	29591496	0	20.168.0.218
5	1	1	0	0	29586289	0	0	29586289	0	0	62744	155.133.26.61
5	0	0	0	2	0	0	29627050	0	0	29627015	0	203.242.185.32
5	0	0	0	2	0	0	29568225	0	0	29568225	0	114.25.96.48
5	2	2	0	0	29620678	0	0	29582036	0	0	114805	66.228.53.157
5	0	0	0	1	0	0	29556511	0	0	29556511	0	51.89.129.154
5	0	0	0	1	0	0	29583357	0	0	29583357	0	54.146.183.54
5	0	0	0	1	0	0	29562659	0	0	29562659	0	167.172.165.216
5	1	1	0	0	29580712	0	0	29580712	0	0	62744	66.228.53.136
5	2	2	0	1	29571555	0	29571555	29571555	0	29571555	26958	104.182.94.203
5	1	1	0	0	29583452	0	0	29583452	0	0	62744	171.36.7.161
5	1	1	0	1	29571009	0	29571009	29571009	0	29571009	62744	64.225.22.206
5	0	0	0	1	0	0	29607671	0	0	29607671	0	43.130.47.33
5	0	0	0	1	0	0	29599105	0	0	29599105	0	3.213.135.37
5	1	1	0	0	29569031	0	0	29569031	0	0	62744	147.185.133.209
5	0	0	0	2	0	0	29575177	0	0	29575177	0	47.87.34.234
5	1	1	0	0	29619114	0	0	29619114	0	0	52061	138.68.60.11
5	0	0	0	2	0	0	29556601	0	0	29547006	0	202.181.6.163
5	1	1	0	0	29626769	0	0	29626769	0	0	52061	172.237.117.141
5	0	0	0	1	0	0	29598696	0	0	29598696	0	47.84.116.149
5	2	2	0	0	29563165	0	0	29563135	0	0	125488	34.91.212.219
5	2	2	0	1	29555953	0	29555953	29555953	0	29555953	125488	66.228.42.204
5	1	1	0	0	29626678	0	0	29626678	0	0	52061	147.185.133.181
5	1	1	0	0	29574544	0	0	29574544	0	0	62744	142.93.54.235
5	0	0	0	1	0	0	29573128	0	0	29573128	0	82.24.200.48
5	0	0	0	1	0	0	29624186	0	0	29624186	0	168.144.44.67
5	2	2	0	0	29560053	0	0	29560053	0	0	125488	85.11.167.19
5	0	0	0	1	0	0	29582300	0	0	29582300	0	71.6.242.103
5	1	1	0	0	29547356	0	0	29547356	0	0	62744	44.211.153.197
5	0	0	0	1	0	0	29610738	0	0	29610738	0	147.185.133.157
5	1	1	0	0	29550240	0	0	29550240	0	0	62744	34.228.198.34
5	0	0	0	1	0	0	29556021	0	0	29556021	0	58.65.247.16
5	2	2	0	0	29582051	0	0	29582051	0	0	26958	20.193.146.159
5	0	0	0	1	0	0	29598949	0	0	29598949	0	49.43.163.2
5	1	1	0	0	29616691	0	0	29616691	0	0	62744	40.77.177.68
5	2	2	0	0	29606161	0	0	29606161	0	0	26958	47.236.233.159
5	4	4	0	0	29571584	0	0	29571584	0	0	250976	13.213.2.107
5	0	0	0	1	0	0	29571022	0	0	29571022	0	181.118.49.244
5	0	0	0	1	0	0	29565593	0	0	29565593	0	159.65.110.231
5	1	1	0	0	29592153	0	0	29592153	0	0	62744	147.185.133.144
5	1	1	0	0	29618904	0	0	29618904	0	0	52061	91.196.152.37
5	1	1	0	1	29558576	0	29558576	29558576	0	29558576	62744	192.241.130.232
5	1	1	0	0	29562476	0	0	29562476	0	0	0	34.94.22.122
5	2	2	0	2	29579947	0	29581233	29560284	0	29555181	125488	34.61.82.184
5	0	0	0	1	0	0	29563020	0	0	29563020	0	20.64.106.77
5	2	2	0	2	29545418	0	29545418	29545418	0	29545418	125488	52.123.190.124
5	1	1	0	0	29593180	0	0	29593180	0	0	62744	85.254.76.90
5	0	0	0	1	0	0	29564646	0	0	29564646	0	75.101.194.144
5	0	0	0	1	0	0	29552603	0	0	29552603	0	91.196.152.11
5	0	0	0	1	0	0	29613179	0	0	29613179	0	45.153.34.16
5	0	0	0	1	0	0	29605696	0	0	29605696	0	5.187.35.26
5	0	0	0	1	0	0	29628919	0	0	29628919	0	144.202.24.61
5	0	0	0	1	0	0	29626366	0	0	29626366	0	20.64.106.47
5	1	1	0	0	29566031	0	0	29566031	0	0	62744	142.111.232.122
5	1	1	0	3	29579078	0	29579078	29579078	0	29579078	62744	118.194.250.232
5	0	0	0	5	0	0	29616475	0	0	29577511	0	91.215.85.104
5	0	0	0	1	0	0	29628919	0	0	29628919	0	46.232.209.131
5	0	0	0	5	0	0	29585873	0	0	29585873	0	87.251.64.134
5	1	1	0	0	29547390	0	0	29547390	0	0	62744	67.205.135.55
5	0	0	0	3	0	0	29595836	0	0	29593499	0	178.16.55.226
5	0	0	0	1	0	0	29628500	0	0	29628500	0	34.39.83.247
5	2	2	0	0	29597517	0	0	29597517	0	0	125488	8.211.46.182
5	1	1	0	1	29623720	0	29623721	29623720	0	29623721	52061	123.160.223.75
5	2	2	0	1	29596034	0	29596035	29563368	0	29596035	125488	123.160.223.74
5	0	0	0	1	0	0	29607219	0	0	29607219	0	20.64.106.29
5	0	0	0	1	0	0	29563368	0	0	29563368	0	123.160.223.73
5	0	0	0	1	0	0	29561686	0	0	29561686	0	178.128.242.174
5	1	1	0	1	29594842	0	29594842	29594842	0	29594842	62744	147.182.228.164
5	1	1	0	0	29610316	0	0	29610316	0	0	62744	20.64.106.19
5	2	2	0	3	29594901	0	29594926	29594888	0	29594909	125488	74.82.47.5
5	0	0	0	1	0	0	29554086	0	0	29554086	0	20.64.106.18
5	0	0	0	1	0	0	29603998	0	0	29603998	0	173.242.60.101
5	0	0	0	1	0	0	29585038	0	0	29585038	0	217.76.52.66
5	0	0	0	2	0	0	29622686	0	0	29622686	0	142.93.202.30
5	2	2	0	3	29547066	0	29547066	29547065	0	29547065	76223	54.234.206.166
5	4	4	0	0	29580014	0	0	29572417	0	0	53916	102.69.167.14
5	0	0	0	1	0	0	29578975	0	0	29578975	0	173.252.95.9
5	1	1	0	0	29586249	0	0	29586249	0	0	62744	34.238.176.206
5	1	1	0	2	29558318	0	29558318	29558318	0	29558318	62744	66.132.153.139
5	0	0	0	1	0	0	29552603	0	0	29552603	0	66.132.153.140
5	0	0	0	1	0	0	29630981	0	0	29630981	0	173.252.95.6
5	1	1	0	6	29607431	0	29607424	29607431	0	29587457	62744	3.143.162.210
5	0	0	0	1	0	0	29632142	0	0	29632142	0	173.252.95.2
5	1	1	0	0	29627557	0	0	29627557	0	0	52061	34.58.148.235
5	0	0	0	1	0	0	29555176	0	0	29555176	0	66.132.153.128
5	0	0	0	1	0	0	29554866	0	0	29554866	0	66.132.153.125
5	1	1	0	2	29547362	0	29547362	29547362	0	29547362	62744	66.132.153.124
5	0	0	0	1	0	0	29551828	0	0	29551828	0	66.132.153.121
5	1	1	0	2	29562639	0	29562639	29562639	0	29561686	62744	66.132.153.120
5	0	0	0	1	0	0	29551828	0	0	29551828	0	66.132.153.117
5	1	1	0	3	29599253	0	29599254	29599253	0	29599254	62744	101.36.106.89
5	0	0	0	1	0	0	29568222	0	0	29568222	0	49.235.161.254
5	0	0	0	2	0	0	29561695	0	0	29560913	0	217.76.52.30
5	0	0	0	1	0	0	29551828	0	0	29551828	0	167.94.138.197
5	0	0	0	1	0	0	29562890	0	0	29562890	0	34.34.241.99
5	1	1	0	2	29553392	0	29553393	29553392	0	29553393	62744	167.94.138.195
5	1	1	0	1	29569902	0	29569902	29569902	0	29569902	62744	159.203.18.80
5	1	1	0	2	29548850	0	29548850	29548850	0	29548850	62744	167.94.138.204
5	1	1	0	0	29573108	0	0	29573108	0	0	62744	157.173.100.236
5	0	0	0	1	0	0	29600445	0	0	29600445	0	20.15.201.69
5	0	0	0	1	0	0	29577604	0	0	29577604	0	100.55.74.138
5	8	8	0	0	29625972	0	0	29548896	0	0	480586	103.203.59.1
5	0	0	0	1	0	0	29550844	0	0	29550844	0	211.180.253.250
5	1	1	0	0	29603069	0	0	29603069	0	0	62744	67.207.82.76
5	0	0	0	1	0	0	29553818	0	0	29553818	0	20.102.116.62
5	0	0	0	1	0	0	29632317	0	0	29632317	0	54.208.25.95
5	0	0	0	1	0	0	29551363	0	0	29551363	0	167.94.138.180
5	6	6	0	0	29631474	0	0	29618877	0	0	61758	47.251.42.6
5	1	1	0	0	29592732	0	0	29592732	0	0	62744	116.178.131.73
5	1	1	0	0	29549910	0	0	29549910	0	0	62744	167.86.124.164
5	0	0	0	1	0	0	29553852	0	0	29553852	0	86.54.25.131
5	1	1	0	0	29617697	0	0	29617697	0	0	52061	43.130.91.95
5	0	0	0	1	0	0	29552604	0	0	29552604	0	167.94.138.173
5	0	0	0	1	0	0	29558546	0	0	29558546	0	129.122.184.164
5	0	0	0	1	0	0	29627996	0	0	29627996	0	185.191.171.6
5	0	0	0	3	0	0	29619122	0	0	29592841	0	8.212.164.106
5	1	1	0	0	29631417	0	0	29631417	0	0	62818	185.191.171.5
5	0	0	0	4	0	0	29563386	0	0	29563385	0	38.110.228.58
5	0	0	0	1	0	0	29562586	0	0	29562586	0	46.101.97.117
5	0	0	0	1	0	0	29623557	0	0	29623557	0	194.187.179.84
5	1	1	0	0	29578820	0	0	29578820	0	0	13479	51.222.95.78
5	1	1	0	6	29602252	0	29602252	29602252	0	29602252	62744	142.93.8.30
5	0	0	0	1	0	0	29583455	0	0	29583455	0	194.187.179.78
5	1	1	0	0	29575267	0	0	29575267	0	0	62744	164.68.106.39
5	1	1	0	0	29578242	0	0	29578242	0	0	62744	184.72.215.23
5	1	1	0	0	29556559	0	0	29556559	0	0	62744	217.216.109.246
5	0	0	0	1	0	0	29577347	0	0	29577347	0	20.40.216.117
5	2	2	0	3	29626595	0	29626596	29626595	0	29626595	104122	160.119.76.52
5	2	2	0	3	29624874	0	29624874	29624873	0	29624874	104122	160.119.76.51
5	0	0	0	1	0	0	29623557	0	0	29623557	0	194.187.179.64
5	2	2	0	0	29615268	0	0	29546013	0	0	125488	172.104.11.34
5	1	1	0	1	29617308	0	29617308	29617308	0	29617308	62744	178.128.155.82
5	1	1	0	0	29554677	0	0	29554677	0	0	62744	194.187.179.62
5	0	0	0	1	0	0	29618902	0	0	29618902	0	34.34.241.45
5	2	2	0	3	29593084	0	29593084	29593056	0	29593084	125488	160.119.76.40
5	1	1	0	2	29602083	0	29615040	29602083	0	29594883	62744	3.86.93.123
5	1	1	0	0	29627776	0	0	29627776	0	0	52061	43.157.149.188
5	0	0	0	1	0	0	29574725	0	0	29574725	0	103.225.207.200
5	1	1	0	0	29626107	0	0	29626107	0	0	52061	13.220.25.232
5	0	0	0	1	0	0	29559674	0	0	29559674	0	195.154.82.146
5	0	0	0	1	0	0	29602659	0	0	29602659	0	113.87.225.105
5	0	0	0	1	0	0	29603266	0	0	29603266	0	34.19.3.142
5	0	0	0	1	0	0	29623191	0	0	29623191	0	34.34.241.31
5	0	0	0	1	0	0	29551828	0	0	29551828	0	167.94.138.125
5	0	0	0	1	0	0	29552603	0	0	29552603	0	167.94.138.119
5	1	1	0	2	29556900	0	29556901	29556900	0	29556900	62744	167.94.138.117
5	1	1	0	0	29614852	0	0	29614852	0	0	62744	164.92.143.197
5	1	1	0	2	29545890	0	29545891	29545890	0	29545890	62744	167.94.138.115
5	0	0	0	1	0	0	29554677	0	0	29554677	0	194.187.179.30
5	0	0	0	1	0	0	29594475	0	0	29594475	0	74.7.175.188
5	1	1	0	0	29563149	0	0	29563149	0	0	62744	165.22.171.248
5	1	1	0	1	29598934	0	29598934	29598934	0	29598934	62744	178.62.193.89
5	1	1	0	1	29574399	0	29574399	29574399	0	29574399	62744	188.166.39.209
5	1	1	0	0	29576165	0	0	29576165	0	0	62744	54.242.0.117
5	1	1	0	0	29549394	0	0	29549394	0	0	13479	15.235.96.11
5	1	1	0	0	29610507	0	0	29610507	0	0	62744	20.244.126.188
5	1	1	0	5	29611883	0	29623090	29611883	0	29611883	62744	185.218.138.59
5	0	0	0	2	0	0	29598192	0	0	29598192	0	185.218.138.58
5	0	0	0	2	0	0	29626108	0	0	29626108	0	143.244.162.68
5	0	0	0	4	0	0	29591597	0	0	29579596	0	74.7.175.172
5	0	0	0	3	0	0	29591277	0	0	29583384	0	74.7.175.165
5	0	0	0	1	0	0	29605137	0	0	29605137	0	209.38.252.191
5	1	1	0	0	29594880	0	0	29594880	0	0	62744	20.115.90.214
5	1	1	0	2	29591744	0	29551868	29591744	0	29550493	62744	185.130.227.201
5	0	0	0	2	0	0	29605137	0	0	29605137	0	172.236.16.29
5	1	1	0	0	29584676	0	0	29584676	0	0	62744	178.130.47.195
5	2	2	0	2	29574533	0	29581620	29574386	0	29575888	125488	192.253.248.151
5	1	1	0	1	29594580	0	29594580	29594580	0	29594580	13479	23.115.146.236
5	1	1	0	1	29613343	0	29613343	29613343	0	29613343	62744	157.245.106.109
5	0	0	0	1	0	0	29562432	0	0	29562432	0	74.7.175.154
5	0	0	0	1	0	0	29611473	0	0	29611473	0	40.76.140.215
5	2	2	0	0	29615264	0	0	29615264	0	0	125488	45.79.152.14
5	2	2	0	0	29607505	0	0	29607505	0	0	125488	47.84.207.157
5	0	0	0	3	0	0	29628919	0	0	29628919	0	34.56.91.186
5	0	0	0	5	0	0	29549703	0	0	29545939	0	74.7.175.147
5	1	1	0	0	29576167	0	0	29576167	0	0	62744	20.80.88.32
5	1	1	0	0	29625661	0	0	29625661	0	0	52061	3.234.220.147
5	0	0	0	8	0	0	29554457	0	0	29545431	0	74.7.175.140
5	0	0	0	1	0	0	29582947	0	0	29582947	0	172.69.224.180
5	1	1	0	0	29545424	0	0	29545424	0	0	62744	91.99.221.97
5	1	1	0	0	29627736	0	0	29627736	0	0	62818	43.133.139.6
5	10	10	0	10	29548886	0	29548886	29545862	0	29545862	627440	204.76.203.8
5	4	4	0	0	29549677	0	0	29547337	0	0	250976	57.128.247.242
5	1	1	0	0	29546598	0	0	29546598	0	0	62744	54.196.50.6
5	1	1	0	0	29563853	0	0	29563853	0	0	62744	54.175.130.230
5	1	1	0	0	29557096	0	0	29557096	0	0	13479	107.115.227.99
5	1	1	0	1	29629345	0	29605137	29629345	0	29605137	52061	192.253.248.106
5	1	1	0	0	29617764	0	0	29617764	0	0	52061	217.154.18.86
5	0	0	0	8	0	0	29610813	0	0	29603723	0	194.26.192.21
5	1	1	0	0	29546489	0	0	29546489	0	0	62744	45.151.139.195
5	1	1	0	0	29597555	0	0	29597555	0	0	62744	108.251.27.195
5	0	0	0	1	0	0	29628919	0	0	29628919	0	82.97.199.47
5	1	1	0	0	29547086	0	0	29547086	0	0	62744	16.144.17.106
5	2	2	0	0	29631717	0	0	29631717	0	0	104122	8.216.17.228
5	0	0	0	1	0	0	29628919	0	0	29628919	0	82.97.199.42
5	0	0	0	1	0	0	29557381	0	0	29557381	0	15.235.27.82
5	1	1	0	0	29579129	0	0	29579129	0	0	62744	144.124.225.136
5	1	1	0	0	29549486	0	0	29549486	0	0	62744	98.93.168.74
5	0	0	0	1	0	0	29617216	0	0	29617216	0	172.203.225.221
5	0	0	0	5	0	0	29603092	0	0	29554130	0	172.68.183.8
5	1	1	0	0	29553296	0	0	29553296	0	0	62744	165.227.202.179
5	0	0	0	4	0	0	29614846	0	0	29565517	0	172.68.183.7
5	0	0	0	50	0	0	29628218	0	0	29547408	0	93.123.109.62
5	1	1	0	2	29584645	0	29577620	29584645	0	29577620	62744	79.124.40.186
5	3	3	0	9	29545487	0	29545487	29545486	0	29545487	40437	107.172.195.18
5	0	0	0	3	0	0	29624942	0	0	29623805	0	43.106.19.224
5	0	0	0	1	0	0	29618805	0	0	29618805	0	103.239.252.206
5	0	0	0	1	0	0	29584805	0	0	29584805	0	44.201.164.126
5	8	7	0	6	29606119	0	29606073	29605871	0	29605894	440415	79.124.40.174
5	0	0	0	2	0	0	29558034	0	0	29548104	0	20.169.105.41
5	1	1	0	0	29577604	0	0	29577604	0	0	62744	44.204.45.238
5	1	1	0	0	29564479	0	0	29564479	0	0	62744	20.216.200.223
5	2	2	0	0	29620444	0	0	29620444	0	0	20586	94.249.213.204
5	1	1	0	0	29558541	0	0	29558541	0	0	62744	34.53.162.177
5	0	0	0	2	0	0	29552702	0	0	29552702	0	185.196.220.131
5	1	1	0	0	29626515	0	0	29626515	0	0	52061	150.109.81.140
5	0	0	0	1	0	0	29584449	0	0	29584449	0	82.165.132.171
5	0	0	0	1	0	0	29577877	0	0	29577877	0	69.171.231.25
5	0	0	0	2	0	0	29597652	0	0	29596082	0	79.124.40.162
5	0	0	0	2	0	0	29618938	0	0	29616522	0	157.55.39.223
5	0	0	0	1	0	0	29595733	0	0	29595733	0	103.72.98.66
5	1	1	0	1	29593144	0	29593144	29593144	0	29593144	62744	134.209.86.116
5	1	1	0	2	29564689	0	29564691	29564689	0	29564689	62744	206.168.34.217
5	0	0	0	1	0	0	29624413	0	0	29624413	0	104.234.19.107
5	0	0	0	12	0	0	29562556	0	0	29548172	0	148.153.56.60
5	1	1	0	0	29558198	0	0	29558198	0	0	62744	44.221.229.37
5	0	0	0	1	0	0	29557594	0	0	29557594	0	69.171.231.14
5	0	0	0	1	0	0	29585515	0	0	29585515	0	20.127.202.128
5	1	1	0	0	29569594	0	0	29569594	0	0	62744	35.170.192.141
5	12	12	0	62	29630320	0	29630320	29545460	0	29545460	742245	81.29.142.6
5	0	0	0	1	0	0	29577483	0	0	29577483	0	135.233.96.197
5	1	1	0	2	29566195	0	29566198	29566195	0	29566196	62744	206.168.34.197
5	0	0	0	1	0	0	29609399	0	0	29609399	0	170.106.107.87
5	2	1	0	0	29624426	0	0	29624426	0	0	143984	45.138.251.9
5	2	2	0	3	29574544	0	29574546	29574544	0	29574544	26958	108.190.205.74
5	0	0	0	1	0	0	29598798	0	0	29598798	0	92.222.104.195
5	0	0	0	1	0	0	29623458	0	0	29623458	0	103.149.93.68
5	1	1	0	2	29552626	0	29552626	29552626	0	29552626	62744	206.168.34.193
5	0	0	0	1	0	0	29613449	0	0	29613449	0	49.232.26.51
5	0	0	0	1	0	0	29620073	0	0	29620073	0	109.123.243.204
5	0	0	0	1	0	0	29552847	0	0	29552847	0	104.28.242.147
5	1	1	0	0	29570207	0	0	29570207	0	0	62744	45.145.164.245
5	1	1	0	0	29627809	0	0	29627809	0	0	52061	119.134.5.68
5	0	0	0	1	0	0	29623843	0	0	29623843	0	66.249.88.235
5	0	0	0	4	0	0	29582946	0	0	29556103	0	172.71.184.33
5	0	0	0	3	0	0	29628920	0	0	29628919	0	136.119.129.236
5	0	0	0	1	0	0	29623679	0	0	29623679	0	34.203.197.241
5	0	0	0	2	0	0	29600034	0	0	29599907	0	31.220.73.136
5	0	0	0	3	0	0	29582983	0	0	29582983	0	89.190.156.94
5	0	0	0	5	0	0	29589893	0	0	29556103	0	172.71.184.32
5	1	1	0	0	29585582	0	0	29585582	0	0	62744	20.221.57.26
5	0	0	0	1	0	0	29626390	0	0	29626390	0	20.118.227.29
5	1	1	0	0	29623843	0	0	29623843	0	0	10293	72.14.201.207
5	0	0	0	19	0	0	29629156	0	0	29629156	0	159.100.14.130
5	1	1	0	0	29595958	0	0	29595958	0	0	13479	72.14.201.196
5	0	0	0	1	0	0	29596100	0	0	29596100	0	46.21.146.162
5	1	1	0	0	29607279	0	0	29607279	0	0	13479	78.24.206.82
5	0	0	0	1	0	0	29586467	0	0	29586467	0	87.201.118.224
5	2	2	0	3	29611808	0	29611808	29611808	0	29611808	76223	100.53.62.118
5	1	1	0	0	29611540	0	0	29611540	0	0	62744	4.186.56.66
5	108	108	0	98	29632014	0	29593276	29545792	0	29546129	6765669	45.205.1.8
5	0	0	0	20	0	0	29628044	0	0	29617346	0	89.190.156.78
5	0	0	0	1	0	0	29607861	0	0	29607861	0	103.139.190.162
5	0	0	0	1	0	0	29603789	0	0	29603789	0	172.71.184.11
5	0	0	0	1	0	0	29570371	0	0	29570371	0	129.122.249.54
5	0	0	0	3	0	0	29585647	0	0	29584779	0	45.138.16.131
5	0	0	0	1	0	0	29551363	0	0	29551363	0	165.22.72.144
5	0	0	0	1	0	0	29578987	0	0	29578987	0	3.85.165.30
5	1	1	0	1	29581593	0	29581593	29581593	0	29581593	62744	165.232.177.110
5	4	4	0	0	29626227	0	0	29553838	0	0	50730	103.105.165.2
5	1	1	0	0	29591257	0	0	29591257	0	0	62744	167.99.142.36
5	0	0	0	1	0	0	29551363	0	0	29551363	0	206.168.34.126
5	0	0	0	2	0	0	29558352	0	0	29557338	0	74.7.230.44
5	1	1	0	1	29564670	0	29564670	29564670	0	29564670	13479	51.75.116.156
5	0	0	0	4	0	0	29566010	0	0	29547204	0	67.213.118.179
5	0	0	0	11	0	0	29631621	0	0	29576274	0	74.7.230.43
5	0	0	0	4	0	0	29607950	0	0	29602990	0	101.100.194.245
5	0	0	0	1	0	0	29552604	0	0	29552604	0	206.168.34.123
5	0	0	0	1	0	0	29551923	0	0	29551923	0	206.168.34.120
5	0	0	0	1	0	0	29556037	0	0	29556037	0	109.136.169.22
5	0	0	0	1	0	0	29582300	0	0	29582300	0	97.107.129.118
5	1	1	0	0	29563356	0	0	29563356	0	0	62744	143.198.178.173
5	0	0	0	1	0	0	29556185	0	0	29556185	0	188.132.215.211
5	4	4	0	0	29630327	0	0	29559031	0	0	50730	208.66.78.94
5	0	0	0	2	0	0	29601866	0	0	29601793	0	74.7.230.27
5	1	1	0	0	29617657	0	0	29617657	0	0	52061	43.166.7.113
5	0	0	0	1	0	0	29574240	0	0	29574240	0	159.65.179.156
5	0	0	0	1	0	0	29575629	0	0	29575629	0	194.187.178.206
5	0	0	0	2	0	0	29571207	0	0	29568469	0	74.7.230.25
5	2	2	0	0	29629477	0	0	29629477	0	0	20586	152.42.228.153
5	1	1	0	1	29556841	0	29556841	29556841	0	29556841	13479	147.182.251.22
5	0	0	0	2	0	0	29624768	0	0	29624768	0	61.228.243.142
5	4	4	0	22	29627525	0	29627522	29558465	0	29556908	229610	3.130.168.2
5	0	0	0	2	0	0	29597035	0	0	29594670	0	74.7.230.16
5	1	1	0	1	29581319	0	29581319	29581319	0	29581319	62744	161.35.71.5
5	0	0	0	1	0	0	29629444	0	0	29629444	0	54.152.96.147
5	1	1	0	0	29623194	0	0	29623194	0	0	10293	154.30.68.161
5	0	0	0	3	0	0	29607057	0	0	29581974	0	20.98.140.180
5	1	1	0	0	29568576	0	0	29568576	0	0	62744	91.196.152.213
5	1	1	0	0	29567522	0	0	29567522	0	0	62744	34.224.57.237
5	1	1	0	0	29596020	0	0	29596020	0	0	62744	34.86.138.229
5	1	1	0	1	29549976	0	29549976	29549976	0	29549976	62744	206.168.34.54
5	0	0	0	1	0	0	29606549	0	0	29606549	0	103.88.242.155
5	3	3	0	0	29623431	0	0	29596200	0	0	177549	34.220.204.155
5	1	1	0	1	29578492	0	29605150	29578492	0	29605150	62744	66.116.199.48
5	0	0	0	3	0	0	29560906	0	0	29560906	0	206.168.34.45
5	1	1	0	0	29559002	0	0	29559002	0	0	62744	91.196.152.184
5	0	0	0	1	0	0	29549676	0	0	29549676	0	15.235.118.200
5	0	0	0	1	0	0	29626056	0	0	29626056	0	66.175.210.23
5	0	0	0	3	0	0	29559610	0	0	29559610	0	206.168.34.38
5	0	0	0	1	0	0	29628919	0	0	29628919	0	207.148.22.156
5	1	1	0	2	29556712	0	29556714	29556712	0	29556712	62744	206.168.34.35
5	2	2	0	1	29549061	0	29547347	29545840	0	29547347	26958	66.249.77.192
5	2	2	0	2	29614921	0	29614921	29614902	0	29614902	125488	103.218.242.167
5	0	0	0	1	0	0	29632321	0	0	29632321	0	54.165.95.100
5	2	2	0	4	29547347	0	29556753	29545978	0	29545840	26958	66.249.77.201
5	4	4	0	2	29556752	0	29553810	29545840	0	29549061	53916	66.249.77.200
5	0	0	0	1	0	0	29590497	0	0	29590497	0	217.103.182.109
5	0	0	0	1	0	0	29551867	0	0	29551867	0	102.37.153.79
5	3	3	0	4	29562659	0	29562659	29562659	0	29562659	188232	64.226.121.209
5	1	1	0	3	29547283	0	29547283	29547283	0	29547283	62744	45.202.1.22
5	0	0	0	2	0	0	29556398	0	0	29556398	0	45.156.129.85
5	0	0	0	1	0	0	29553121	0	0	29553121	0	18.234.86.110
5	8	4	0	2	29627729	0	29627729	29617680	0	29617680	575936	47.185.137.141
5	0	0	0	1	0	0	29575629	0	0	29575629	0	194.187.178.120
5	2	2	0	0	29609486	0	0	29606095	0	0	125488	34.79.24.134
5	1	1	0	2	29600848	0	29600849	29600848	0	29600848	62744	199.45.155.94
5	0	0	0	8	0	0	29558240	0	0	29558239	0	185.16.39.136
5	0	0	0	1	0	0	29593667	0	0	29593667	0	15.235.118.144
5	1	1	0	0	29630089	0	0	29630089	0	0	52061	209.50.245.249
5	0	0	0	1	0	0	29570988	0	0	29570988	0	172.71.148.145
5	0	0	0	1	0	0	29562710	0	0	29562710	0	172.71.148.144
5	0	0	0	3	0	0	29546154	0	0	29546120	0	200.124.160.7
5	2	2	0	0	29623719	0	0	29623719	0	0	104122	8.216.5.206
5	1	1	0	2	29591697	0	29591697	29591697	0	29591697	62744	199.45.155.87
5	0	0	0	1	0	0	29589323	0	0	29589323	0	103.58.64.164
5	1	1	0	0	29620779	0	0	29620779	0	0	52061	45.156.129.57
5	1	1	0	2	29560197	0	29560197	29560197	0	29560197	62744	199.45.155.86
5	3	3	0	0	29617683	0	0	29611785	0	0	40431	66.249.83.106
5	1	1	0	1	29630026	0	29630026	29630026	0	29630026	52061	199.45.155.85
5	2	2	0	3	29626663	0	29630736	29615069	0	29553715	114805	45.156.129.56
5	0	0	0	1	0	0	29577556	0	0	29577556	0	220.190.28.4
5	3	3	0	0	29617683	0	0	29611785	0	0	40431	66.249.83.105
5	1	1	0	0	29560380	0	0	29560380	0	0	62744	193.46.255.143
5	1	1	0	0	29617683	0	0	29617683	0	0	13473	66.249.83.104
5	4	4	0	0	29631621	0	0	29627377	0	0	44352	74.7.242.0
5	0	0	0	1	0	0	29622981	0	0	29622981	0	161.35.70.8
5	0	0	0	2	0	0	29605884	0	0	29546710	0	15.235.118.130
5	1	1	0	0	29606633	0	0	29606633	0	0	62744	172.236.3.41
5	1	1	0	0	29575588	0	0	29575588	0	0	62744	45.156.129.48
5	3	3	0	3	29617498	0	29626658	29609347	0	29617498	40437	66.249.77.138
5	8	8	0	6	29626658	0	29610907	29583074	0	29577277	98274	66.249.77.137
5	1	1	0	1	29590071	0	29566010	29590071	0	29566010	62744	45.156.129.46
5	3	3	0	4	29623056	0	29609347	29595059	0	29575832	37251	66.249.77.136
5	1	1	0	0	29554594	0	0	29554594	0	0	62744	20.106.197.7
5	2	2	0	1	29615046	0	29615046	29615046	0	29615046	26958	76.34.188.112
5	2	2	0	0	29614893	0	0	29614893	0	0	26958	162.19.222.42
5	0	0	0	2	0	0	29599252	0	0	29597493	0	162.158.95.197
5	1	1	0	0	29574668	0	0	29574668	0	0	62744	162.216.149.248
5	0	0	0	1	0	0	29574190	0	0	29574190	0	66.249.77.130
5	1	1	0	0	29563249	0	0	29563249	0	0	62744	162.216.149.247
5	0	0	0	1	0	0	29572964	0	0	29572964	0	66.249.77.129
5	1	1	0	2	29591865	0	29591865	29591865	0	29591865	62744	199.45.155.66
5	0	0	0	2	0	0	29620268	0	0	29617240	0	210.176.44.217
5	0	0	0	1	0	0	29565305	0	0	29565305	0	146.190.134.221
5	1	1	0	0	29576410	0	0	29576410	0	0	62744	162.216.150.240
5	1	1	0	0	29592733	0	0	29592733	0	0	62744	222.176.201.249
5	0	0	0	1	0	0	29628919	0	0	29628919	0	45.63.8.128
5	1	1	0	0	29607108	0	0	29607108	0	0	62744	95.217.176.128
5	1	1	0	0	29619544	0	0	29619544	0	0	10293	207.46.13.36
5	2	2	0	18	29628108	0	29628108	29628104	0	29567921	104122	69.164.207.173
5	1	1	0	1	29568547	0	29575184	29568547	0	29575184	62744	147.45.96.88
5	1	1	0	0	29550040	0	0	29550040	0	0	62744	162.216.150.223
5	1	1	0	0	29563205	0	0	29563205	0	0	13479	34.200.81.31
5	4	4	0	0	29585764	0	0	29564190	0	0	250976	54.210.252.62
5	0	0	0	3	0	0	29556179	0	0	29556179	0	165.227.153.202
5	0	0	0	1	0	0	29561695	0	0	29561695	0	85.137.48.151
5	0	0	0	2	0	0	29562910	0	0	29562910	0	60.188.200.78
5	1	1	0	1	29549935	0	29549935	29549935	0	29549935	62744	142.93.96.192
5	3	3	0	3	29617648	0	29609376	29584799	0	29592499	37251	66.249.72.135
5	5	5	0	4	29623206	0	29623206	29603069	0	29600635	37251	66.249.72.134
5	0	0	0	1	0	0	29566085	0	0	29566085	0	54.205.241.255
5	6	6	0	5	29617986	0	29617648	29595136	0	29577275	61023	66.249.72.133
5	1	1	0	0	29581928	0	0	29581928	0	0	62744	162.216.150.210
5	1	1	0	0	29594856	0	0	29594856	0	0	62744	162.216.149.198
5	0	0	0	1	0	0	29563063	0	0	29563063	0	20.29.23.77
5	0	0	0	4	0	0	29596065	0	0	29596065	0	206.223.230.39
5	0	0	0	1	0	0	29596874	0	0	29596874	0	85.120.81.239
5	1	1	0	1	29560577	0	29560577	29560577	0	29560577	62744	134.122.1.225
5	1	1	0	0	29607587	0	0	29607587	0	0	62744	162.216.150.194
5	2	2	0	0	29625766	0	0	29625766	0	0	104122	47.77.217.62
5	1	1	0	0	29573283	0	0	29573283	0	0	62744	23.22.5.218
5	1	1	0	0	29593170	0	0	29593170	0	0	13479	74.7.242.61
5	1	1	0	0	29630793	0	0	29630793	0	0	52061	162.216.149.188
5	2	1	0	1	29624350	0	29624350	29624350	0	29624350	143984	75.71.139.167
5	1	1	0	0	29623492	0	0	29623492	0	0	52061	162.216.150.184
5	2	2	0	7	29591713	0	29591713	29590683	0	29558568	125488	47.254.234.203
5	0	0	0	2	0	0	29626054	0	0	29626054	0	104.248.227.170
5	0	0	0	1	0	0	29603788	0	0	29603788	0	162.158.95.135
5	1	1	0	0	29594883	0	0	29594883	0	0	62744	54.162.117.154
5	0	0	0	5	0	0	29630914	0	0	29593092	0	104.210.140.142
5	0	0	0	6	0	0	29632172	0	0	29560187	0	104.210.140.141
5	0	0	0	2	0	0	29606081	0	0	29596996	0	104.210.140.139
5	0	0	0	6	0	0	29618877	0	0	29572769	0	104.210.140.140
5	0	0	0	3	0	0	29624663	0	0	29594427	0	104.210.140.138
5	0	0	0	4	0	0	29629043	0	0	29576012	0	104.210.140.137
5	0	0	0	5	0	0	29624983	0	0	29555442	0	104.210.140.136
5	2	2	0	0	29597650	0	0	29590731	0	0	125488	162.216.149.168
5	0	0	0	1	0	0	29609765	0	0	29609765	0	43.135.138.128
5	0	0	0	5	0	0	29616468	0	0	29563313	0	104.210.140.135
5	0	0	0	5	0	0	29624290	0	0	29555503	0	104.210.140.134
5	1	1	0	0	29579985	0	0	29579985	0	0	62744	20.163.14.227
5	0	0	0	1	0	0	29557071	0	0	29557071	0	104.210.140.133
5	0	0	0	5	0	0	29615179	0	0	29571175	0	104.210.140.132
5	0	0	0	3	0	0	29622984	0	0	29593152	0	104.210.140.131
5	0	0	0	1	0	0	29556876	0	0	29556876	0	34.147.32.2
5	0	0	0	2	0	0	29580681	0	0	29568033	0	104.210.140.130
5	1	1	0	0	29562432	0	0	29562432	0	0	13479	74.7.241.0
5	0	0	0	2	0	0	29629654	0	0	29603536	0	104.210.140.129
5	0	0	0	2	0	0	29631579	0	0	29617895	0	104.210.140.128
5	0	0	0	1	0	0	29628057	0	0	29628057	0	20.163.14.222
5	1	1	0	1	29623239	0	29550259	29623239	0	29550259	52061	20.80.105.86
5	1	1	0	0	29611940	0	0	29611940	0	0	62744	162.216.150.6
5	0	0	0	1	0	0	29612166	0	0	29612166	0	3.82.191.76
5	1	1	0	0	29563867	0	0	29563867	0	0	13479	74.7.242.26
5	1	1	0	0	29568572	0	0	29568572	0	0	13479	74.7.242.24
5	2	2	0	0	29595928	0	0	29595928	0	0	125488	47.84.136.223
5	2	2	0	0	29573469	0	0	29554614	0	0	125488	162.216.150.149
5	1	1	0	0	29586349	0	0	29586349	0	0	62744	162.216.150.148
5	4	4	0	0	29589751	0	0	29579596	0	0	53916	74.7.242.20
5	1	1	0	0	29623189	0	0	29623189	0	0	10293	167.160.59.151
5	0	0	0	1	0	0	29584805	0	0	29584805	0	98.81.85.17
5	2	2	0	13	29596193	0	29596193	29596193	0	29596192	125488	134.199.163.89
5	2	2	0	34	29630786	0	29630786	29578272	0	29553867	114805	80.82.77.202
5	0	0	0	1	0	0	29545659	0	0	29545659	0	216.73.160.82
5	1	1	0	0	29555441	0	0	29555441	0	0	13479	68.221.67.253
5	5	5	0	9	29611877	0	29611873	29556976	0	29556973	313720	3.131.220.121
5	0	0	0	1	0	0	29564316	0	0	29564316	0	131.221.92.28
5	1	1	0	0	29568546	0	0	29568546	0	0	62744	40.124.175.58
5	1	1	0	0	29617717	0	0	29617717	0	0	52061	43.159.138.217
5	2	2	0	5	29625830	0	29625830	29610875	0	29550837	114805	138.197.16.14
5	0	0	0	1	0	0	29595097	0	0	29595097	0	20.81.47.186
5	0	0	0	1	0	0	29626500	0	0	29626500	0	134.209.87.45
5	1	1	0	0	29597831	0	0	29597831	0	0	62744	43.157.213.212
5	0	0	0	1	0	0	29612565	0	0	29612565	0	47.251.184.247
5	1	1	0	0	29560158	0	0	29560158	0	0	62744	83.147.16.105
5	0	0	0	1	0	0	29618116	0	0	29618116	0	43.130.100.35
5	0	0	0	3	0	0	29630883	0	0	29557440	0	54.211.15.44
5	1	1	0	0	29613463	0	0	29613463	0	0	62744	162.216.149.108
5	0	0	0	1	0	0	29564032	0	0	29564032	0	135.233.97.43
5	0	0	0	2	0	0	29581923	0	0	29580492	0	3.85.18.5
5	1	1	0	5	29565595	0	29565595	29565595	0	29565595	62744	192.81.131.73
5	0	0	0	1	0	0	29631490	0	0	29631490	0	40.124.175.29
5	1	1	0	1	29572051	0	29572051	29572051	0	29572051	62744	142.93.252.195
5	0	0	0	1	0	0	29597227	0	0	29597227	0	40.124.175.30
5	1	1	0	0	29623186	0	0	29623186	0	0	52061	23.26.208.211
5	0	0	0	2	0	0	29622686	0	0	29616450	0	66.132.195.123
5	0	0	0	1	0	0	29609281	0	0	29609281	0	100.26.194.24
5	1	1	0	2	29577182	0	29577182	29577182	0	29577182	62744	66.132.195.119
5	0	0	0	1	0	0	29597696	0	0	29597696	0	45.114.84.126
5	1	1	0	0	29545418	0	0	29545418	0	0	13479	104.164.173.80
5	1	1	0	2	29575669	0	29575670	29575669	0	29575669	62744	66.132.195.118
5	0	0	0	1	0	0	29622686	0	0	29622686	0	66.132.195.117
5	0	0	0	2	0	0	29559610	0	0	29559610	0	152.32.213.86
5	3	3	0	26	29601967	0	29601972	29558314	0	29558314	188232	80.82.77.139
5	1	1	0	0	29562710	0	0	29562710	0	0	62744	40.77.177.129
5	1	1	0	0	29626048	0	0	29626048	0	0	52061	35.195.138.45
5	0	0	0	2	0	0	29626055	0	0	29626055	0	192.81.131.55
5	0	0	0	1	0	0	29622805	0	0	29622805	0	66.132.195.108
5	27	27	0	85	29631859	0	29632927	29549830	0	29546379	1629990	185.12.59.118
5	1	1	0	18	29555661	0	29564037	29555661	0	29546356	62744	185.12.59.117
5	2	2	0	0	29596035	0	0	29563368	0	0	125488	47.77.220.146
5	0	0	0	2	0	0	29588700	0	0	29588169	0	66.132.195.105
5	1	1	0	3	29627568	0	29627569	29627568	0	29587760	52061	66.132.195.104
5	1	1	0	2	29624568	0	29624569	29624568	0	29624568	52061	66.132.195.101
5	0	0	0	1	0	0	29628919	0	0	29628919	0	134.199.194.98
5	0	0	0	1	0	0	29625126	0	0	29625126	0	54.224.250.82
5	1	1	0	0	29600515	0	0	29600515	0	0	62744	20.168.8.243
5	1	1	0	0	29611617	0	0	29611617	0	0	62744	103.178.174.90
5	2	2	0	6	29562873	0	29562875	29562873	0	29562873	26958	47.188.203.96
5	0	0	0	1	0	0	29555891	0	0	29555891	0	200.169.69.110
5	1	1	0	0	29630017	0	0	29630017	0	0	52061	54.234.110.7
5	1	1	0	0	29558465	0	0	29558465	0	0	62744	154.65.110.21
5	4	4	0	0	29558267	0	0	29558267	0	0	250976	13.201.75.158
5	0	0	0	2	0	0	29580625	0	0	29560466	0	161.35.230.183
5	0	0	0	1	0	0	29610927	0	0	29610927	0	134.122.45.11
5	2	2	0	3	29548047	0	29548047	29548047	0	29548047	76223	34.229.253.20
5	0	0	0	1	0	0	29631641	0	0	29631641	0	94.72.99.204
5	3	3	0	4	29622981	0	29622981	29622981	0	29622981	156183	46.101.175.73
5	3	3	0	1	29557015	0	29557015	29557015	0	29557015	125488	170.9.231.192
5	2	2	0	0	29580292	0	0	29580292	0	0	26958	162.243.51.145
5	2	2	0	4	29603192	0	29603192	29603192	0	29603192	125488	91.92.21.143
5	0	0	0	1	0	0	29549462	0	0	29549462	0	74.0.42.221
5	1	1	0	0	29600595	0	0	29600595	0	0	62744	18.97.19.163
5	0	0	0	1	0	0	29560229	0	0	29560229	0	38.143.49.4
5	0	0	0	5	0	0	29601974	0	0	29546617	0	172.68.10.9
5	1	1	0	1	29615041	0	29560323	29615041	0	29560323	62744	3.90.41.152
5	0	0	0	9	0	0	29610903	0	0	29549545	0	172.68.10.8
5	0	0	0	1	0	0	29606344	0	0	29606344	0	222.89.169.98
5	1	1	0	0	29597301	0	0	29597301	0	0	62744	104.248.226.87
5	1	1	0	0	29548220	0	0	29548220	0	0	62744	206.189.107.18
5	2	2	0	5	29585824	0	29585825	29585823	0	29585823	26958	216.224.124.21
5	0	0	0	10	0	0	29577582	0	0	29546840	0	91.232.238.112
5	0	0	0	2	0	0	29573439	0	0	29573439	0	173.255.253.160
5	0	0	0	1	0	0	29595217	0	0	29595217	0	13.246.189.176
5	0	0	0	7	0	0	29560264	0	0	29560264	0	176.96.137.48
5	0	0	0	1	0	0	29578053	0	0	29578053	0	34.1.203.138
5	1	1	0	0	29547990	0	0	29547990	0	0	62744	208.109.215.193
5	2	2	0	0	29631580	0	0	29571098	0	0	114805	192.241.154.87
5	5	5	0	0	29548539	0	0	29546328	0	0	313720	217.182.64.155
5	1	1	0	1	29590408	0	29590408	29590408	0	29590408	13479	124.236.100.6
5	0	0	0	3	0	0	29587457	0	0	29587457	0	68.69.177.112
5	0	0	0	1	0	0	29562282	0	0	29562282	0	15.235.51.101
5	0	0	0	1	0	0	29599352	0	0	29599352	0	40.119.28.203
5	1	1	0	0	29549899	0	0	29549899	0	0	0	109.243.130.151
5	0	0	0	9	0	0	29594650	0	0	29560565	0	45.91.64.8
5	0	0	0	4	0	0	29557210	0	0	29557210	0	45.91.64.7
5	0	0	0	1	0	0	29608048	0	0	29608048	0	64.94.85.142
5	1	1	0	4	29560565	0	29611905	29560565	0	29551828	13479	45.91.64.6
5	2	2	0	3	29600806	0	29600825	29600797	0	29600810	125488	216.218.206.68
5	2	2	0	3	29603445	0	29603466	29603436	0	29603451	125488	216.218.206.66
5	1	1	0	0	29626354	0	0	29626354	0	0	10293	198.50.158.109
5	1	1	0	0	29626107	0	0	29626107	0	0	52061	209.222.82.48
5	1	1	0	0	29603427	0	0	29603427	0	0	62744	185.76.79.48
5	0	0	0	1	0	0	29619367	0	0	29619367	0	44.201.103.104
5	0	0	0	1	0	0	29545787	0	0	29545787	0	142.93.230.252
5	0	0	0	1	0	0	29628919	0	0	29628919	0	76.217.52.250
5	1	1	0	0	29617637	0	0	29617637	0	0	52061	170.106.192.208
5	1	1	0	0	29554573	0	0	29554573	0	0	13479	51.161.65.28
5	1	1	0	0	29623240	0	0	29623240	0	0	10293	74.7.227.159
5	0	0	0	1	0	0	29605703	0	0	29605703	0	157.245.103.79
5	0	0	0	1	0	0	29563205	0	0	29563205	0	34.201.57.118
5	0	0	0	1	0	0	29596283	0	0	29596283	0	13.89.124.220
5	0	0	0	1	0	0	29608483	0	0	29608483	0	176.65.139.101
5	1	1	0	0	29616481	0	0	29616481	0	0	62744	54.236.18.154
5	0	0	0	1	0	0	29603100	0	0	29603100	0	13.89.124.218
5	1	1	0	0	29626778	0	0	29626778	0	0	52061	13.89.124.213
5	2	2	0	0	29612903	0	0	29581983	0	0	125488	34.62.197.208
5	0	0	0	1	0	0	29626562	0	0	29626562	0	18.207.114.178
5	1	1	0	0	29613738	0	0	29613738	0	0	62744	204.168.191.189
5	1	1	0	0	29589792	0	0	29589792	0	0	62744	198.235.24.97
5	0	0	0	1	0	0	29605696	0	0	29605696	0	47.84.103.255
5	0	0	0	1	0	0	29618018	0	0	29618018	0	172.71.148.6
5	1	1	0	0	29610275	0	0	29610275	0	0	62744	170.106.72.93
5	14	14	0	73	29627342	0	29627342	29548197	0	29548197	835684	81.29.142.100
5	1	1	0	0	29545837	0	0	29545837	0	0	62744	13.86.105.19
5	2	1	0	0	29627150	0	0	29627150	0	0	143984	205.169.39.58
5	1	1	0	0	29626053	0	0	29626053	0	0	52061	104.248.116.76
5	1	1	0	0	29592168	0	0	29592168	0	0	62744	36.149.115.233
5	1	1	0	0	29583428	0	0	29583428	0	0	62744	175.30.48.206
5	0	0	0	1	0	0	29622244	0	0	29622244	0	134.209.235.25
5	0	0	0	1	0	0	29579802	0	0	29579802	0	49.247.44.179
5	0	0	0	1	0	0	29628003	0	0	29628003	0	3.87.201.131
5	0	0	0	1	0	0	29566274	0	0	29566274	0	161.118.185.2
5	0	0	0	1	0	0	29609041	0	0	29609041	0	170.106.197.109
5	1	1	0	0	29607116	0	0	29607116	0	0	13479	205.169.39.50
5	2	2	0	0	29606398	0	0	29558517	0	0	125488	44.201.209.19
5	0	0	0	7	0	0	29632537	0	0	29560565	0	46.161.50.108
5	4	4	0	10	29583632	0	29583632	29577875	0	29577875	250976	34.142.50.83
5	1	1	0	0	29599930	0	0	29599930	0	0	62744	205.169.39.44
5	1	1	0	0	29619360	0	0	29619360	0	0	52061	204.236.211.208
5	1	1	0	0	29627676	0	0	29627676	0	0	52061	34.38.143.207
5	0	0	0	1	0	0	29622981	0	0	29622981	0	134.209.242.175
5	0	0	0	1	0	0	29618805	0	0	29618805	0	47.254.201.158
5	0	0	0	1	0	0	29547570	0	0	29547570	0	157.230.108.111
5	1	1	0	1	29607616	0	29607617	29607616	0	29607617	62744	143.110.169.101
5	2	2	0	0	29617922	0	0	29560322	0	0	114805	3.92.182.111
5	0	0	0	1	0	0	29567494	0	0	29567494	0	20.169.48.140
5	1	1	0	0	29565959	0	0	29565959	0	0	62744	205.169.39.26
5	1	1	0	1	29582843	0	29582843	29582843	0	29582843	62744	47.88.4.164
5	1	1	0	0	29623188	0	0	29623188	0	0	52061	170.23.23.70
5	1	1	0	0	29596284	0	0	29596284	0	0	0	172.70.125.206
5	1	1	0	0	29562440	0	0	29562440	0	0	62744	149.57.180.6
5	1	1	0	0	29630565	0	0	29630565	0	0	52061	209.145.49.176
5	1	1	0	0	29609414	0	0	29609414	0	0	62744	66.228.53.78
5	1	1	0	1	29607956	0	29607956	29607956	0	29607956	62744	167.71.145.60
5	1	1	0	0	29600152	0	0	29600152	0	0	62744	122.8.152.97
5	1	1	0	0	29592913	0	0	29592913	0	0	62744	205.169.39.20
5	1	1	0	0	29607471	0	0	29607471	0	0	62744	49.51.39.209
5	1	1	0	0	29594124	0	0	29594124	0	0	13479	205.169.39.14
5	1	1	0	0	29558419	0	0	29558419	0	0	62744	4.242.16.230
5	1	1	0	1	29619044	0	29619044	29619044	0	29619044	52061	209.38.158.128
5	1	1	0	0	29574394	0	0	29574394	0	0	62744	20.64.106.222
5	0	0	0	1	0	0	29577274	0	0	29577274	0	62.171.129.59
5	1	1	0	1	29548464	0	29548464	29548464	0	29548464	62744	206.189.120.47
5	3	3	0	20	29611487	0	29612057	29565673	0	29557210	188232	95.215.0.144
5	1	1	0	0	29627484	0	0	29627484	0	0	52061	198.235.24.13
5	1	1	0	0	29617736	0	0	29617736	0	0	52061	170.106.181.163
5	3	3	0	1	29605784	0	29605783	29605782	0	29605783	40437	104.28.123.73
5	2	2	0	1	29610661	0	29603726	29603725	0	29603726	26958	50.78.144.100
5	1	1	0	0	29555502	0	0	29555502	0	0	62744	167.71.234.194
5	1	1	0	0	29556841	0	0	29556841	0	0	62744	44.221.69.88
5	1	0	0	1	29623843	0	29623843	29623843	0	29623843	133691	57.135.142.89
5	0	0	0	1	0	0	29622686	0	0	29622686	0	8.219.182.204
5	0	0	0	1	0	0	29590357	0	0	29590357	0	223.181.27.198
5	0	0	0	1	0	0	29555176	0	0	29555176	0	167.94.138.49
5	0	0	0	3	0	0	29547852	0	0	29547532	0	165.227.158.91
5	1	1	0	1	29554641	0	29554641	29554641	0	29554641	13479	23.19.44.242
5	1	1	0	0	29626055	0	0	29626055	0	0	52061	192.36.109.83
5	0	0	0	1	0	0	29551923	0	0	29551923	0	167.94.138.38
5	3	3	0	0	29626274	0	0	29555993	0	0	177549	45.156.129.195
5	1	1	0	0	29574725	0	0	29574725	0	0	62744	100.27.192.197
5	0	0	0	1	0	0	29625541	0	0	29625541	0	143.110.147.187
5	0	0	0	1	0	0	29585769	0	0	29585769	0	45.156.129.193
5	0	0	0	2	0	0	29547852	0	0	29547546	0	164.92.163.185
5	2	2	0	0	29595958	0	0	29595958	0	0	26958	66.249.83.69
5	1	1	0	0	29595958	0	0	29595958	0	0	13479	66.249.83.70
5	2	2	0	0	29632906	0	0	29613759	0	0	23772	20.219.23.189
5	1	1	0	0	29609063	0	0	29609063	0	0	62744	45.156.129.191
5	0	0	0	1	0	0	29557582	0	0	29557582	0	192.227.159.123
5	1	1	0	2	29585769	0	29616498	29585769	0	29579189	62744	45.156.129.187
5	1	1	0	0	29623164	0	0	29623164	0	0	52061	192.36.109.70
5	0	0	0	1	0	0	29550191	0	0	29550191	0	139.135.36.112
5	1	1	0	0	29566080	0	0	29566080	0	0	62744	13.221.248.65
5	1	1	0	1	29547597	0	29547597	29547597	0	29547597	62744	104.248.21.74
5	1	1	0	0	29593302	0	0	29593302	0	0	62744	183.199.82.105
5	0	0	0	1	0	0	29547857	0	0	29547857	0	45.227.163.233
5	0	0	0	2	0	0	29547570	0	0	29547570	0	167.99.128.90
5	0	0	0	1	0	0	29628002	0	0	29628002	0	44.208.162.44
5	1	1	0	1	29584558	0	29584558	29584558	0	29584558	62744	45.55.40.228
5	0	0	0	1	0	0	29574164	0	0	29574164	0	20.65.194.160
5	0	0	0	1	0	0	29610344	0	0	29610344	0	141.101.98.193
5	1	1	0	0	29627685	0	0	29627685	0	0	52061	43.157.170.126
5	2	2	0	4	29591916	0	29591914	29591790	0	29591790	26958	216.73.216.179
5	2	2	0	0	29545431	0	0	29545431	0	0	26958	104.252.191.163
5	1	1	0	0	29577439	0	0	29577439	0	0	62744	23.180.120.132
5	1	1	0	0	29598699	0	0	29598699	0	0	62744	20.65.194.92
5	0	0	0	2	0	0	29603177	0	0	29603164	0	45.148.10.249
5	4	4	0	4	29597893	0	29597892	29597889	0	29597892	188232	171.214.45.4
5	2	2	0	0	29606494	0	0	29606471	0	0	125488	34.90.220.251
5	1	1	0	0	29547579	0	0	29547579	0	0	62744	161.0.9.146
5	1	1	0	0	29564595	0	0	29564595	0	0	62744	20.65.194.143
5	2	2	0	0	29629067	0	0	29591422	0	0	114805	45.148.10.245
5	1	1	0	0	29548882	0	0	29548882	0	0	62744	157.173.114.130
5	1	1	0	0	29548141	0	0	29548141	0	0	62744	34.79.139.212
5	1	1	0	0	29629086	0	0	29629086	0	0	52061	213.109.202.57
5	0	0	0	2	0	0	29554196	0	0	29552771	0	178.16.53.170
5	1	1	0	1	29632321	0	29590564	29632321	0	29590564	52061	44.202.55.17
5	0	0	0	1	0	0	29610721	0	0	29610721	0	54.82.40.232
5	1	1	0	0	29562270	0	0	29562270	0	0	62744	13.206.41.191
5	2	2	0	0	29624726	0	0	29597837	0	0	23772	73.152.12.184
5	0	0	0	1	0	0	29618867	0	0	29618867	0	43.157.158.178
5	0	0	0	1	0	0	29623663	0	0	29623663	0	20.65.194.68
5	2	2	0	0	29610565	0	0	29566010	0	0	125488	45.156.129.133
5	0	0	0	1	0	0	29613185	0	0	29613185	0	195.3.220.99
5	2	2	0	1	29618177	0	29630735	29557342	0	29630735	114805	45.156.129.132
5	2	2	0	0	29623201	0	0	29614963	0	0	114805	45.156.129.131
5	1	1	0	0	29582859	0	0	29582859	0	0	62744	68.183.167.148
5	0	0	0	1	0	0	29578172	0	0	29578172	0	34.24.217.51
5	2	2	0	0	29617191	0	0	29607163	0	0	125488	45.156.129.130
5	1	1	0	1	29592017	0	29592017	29592017	0	29592017	62744	142.93.213.65
5	1	1	0	0	29603069	0	0	29603069	0	0	13479	162.120.185.243
5	0	0	0	1	0	0	29617340	0	0	29617340	0	172.178.115.16
5	0	0	0	1	0	0	29552603	0	0	29552603	0	87.236.176.94
5	0	0	0	1	0	0	29619558	0	0	29619558	0	20.65.194.54
5	0	0	0	1	0	0	29583361	0	0	29583361	0	98.81.60.48
5	0	0	0	3	0	0	29633029	0	0	29545501	0	207.46.13.229
5	2	2	0	0	29626373	0	0	29625753	0	0	104122	45.148.10.210
5	0	0	0	1	0	0	29592005	0	0	29592005	0	44.212.59.240
5	2	2	0	1	29555742	0	29555742	29555671	0	29555742	125488	178.16.53.144
5	0	0	0	1	0	0	29582905	0	0	29582905	0	20.65.144.90
5	1	1	0	1	29562544	0	29562544	29562544	0	29562544	13479	99.45.222.95
5	1	1	0	1	29555635	0	29547857	29555635	0	29547857	62744	197.248.204.18
5	1	1	0	0	29624988	0	0	29624988	0	0	52061	45.148.10.204
5	0	0	0	1	0	0	29610658	0	0	29610658	0	52.188.227.37
5	1	1	0	0	29613770	0	0	29613770	0	0	0	172.59.213.16
5	1	1	0	0	29574866	0	0	29574866	0	0	62744	103.92.46.181
5	2	2	0	0	29605964	0	0	29605782	0	0	26958	104.28.85.95
5	1	1	0	6	29597358	0	29597358	29597358	0	29597358	62744	157.230.13.255
5	1	1	0	0	29628839	0	0	29628839	0	0	52061	87.236.176.80
5	1	1	0	1	29631996	0	29631996	29631996	0	29631996	52061	157.230.211.167
5	1	1	0	1	29547054	0	29547054	29547054	0	29547054	62744	46.101.89.168
5	0	0	0	2	0	0	29573283	0	0	29566079	0	35.171.23.150
5	2	1	0	1	29627599	0	29627599	29627599	0	29627599	143984	136.107.46.160
5	1	1	0	0	29560534	0	0	29560534	0	0	62744	37.27.132.170
5	0	0	0	2	0	0	29591920	0	0	29591920	0	91.123.150.173
5	1	1	0	0	29620280	0	0	29620280	0	0	52061	35.224.23.56
5	2	1	0	0	29627640	0	0	29627640	0	0	143984	89.248.171.23
5	0	0	0	1	0	0	29598889	0	0	29598889	0	37.41.16.240
5	0	0	0	1	0	0	29553767	0	0	29553767	0	51.38.90.52
5	0	0	0	1	0	0	29620352	0	0	29620352	0	110.10.176.75
5	1	1	0	1	29570402	0	29599202	29570402	0	29599202	62744	54.161.202.8
5	1	1	0	1	29600644	0	29594877	29600644	0	29594877	62744	54.164.79.148
5	1	1	0	0	29550020	0	0	29550020	0	0	13479	54.39.89.7
5	6	6	0	11	29598779	0	29598776	29549802	0	29549798	376464	18.218.118.203
5	0	0	0	5	0	0	29557434	0	0	29555471	0	136.244.109.122
5	1	1	0	0	29624334	0	0	29624334	0	0	52061	98.84.110.46
5	1	1	0	0	29562735	0	0	29562735	0	0	62744	34.76.111.153
5	1	1	0	1	29591269	0	29548194	29591269	0	29548194	62744	48.214.144.135
5	0	0	0	1	0	0	29620525	0	0	29620525	0	207.46.13.154
5	1	1	0	0	29572062	0	0	29572062	0	0	62744	103.168.75.46
5	0	0	0	1	0	0	29629664	0	0	29629664	0	173.252.95.22
5	2	2	0	0	29633009	0	0	29633009	0	0	104122	8.211.33.128
5	0	0	0	1	0	0	29562810	0	0	29562810	0	20.169.104.65
5	1	1	0	0	29573477	0	0	29573477	0	0	62744	87.236.176.20
5	0	0	0	1	0	0	29576807	0	0	29576807	0	198.244.168.239
5	0	0	0	7	0	0	29617430	0	0	29570374	0	172.203.234.251
5	1	1	0	0	29597551	0	0	29597551	0	0	62744	178.20.210.173
5	0	0	0	1	0	0	29556943	0	0	29556943	0	172.203.245.156
5	2	2	0	1	29545964	0	29545962	29545962	0	29545962	26958	98.79.139.7
5	1	1	0	0	29586303	0	0	29586303	0	0	62744	172.237.124.46
5	0	0	0	1	0	0	29584623	0	0	29584623	0	20.221.56.85
5	0	0	0	1	0	0	29607993	0	0	29607993	0	43.153.54.14
5	2	2	0	6	29614829	0	29614829	29614829	0	29614829	125488	36.255.223.187
5	0	0	0	47	0	0	29631789	0	0	29571067	0	5.61.209.107
5	1	1	0	0	29616522	0	0	29616522	0	0	0	207.46.13.125
5	1	1	0	0	29562749	0	0	29562749	0	0	62744	193.24.123.41
5	1	1	0	0	29572510	0	0	29572510	0	0	62744	18.207.216.108
5	3	3	0	0	29596466	0	0	29564671	0	0	188232	71.6.199.65
5	1	1	0	0	29617403	0	0	29617403	0	0	13479	167.160.166.36
5	2	2	0	0	29613082	0	0	29613082	0	0	26958	194.87.104.224
5	1	1	0	0	29631627	0	0	29631627	0	0	52061	178.162.242.51
5	0	0	0	1	0	0	29610335	0	0	29610335	0	103.178.208.43
5	3	3	0	4	29614823	0	29614823	29614823	0	29614823	188232	46.101.179.158
5	0	0	0	1	0	0	29568040	0	0	29568040	0	202.126.89.236
5	0	0	0	1	0	0	29593380	0	0	29593380	0	134.122.97.103
5	0	0	0	1	0	0	29617037	0	0	29617037	0	46.101.179.153
5	1	1	0	0	29570601	0	0	29570601	0	0	62744	20.106.57.131
5	0	0	0	1	0	0	29615076	0	0	29615076	0	173.252.82.2
5	0	0	0	4	0	0	29627925	0	0	29614850	0	2.57.122.103
5	0	0	0	1	0	0	29603730	0	0	29603730	0	172.70.247.35
5	0	0	0	1	0	0	29571881	0	0	29571881	0	77.90.108.197
5	0	0	0	1	0	0	29565884	0	0	29565884	0	8.220.191.20
5	2	2	0	0	29607187	0	0	29607187	0	0	125488	47.251.42.170
5	1	1	0	0	29581897	0	0	29581897	0	0	62744	85.239.144.65
5	0	0	0	1	0	0	29626036	0	0	29626036	0	34.78.23.28
5	1	1	0	0	29549887	0	0	29549887	0	0	62744	179.43.166.250
5	1	1	0	0	29607279	0	0	29607279	0	0	13479	209.139.10.38
5	2	2	0	9	29549637	0	29549642	29547437	0	29549637	125488	71.6.199.23
5	0	0	0	1	0	0	29545598	0	0	29545598	0	104.23.217.99
5	0	0	0	1	0	0	29565517	0	0	29565517	0	104.23.217.98
5	1	1	0	9	29575922	0	29575927	29575922	0	29575922	62744	207.90.244.17
5	0	0	0	1	0	0	29577074	0	0	29577074	0	101.126.86.90
5	0	0	0	1	0	0	29554537	0	0	29554537	0	91.230.168.78
5	1	1	0	0	29568945	0	0	29568945	0	0	62744	134.122.51.51
5	1	1	0	0	29558719	0	0	29558719	0	0	62744	23.27.145.90
5	1	1	0	0	29626354	0	0	29626354	0	0	10293	51.81.71.215
5	1	1	0	0	29617763	0	0	29617763	0	0	52061	57.141.14.8
5	1	1	0	1	29606019	0	29606019	29606019	0	29606019	13479	172.254.254.78
5	0	0	0	1	0	0	29545919	0	0	29545919	0	54.87.4.21
5	2	1	0	1	29625986	0	29625986	29625986	0	29625986	143984	138.226.97.176
5	0	0	0	1	0	0	29598696	0	0	29598696	0	118.26.104.93
5	0	0	0	5	0	0	29602161	0	0	29597243	0	93.123.72.166
5	1	1	0	0	29564428	0	0	29564428	0	0	62744	27.47.25.99
5	1	1	0	0	29554029	0	0	29554029	0	0	62744	92.118.59.132
5	0	0	0	1	0	0	29612635	0	0	29612635	0	85.9.219.124
5	0	0	0	3	0	0	29601874	0	0	29601188	0	74.7.228.63
5	0	0	0	2	0	0	29577234	0	0	29574149	0	74.7.228.61
5	0	0	0	1	0	0	29556099	0	0	29556099	0	130.12.180.29
5	0	0	0	1	0	0	29547355	0	0	29547355	0	54.147.27.212
5	0	0	0	1	0	0	29564093	0	0	29564093	0	91.230.168.47
5	0	0	0	1	0	0	29609510	0	0	29609510	0	49.232.164.64
5	0	0	0	1	0	0	29625847	0	0	29625847	0	122.161.50.52
5	2	2	0	1	29611596	0	29611596	29611596	0	29611596	26958	35.186.186.214
5	1	1	0	0	29564646	0	0	29564646	0	0	62744	13.221.151.82
5	1	1	0	0	29555442	0	0	29555442	0	0	13479	52.236.94.150
5	2	1	0	1	29619408	0	29619408	29619408	0	29619408	143984	172.90.163.33
5	1	1	0	0	29572414	0	0	29572414	0	0	62744	54.161.38.67
5	0	0	0	1	0	0	29584444	0	0	29584444	0	91.230.168.20
5	0	0	0	1	0	0	29580206	0	0	29580206	0	74.244.195.11
5	1	1	0	0	29559064	0	0	29559064	0	0	62744	23.27.145.33
5	1	1	0	0	29617499	0	0	29617499	0	0	13479	52.34.76.65
5	0	0	0	1	0	0	29557464	0	0	29557464	0	135.119.112.180
5	1	1	0	0	29616647	0	0	29616647	0	0	62744	34.52.186.237
5	0	0	0	1	0	0	29549282	0	0	29549282	0	104.156.226.221
5	0	0	0	1	0	0	29568043	0	0	29568043	0	103.127.21.6
5	0	0	0	1	0	0	29605696	0	0	29605696	0	185.247.137.8
5	1	1	0	0	29558787	0	0	29558787	0	0	13479	23.27.145.23
5	1	1	0	0	29617816	0	0	29617816	0	0	52061	93.158.90.71
5	0	0	0	1	0	0	29603886	0	0	29603886	0	87.236.176.244
5	1	1	0	0	29624284	0	0	29624284	0	0	52061	185.247.137.3
5	1	1	0	0	29549796	0	0	29549796	0	0	62744	84.247.191.23
5	1	1	0	0	29582014	0	0	29582014	0	0	62744	87.236.176.239
5	0	0	0	1	0	0	29565608	0	0	29565608	0	66.249.76.74
5	1	1	0	0	29545840	0	0	29545840	0	0	13479	66.249.76.73
5	1	1	0	0	29612163	0	0	29612163	0	0	62744	54.224.210.222
5	1	1	0	2	29546021	0	29626657	29546021	0	29571312	13479	66.249.76.72
5	0	0	0	1	0	0	29593068	0	0	29593068	0	172.71.164.56
5	1	1	0	0	29617707	0	0	29617707	0	0	52061	43.155.195.141
5	2	2	0	1	29602290	0	29602290	29602290	0	29602290	26958	174.18.46.228
5	0	0	0	1	0	0	29616661	0	0	29616661	0	154.8.193.97
5	0	0	0	1	0	0	29581445	0	0	29581445	0	101.249.61.130
5	4	4	0	0	29558339	0	0	29558339	0	0	250976	16.184.9.193
5	3	3	0	0	29632528	0	0	29632528	0	0	156183	34.121.238.53
5	0	0	0	1	0	0	29576772	0	0	29576772	0	87.236.176.215
5	2	2	0	3	29611822	0	29611822	29611821	0	29611821	76223	54.167.77.181
5	1	1	0	1	29609987	0	29609987	29609987	0	29609987	62744	87.236.176.213
5	2	2	0	0	29584798	0	0	29584546	0	0	26958	66.249.76.45
5	0	0	0	2	0	0	29584799	0	0	29584546	0	66.249.76.44
5	1	1	0	0	29584799	0	0	29584799	0	0	13479	66.249.76.43
5	2	2	0	0	29554176	0	0	29554169	0	0	125488	192.104.34.34
5	0	0	0	1	0	0	29611650	0	0	29611650	0	185.210.154.83
5	1	1	0	1	29623768	0	29623769	29623768	0	29623769	52061	45.156.128.94
5	0	0	0	3	0	0	29600801	0	0	29590085	0	187.17.224.139
5	0	0	0	1	0	0	29578044	0	0	29578044	0	87.236.176.192
5	0	0	0	1	0	0	29589316	0	0	29589316	0	194.88.98.93
5	0	0	0	2	0	0	29623769	0	0	29623769	0	45.156.128.91
5	0	0	0	1	0	0	29567043	0	0	29567043	0	20.81.178.203
5	0	0	0	3	0	0	29615915	0	0	29615915	0	199.45.155.108
5	1	1	0	0	29598956	0	0	29598956	0	0	62744	87.236.176.186
5	1	1	0	2	29623084	0	29623084	29623084	0	29623084	52061	199.45.155.106
5	0	0	0	1	0	0	29547476	0	0	29547476	0	164.92.243.238
5	1	1	0	0	29563193	0	0	29563193	0	0	62744	87.236.176.182
5	1	1	0	0	29546910	0	0	29546910	0	0	62744	3.6.151.226
5	0	0	0	1	0	0	29551363	0	0	29551363	0	87.236.176.181
5	1	1	0	0	29623828	0	0	29623828	0	0	52061	103.186.59.134
5	0	0	0	1	0	0	29581919	0	0	29581919	0	54.226.167.88
5	1	1	0	0	29617677	0	0	29617677	0	0	62818	43.157.174.69
5	1	1	0	0	29595028	0	0	29595028	0	0	62744	157.230.1.127
5	0	0	0	1	0	0	29617770	0	0	29617770	0	172.203.212.192
5	1	1	0	0	29630260	0	0	29630260	0	0	52061	176.65.149.35
5	0	0	0	1	0	0	29610568	0	0	29610568	0	52.248.40.89
5	1	1	0	0	29617647	0	0	29617647	0	0	52061	124.156.226.179
5	1	1	0	3	29603637	0	29603638	29603637	0	29603638	62744	45.156.128.56
5	1	1	0	0	29556176	0	0	29556176	0	0	62744	212.113.99.96
5	1	1	0	0	29577765	0	0	29577765	0	0	62744	45.156.128.49
5	1	1	0	0	29556511	0	0	29556511	0	0	13479	142.44.228.11
5	1	1	0	0	29553730	0	0	29553730	0	0	62744	45.156.128.47
5	0	0	0	1	0	0	29586241	0	0	29586241	0	3.90.250.34
5	0	0	0	1	0	0	29583451	0	0	29583451	0	42.48.38.184
5	2	2	0	0	29559833	0	0	29552680	0	0	125488	45.156.128.43
5	1	1	0	0	29563107	0	0	29563107	0	0	13479	106.49.63.109
5	1	1	0	0	29592821	0	0	29592821	0	0	62744	45.156.128.41
5	1	1	0	0	29628901	0	0	29628901	0	0	52061	34.42.100.231
5	1	1	0	0	29571305	0	0	29571305	0	0	62744	34.93.210.140
5	1	1	0	0	29548343	0	0	29548343	0	0	62744	45.156.128.37
5	1	1	0	1	29603523	0	29602084	29603523	0	29602084	62744	100.53.142.60
5	0	0	0	2	0	0	29629055	0	0	29629055	0	45.142.193.24
5	0	0	0	1	0	0	29628919	0	0	29628919	0	45.77.78.32
5	1	1	0	0	29623186	0	0	29623186	0	0	52061	185.244.8.132
5	0	0	0	1	0	0	29608483	0	0	29608483	0	43.166.226.186
5	0	0	0	1	0	0	29562659	0	0	29562659	0	164.92.248.125
5	1	1	0	0	29619608	0	0	29619608	0	0	10293	148.113.128.222
5	1	1	0	0	29571587	0	0	29571587	0	0	62744	120.216.100.175
5	1	1	0	0	29630738	0	0	29630738	0	0	52061	87.236.176.117
5	0	0	0	2	0	0	29622245	0	0	29622245	0	44.220.185.69
5	0	0	0	1	0	0	29562262	0	0	29562262	0	87.236.176.114
5	1	1	0	0	29583362	0	0	29583362	0	0	62744	34.203.200.187
5	1	1	0	0	29627433	0	0	29627433	0	0	52061	45.156.128.14
5	0	0	0	1	0	0	29616450	0	0	29616450	0	167.71.53.238
5	1	1	0	0	29594653	0	0	29594653	0	0	62744	205.210.31.236
5	2	1	0	1	29632069	0	29632069	29632069	0	29632069	143984	108.220.30.68
5	0	0	0	1	0	0	29629097	0	0	29629097	0	20.14.89.155
5	1	1	0	0	29575369	0	0	29575369	0	0	62744	202.58.242.20
5	0	0	0	1	0	0	29631631	0	0	29631631	0	205.210.31.225
5	2	2	0	0	29549895	0	0	29549895	0	0	62744	46.205.199.30
5	2	2	0	0	29612258	0	0	29611595	0	0	125488	183.99.77.198
5	0	0	0	4	0	0	29597112	0	0	29597112	0	185.156.73.73
5	4	4	0	0	29589723	0	0	29589707	0	0	250976	185.177.72.62
5	1	1	0	3	29545749	0	29545749	29545749	0	29545748	62744	47.250.122.222
5	1	1	0	1	29573080	0	29573080	29573080	0	29573080	62744	174.138.7.174
5	1	1	0	0	29626797	0	0	29626797	0	0	52061	77.74.177.118
5	0	0	0	5	0	0	29560906	0	0	29560906	0	103.218.240.172
5	2	2	0	0	29606055	0	0	29580211	0	0	125488	77.74.177.114
5	1	1	0	0	29630367	0	0	29630367	0	0	52061	205.210.31.213
5	1	1	0	0	29626599	0	0	29626599	0	0	52061	103.142.88.197
5	2	2	0	1	29565601	0	29565596	29565595	0	29565596	76223	143.198.171.162
5	0	0	0	1	0	0	29605137	0	0	29605137	0	47.77.234.253
5	1	1	0	3	29574578	0	29574578	29574578	0	29574578	62744	141.98.80.111
5	1	1	0	0	29578443	0	0	29578443	0	0	62744	205.210.31.211
5	1	1	0	0	29581415	0	0	29581415	0	0	62744	42.48.38.118
5	3	3	0	4	29556179	0	29556179	29556179	0	29556179	188232	64.225.100.72
5	0	0	0	1	0	0	29560321	0	0	29560321	0	3.94.184.97
5	0	0	0	1	0	0	29563989	0	0	29563989	0	14.99.83.179
5	1	1	0	0	29568469	0	0	29568469	0	0	13479	74.7.241.34
5	2	2	0	1	29581677	0	29581677	29581677	0	29581677	125488	88.216.68.170
5	1	1	0	0	29594670	0	0	29594670	0	0	13479	74.7.241.33
5	1	1	0	0	29613708	0	0	29613708	0	0	62744	98.88.137.2
5	1	1	0	0	29630111	0	0	29630111	0	0	52061	98.83.147.108
5	0	0	0	3	0	0	29576772	0	0	29567036	0	185.156.73.31
5	0	0	0	1	0	0	29581882	0	0	29581882	0	177.136.235.46
5	1	1	0	0	29557234	0	0	29557234	0	0	62744	205.210.31.168
5	1	1	0	0	29601924	0	0	29601924	0	0	13479	74.7.241.21
5	0	0	0	1	0	0	29570611	0	0	29570611	0	205.210.31.165
5	1	1	0	0	29547968	0	0	29547968	0	0	62744	74.249.178.114
5	4	4	0	0	29631621	0	0	29627377	0	0	44352	74.7.241.15
5	0	0	0	2	0	0	29558654	0	0	29558641	0	47.253.116.19
5	1	1	0	3	29595815	0	29595815	29595815	0	29595815	62744	118.193.44.169
5	0	0	0	1	0	0	29580175	0	0	29580175	0	223.223.134.143
5	2	2	0	1	29594853	0	29594853	29594853	0	29594853	26958	108.28.206.116
5	0	0	0	1	0	0	29553390	0	0	29553390	0	142.44.233.240
5	0	0	0	1	0	0	29557287	0	0	29557287	0	52.180.157.167
5	2	1	0	1	29622889	0	29622889	29622889	0	29622889	143984	172.58.129.195
5	1	1	0	0	29576294	0	0	29576294	0	0	62744	205.210.31.145
5	1	1	0	2	29626837	0	29626837	29626837	0	29626837	52061	8.228.111.71
5	0	0	0	1	0	0	29628919	0	0	29628919	0	99.141.157.182
5	1	1	0	0	29558717	0	0	29558717	0	0	62744	205.210.31.135
5	2	2	0	1	29585746	0	29585746	29585746	0	29585746	26958	65.23.171.193
5	2	2	0	0	29557040	0	0	29547358	0	0	125488	20.240.218.191
5	1	1	0	9	29618937	0	29618942	29618937	0	29618937	52061	71.6.146.130
5	1	1	0	0	29619296	0	0	29619296	0	0	52061	162.216.150.73
5	1	1	0	1	29562659	0	29562659	29562659	0	29562659	62744	188.166.166.54
5	1	1	0	0	29599197	0	0	29599197	0	0	13479	195.40.101.23
5	0	0	0	1	0	0	29616951	0	0	29616951	0	194.187.179.1
5	1	1	0	0	29564665	0	0	29564665	0	0	62744	35.203.210.214
5	1	1	0	0	29545824	0	0	29545824	0	0	62744	162.216.150.57
5	0	0	0	1	0	0	29551363	0	0	29551363	0	165.154.182.154
5	3	3	0	36	29545418	0	29545418	29545417	0	29545417	125488	68.183.9.16
5	2	2	0	0	29545856	0	0	29545856	0	0	62744	195.211.77.141
5	0	0	0	5	0	0	29619093	0	0	29613274	0	77.83.39.197
5	1	1	0	0	29553733	0	0	29553733	0	0	62744	205.210.31.106
5	0	0	0	1	0	0	29578253	0	0	29578253	0	213.177.31.39
5	7	7	0	22	29568180	0	29601790	29558156	0	29558157	439208	185.91.69.5
5	0	0	0	1	0	0	29600340	0	0	29600340	0	159.138.123.236
5	2	1	0	1	29618888	0	29618889	29618888	0	29618889	143984	174.210.165.143
5	6	6	0	12	29626058	0	29626058	29626058	0	29626058	61758	178.128.79.114
5	1	1	0	0	29627786	0	0	29627786	0	0	52061	43.156.109.53
5	2	2	0	2	29568595	0	29568614	29568591	0	29568591	26958	217.142.20.7
5	0	0	0	1	0	0	29597109	0	0	29597109	0	74.7.230.1
5	0	0	0	1	0	0	29581496	0	0	29581496	0	173.252.70.30
5	2	2	0	0	29609169	0	0	29566301	0	0	125488	35.203.210.175
5	1	1	0	0	29623186	0	0	29623186	0	0	62818	201.139.95.35
5	0	0	0	1	0	0	29550262	0	0	29550262	0	162.216.149.21
5	1	1	0	0	29620975	0	0	29620975	0	0	52061	35.203.210.162
5	0	0	0	1	0	0	29607748	0	0	29607748	0	173.252.70.14
5	0	0	0	1	0	0	29580227	0	0	29580227	0	173.252.70.12
5	0	0	0	7	0	0	29586480	0	0	29549973	0	77.83.39.162
5	0	0	0	1	0	0	29611349	0	0	29611349	0	173.252.70.10
5	0	0	0	1	0	0	29615922	0	0	29615922	0	3.138.107.103
5	0	0	0	1	0	0	29575633	0	0	29575633	0	206.189.25.78
5	0	0	0	3	0	0	29608101	0	0	29565567	0	20.169.85.114
5	0	0	0	1	0	0	29571845	0	0	29571845	0	98.89.3.242
5	1	1	0	2	29613605	0	29558516	29613605	0	29553119	62744	18.215.159.152
5	0	0	0	1	0	0	29546007	0	0	29546007	0	116.52.141.99
5	1	1	0	0	29612800	0	0	29612800	0	0	62744	3.91.250.164
5	0	0	0	1	0	0	29574134	0	0	29574134	0	46.19.137.194
5	0	0	0	2	0	0	29620808	0	0	29592001	0	100.53.3.126
5	1	1	0	5	29627271	0	29627276	29627271	0	29627271	52061	71.6.135.131
5	1	1	0	3	29595718	0	29595718	29595718	0	29595718	62744	165.154.182.92
5	0	0	0	1	0	0	29580457	0	0	29580457	0	13.222.182.239
5	0	0	0	1	0	0	29546662	0	0	29546662	0	40.124.116.246
5	1	1	0	0	29547388	0	0	29547388	0	0	62744	35.203.210.121
5	1	1	0	1	29577109	0	29577109	29577109	0	29577109	13479	66.169.88.43
5	0	0	0	1	0	0	29581958	0	0	29581958	0	107.189.7.189
5	1	1	0	0	29553840	0	0	29553840	0	0	62744	206.189.137.202
5	1	1	0	0	29569513	0	0	29569513	0	0	62744	144.31.25.220
5	1	1	0	0	29626354	0	0	29626354	0	0	10293	94.176.61.219
5	1	1	0	0	29559046	0	0	29559046	0	0	62744	20.169.80.121
5	0	0	0	1	0	0	29617922	0	0	29617922	0	54.242.125.209
5	0	0	0	1	0	0	29620332	0	0	29620332	0	109.105.210.94
5	0	0	0	1	0	0	29585505	0	0	29585505	0	45.39.244.108
5	1	1	0	0	29574723	0	0	29574723	0	0	62744	109.105.210.93
5	24	23	0	34	29627807	0	29627807	29545417	0	29545419	390515	76.35.159.1
5	1	1	0	0	29556816	0	0	29556816	0	0	62744	20.106.196.31
5	1	1	0	0	29555996	0	0	29555996	0	0	62744	35.172.190.251
5	0	0	0	1	0	0	29560913	0	0	29560913	0	100.27.169.19
5	0	0	0	1	0	0	29591798	0	0	29591798	0	37.79.25.102
5	0	0	0	1	0	0	29564674	0	0	29564674	0	77.83.39.103
5	1	1	0	0	29623720	0	0	29623720	0	0	52061	47.77.223.127
5	4	4	0	0	29609230	0	0	29607225	0	0	53916	89.208.216.13
5	1	1	0	1	29610807	0	29610807	29610807	0	29610807	62744	159.203.160.10
5	0	0	0	2	0	0	29566018	0	0	29566018	0	205.237.106.117
5	1	1	0	0	29560177	0	0	29560177	0	0	62744	223.66.44.196
5	1	1	0	1	29555686	0	29555686	29555686	0	29555686	62744	139.59.61.131
5	6	3	0	3	29626354	0	29626354	29623350	0	29623350	431952	135.232.19.31
5	0	0	0	2	0	0	29629190	0	0	29629190	0	195.177.94.161
5	6	6	0	9	29564271	0	29564271	29545417	0	29545417	53916	213.55.240.147
5	1	1	0	0	29620450	0	0	29620450	0	0	52061	43.153.220.157
5	1	1	0	1	29547413	0	29547413	29547413	0	29547413	62744	147.182.252.238
5	1	1	0	0	29602867	0	0	29602867	0	0	62744	193.233.89.249
5	1	1	0	0	29581335	0	0	29581335	0	0	62744	180.153.236.91
5	0	0	0	1	0	0	29610043	0	0	29610043	0	43.157.98.187
5	1	1	0	0	29575494	0	0	29575494	0	0	62744	95.85.251.170
5	0	0	0	1	0	0	29624503	0	0	29624503	0	20.14.93.87
5	1	1	0	0	29556660	0	0	29556660	0	0	62744	180.153.236.81
5	0	0	0	2	0	0	29562991	0	0	29562991	0	152.53.21.162
5	2	2	0	0	29627162	0	0	29627162	0	0	20586	118.139.167.102
5	0	0	0	1	0	0	29578903	0	0	29578903	0	20.64.104.31
5	0	0	0	1	0	0	29631520	0	0	29631520	0	185.191.171.19
5	1	1	0	1	29559695	0	29559695	29559695	0	29559695	13479	3.16.215.198
5	0	0	0	1	0	0	29624414	0	0	29624414	0	216.24.219.152
5	1	1	0	1	29623497	0	29627705	29623497	0	29627705	52061	185.191.171.18
5	0	0	0	2	0	0	29602018	0	0	29551828	0	172.245.21.30
5	0	0	0	1	0	0	29556216	0	0	29556216	0	185.191.171.17
5	1	1	0	0	29631520	0	0	29631520	0	0	52061	185.191.171.16
5	2	2	0	1	29629055	0	29629027	29629054	0	29629027	104122	176.120.22.147
5	0	0	0	4	0	0	29614715	0	0	29553867	0	80.82.70.133
5	0	0	0	1	0	0	29556766	0	0	29556766	0	185.191.171.15
5	1	1	0	0	29556766	0	0	29556766	0	0	62744	185.191.171.13
5	0	0	0	1	0	0	29556216	0	0	29556216	0	185.191.171.12
5	0	0	0	1	0	0	29564828	0	0	29564828	0	103.100.178.24
5	0	0	0	4	0	0	29610147	0	0	29609508	0	176.120.22.139
5	1	1	0	1	29630658	0	29630658	29630658	0	29630658	52061	142.93.152.4
5	1	1	0	2	29564818	0	29564818	29564818	0	29564818	13479	67.144.16.170
5	0	0	0	1	0	0	29628919	0	0	29628919	0	73.12.41.63
5	1	1	0	0	29620579	0	0	29620579	0	0	52061	147.93.157.131
5	1	1	0	0	29624220	0	0	29624220	0	0	52061	147.185.132.97
5	1	1	0	0	29624414	0	0	29624414	0	0	52061	216.24.219.129
5	0	0	0	2	0	0	29565593	0	0	29565593	0	64.227.18.117
5	0	0	0	1	0	0	29564255	0	0	29564255	0	103.67.64.210
5	1	1	0	0	29571027	0	0	29571027	0	0	62744	180.153.236.43
5	0	0	0	1	0	0	29593655	0	0	29593655	0	122.177.242.139
5	0	0	0	1	0	0	29620268	0	0	29620268	0	207.180.222.68
5	3	3	0	4	29547570	0	29547570	29547570	0	29547570	188232	138.68.102.27
5	1	1	0	0	29623233	0	0	29623233	0	0	10293	85.254.7.150
5	0	0	0	220	0	0	29617793	0	0	29575405	0	46.151.178.13
5	0	0	0	2	0	0	29624675	0	0	29613376	0	74.125.212.129
5	1	1	0	0	29577327	0	0	29577327	0	0	62744	147.185.132.84
5	0	0	0	3	0	0	29626403	0	0	29586167	0	74.125.212.130
5	0	0	0	1	0	0	29603069	0	0	29603069	0	74.125.212.128
5	1	1	0	0	29624413	0	0	29624413	0	0	52061	216.24.219.115
5	0	0	0	1	0	0	29628123	0	0	29628123	0	136.144.43.156
5	1	1	0	0	29611767	0	0	29611767	0	0	62744	143.198.126.201
5	2	2	0	0	29607344	0	0	29596200	0	0	125488	54.185.93.236
5	0	0	0	1	0	0	29620475	0	0	29620475	0	20.169.104.204
5	1	1	0	0	29558061	0	0	29558061	0	0	62744	103.200.133.153
5	0	0	0	1	0	0	29619361	0	0	29619361	0	54.221.33.251
5	1	1	0	1	29564404	0	29564404	29564404	0	29564404	62744	144.126.206.179
5	1	1	0	1	29628919	0	29628919	29628919	0	29628919	10293	75.217.135.126
5	0	0	0	2	0	0	29624346	0	0	29624346	0	47.109.91.215
5	0	0	0	1	0	0	29560273	0	0	29560273	0	173.252.82.16
5	0	0	0	1	0	0	29619053	0	0	29619053	0	51.195.215.85
5	0	0	0	1	0	0	29556179	0	0	29556179	0	165.22.20.104
5	1	1	0	0	29595958	0	0	29595958	0	0	13479	162.120.186.75
5	0	0	0	1	0	0	29628919	0	0	29628919	0	119.13.208.217
5	2	2	0	0	29611558	0	0	29611558	0	0	26958	3.234.31.3
5	1	1	0	0	29626110	0	0	29626110	0	0	52061	147.185.132.43
5	1	1	0	1	29610000	0	29608489	29610000	0	29608489	62744	129.121.87.230
5	1	1	0	0	29629090	0	0	29629090	0	0	52061	147.185.132.33
5	0	0	0	7	0	0	29622686	0	0	29573015	0	185.93.89.10
5	0	0	0	1	0	0	29564355	0	0	29564355	0	162.158.111.82
5	1	1	0	0	29548511	0	0	29548511	0	0	62744	103.141.230.148
5	1	1	0	0	29619557	0	0	29619557	0	0	52061	131.175.120.42
5	0	0	0	1	0	0	29562426	0	0	29562426	0	162.158.111.81
5	1	1	0	0	29568623	0	0	29568623	0	0	62744	154.50.139.52
5	1	1	0	0	29609940	0	0	29609940	0	0	62744	13.222.159.208
5	1	1	0	0	29579639	0	0	29579639	0	0	62744	104.131.59.46
5	1	1	0	0	29620748	0	0	29620748	0	0	0	43.161.217.170
5	0	0	0	1	0	0	29581228	0	0	29581228	0	207.154.228.110
5	1	1	0	0	29593094	0	0	29593094	0	0	13479	52.230.164.180
5	0	0	0	1	0	0	29552607	0	0	29552607	0	77.42.248.5
5	0	0	0	1	0	0	29573339	0	0	29573339	0	1.54.154.56
5	0	0	0	1	0	0	29614715	0	0	29614715	0	152.32.255.94
5	1	1	0	0	29618960	0	0	29618960	0	0	52061	34.140.251.161
5	0	0	0	1	0	0	29591359	0	0	29591359	0	147.185.132.19
5	2	1	0	1	29627455	0	29627455	29627455	0	29627455	143984	165.225.10.120
5	1	1	0	3	29565594	0	29565594	29565594	0	29565594	62744	161.35.50.255
5	1	1	0	0	29600755	0	0	29600755	0	0	62744	35.174.85.105
5	1	1	0	0	29596868	0	0	29596868	0	0	62744	43.132.188.251
5	1	1	0	0	29617667	0	0	29617667	0	0	52061	43.135.182.43
5	0	0	0	1	0	0	29548397	0	0	29548397	0	94.231.206.203
5	0	0	0	1	0	0	29559990	0	0	29559990	0	104.28.157.192
5	0	0	0	1	0	0	29598696	0	0	29598696	0	94.231.206.202
5	0	0	0	1	0	0	29551865	0	0	29551865	0	94.231.206.201
5	1	1	0	0	29564090	0	0	29564090	0	0	62744	195.184.76.3
5	0	0	0	1	0	0	29629447	0	0	29629447	0	54.89.192.82
5	0	0	0	1	0	0	29550837	0	0	29550837	0	192.241.131.250
5	1	1	0	0	29599203	0	0	29599203	0	0	62744	54.242.154.56
5	0	0	0	1	0	0	29572300	0	0	29572300	0	103.225.242.129
5	1	1	0	0	29577503	0	0	29577503	0	0	62744	206.189.68.93
5	1	1	0	0	29552843	0	0	29552843	0	0	62744	34.22.144.178
5	0	0	0	1	0	0	29554572	0	0	29554572	0	54.39.89.203
5	0	0	0	1	0	0	29564131	0	0	29564131	0	159.223.147.52
5	1	1	0	0	29583627	0	0	29583627	0	0	62744	185.247.137.225
5	2	2	0	0	29592589	0	0	29546226	0	0	125488	3.151.194.164
5	0	0	0	1	0	0	29582839	0	0	29582839	0	185.247.137.220
5	1	1	0	0	29548394	0	0	29548394	0	0	62744	94.231.206.156
5	0	0	0	1	0	0	29568092	0	0	29568092	0	94.231.206.155
5	1	1	0	0	29611843	0	0	29611843	0	0	62744	34.44.58.154
5	0	0	0	1	0	0	29586249	0	0	29586249	0	54.237.205.1
5	4	4	0	0	29619132	0	0	29619132	0	0	208244	13.203.30.157
5	1	1	0	0	29625812	0	0	29625812	0	0	52061	45.61.151.96
5	1	1	0	0	29623058	0	0	29623058	0	0	52061	185.247.137.193
5	7	7	0	0	29552743	0	0	29545715	0	0	439208	51.89.23.223
5	1	1	0	0	29570085	0	0	29570085	0	0	0	35.92.241.107
5	1	1	0	1	29565635	0	29565635	29565635	0	29565635	62744	85.217.149.5
5	0	0	0	1	0	0	29588169	0	0	29588169	0	185.247.137.202
5	4	4	0	0	29546256	0	0	29546256	0	0	250976	52.64.121.9
5	0	0	0	2	0	0	29562659	0	0	29562659	0	164.92.178.52
5	1	1	0	0	29568089	0	0	29568089	0	0	62744	94.231.206.135
5	0	0	0	1	0	0	29609041	0	0	29609041	0	43.135.36.201
5	0	0	0	1	0	0	29582839	0	0	29582839	0	66.240.236.119
5	1	1	0	0	29557154	0	0	29557154	0	0	62744	185.247.137.180
5	2	2	0	3	29628916	0	29628919	29628916	0	29628916	104122	34.173.239.49
5	2	2	0	0	29624430	0	0	29612692	0	0	114805	66.240.236.116
5	1	1	0	1	29607945	0	29607945	29607945	0	29607945	13479	81.167.26.57
5	0	0	0	1	0	0	29631781	0	0	29631781	0	34.34.178.22
5	1	1	0	0	29569773	0	0	29569773	0	0	62744	216.180.246.83
5	0	0	0	1	0	0	29582839	0	0	29582839	0	185.247.137.172
5	1	1	0	0	29567615	0	0	29567615	0	0	62744	45.79.181.94
5	0	0	0	1	0	0	29628919	0	0	29628919	0	67.10.136.213
5	1	1	0	1	29554824	0	29554824	29554824	0	29554824	13479	38.202.2.50
5	1	1	0	0	29576209	0	0	29576209	0	0	62744	109.105.210.102
5	1	1	0	0	29576807	0	0	29576807	0	0	0	54.39.89.142
5	0	0	0	1	0	0	29597198	0	0	29597198	0	109.105.210.100
5	0	0	0	1	0	0	29592894	0	0	29592894	0	51.210.106.125
5	1	1	0	0	29616503	0	0	29616503	0	0	62744	65.49.1.51
5	0	0	0	1	0	0	29567036	0	0	29567036	0	185.247.137.161
5	0	0	0	1	0	0	29563580	0	0	29563580	0	94.231.206.109
5	1	1	0	0	29583612	0	0	29583612	0	0	62744	94.231.206.107
5	0	0	0	2	0	0	29600381	0	0	29600380	0	146.190.48.172
5	0	0	0	1	0	0	29616508	0	0	29616508	0	65.49.1.46
5	1	1	0	1	29546420	0	29546420	29546420	0	29546420	62744	165.232.121.11
5	0	0	0	2	0	0	29629200	0	0	29580640	0	20.65.192.214
5	0	0	0	1	0	0	29589691	0	0	29589691	0	185.247.137.154
5	1	1	0	1	29581821	0	29571319	29581821	0	29571319	62744	20.64.104.184
5	1	1	0	0	29566140	0	0	29566140	0	0	62744	172.237.102.140
5	0	0	0	1	0	0	29601949	0	0	29601949	0	20.65.193.28
5	1	1	0	2	29616491	0	29616530	29616491	0	29616524	62744	65.49.1.38
5	1	1	0	9	29624942	0	29624948	29624942	0	29624943	52061	94.102.49.193
5	0	0	0	6	0	0	29597436	0	0	29546594	0	135.237.127.54
5	0	0	0	1	0	0	29617718	0	0	29617718	0	78.188.141.127
5	0	0	0	1	0	0	29628919	0	0	29628919	0	75.35.5.149
5	0	0	0	1	0	0	29622244	0	0	29622244	0	185.247.137.144
5	1	1	0	2	29554656	0	29563797	29554656	0	29554656	62744	92.63.197.197
5	1	1	0	3	29548889	0	29548889	29548889	0	29548889	62744	103.157.204.219
5	1	1	0	0	29568308	0	0	29568308	0	0	62744	185.247.137.139
5	1	1	0	0	29547042	0	0	29547042	0	0	13479	54.39.210.82
5	1	1	0	0	29597199	0	0	29597199	0	0	0	54.174.62.145
5	0	0	0	1	0	0	29603634	0	0	29603634	0	181.14.130.164
5	0	0	0	1	0	0	29614715	0	0	29614715	0	171.8.138.252
5	1	1	0	0	29555748	0	0	29555748	0	0	62744	157.180.36.212
5	0	0	0	1	0	0	29572291	0	0	29572291	0	185.247.137.127
5	1	1	0	0	29593444	0	0	29593444	0	0	62744	44.201.161.32
5	1	1	0	0	29632220	0	0	29632220	0	0	52061	172.105.128.11
5	1	1	0	0	29568885	0	0	29568885	0	0	62744	112.254.201.215
5	0	0	0	1	0	0	29573786	0	0	29573786	0	216.180.246.31
5	0	0	0	1	0	0	29612948	0	0	29612948	0	122.162.148.15
5	0	0	0	1	0	0	29555181	0	0	29555181	0	49.13.14.198
5	0	0	0	1	0	0	29570401	0	0	29570401	0	44.201.208.109
5	1	1	0	0	29577562	0	0	29577562	0	0	62744	185.247.137.117
5	0	0	0	1	0	0	29551372	0	0	29551372	0	197.5.144.241
5	0	0	0	2	0	0	29565551	0	0	29565551	0	45.135.194.49
5	0	0	0	3	0	0	29630786	0	0	29553867	0	94.102.49.155
5	1	1	0	1	29629679	0	29629679	29629679	0	29629679	52061	206.189.99.55
5	1	1	0	0	29552678	0	0	29552678	0	0	13479	198.244.183.237
5	0	0	0	4	0	0	29549060	0	0	29549060	0	216.180.246.10
5	0	0	0	1	0	0	29591486	0	0	29591486	0	20.65.192.150
5	0	0	0	1	0	0	29579026	0	0	29579026	0	77.68.151.69
5	0	0	0	1	0	0	29547356	0	0	29547356	0	3.91.205.122
5	1	1	0	0	29553877	0	0	29553877	0	0	62744	142.93.65.52
5	1	1	0	0	29572489	0	0	29572489	0	0	62744	20.64.104.120
5	1	1	0	0	29554774	0	0	29554774	0	0	62744	67.207.93.181
5	1	1	0	0	29583073	0	0	29583073	0	0	13479	66.249.78.9
5	0	0	0	1	0	0	29556110	0	0	29556110	0	178.18.245.249
5	1	1	0	0	29627754	0	0	29627754	0	0	52061	43.157.156.190
5	1	1	0	9	29597619	0	29597624	29597619	0	29597619	62744	66.240.219.146
5	0	0	0	1	0	0	29627640	0	0	29627640	0	94.102.49.128
5	1	1	0	1	29623646	0	29623647	29623646	0	29623647	52061	203.55.131.3
5	0	0	0	7	0	0	29617203	0	0	29617203	0	179.43.186.241
5	0	0	0	1	0	0	29553254	0	0	29553254	0	54.39.210.22
5	2	2	0	1	29591594	0	29605953	29583071	0	29605953	26958	66.249.78.1
5	1	1	0	0	29590559	0	0	29590559	0	0	62744	184.73.145.244
5	1	1	0	0	29626365	0	0	29626365	0	0	52061	220.197.193.177
5	1	1	0	0	29559933	0	0	29559933	0	0	13479	206.83.127.145
5	0	0	0	1	0	0	29586274	0	0	29586274	0	40.80.201.49
5	0	0	0	1	0	0	29564036	0	0	29564036	0	51.195.183.2
5	1	1	0	3	29629709	0	29629709	29629709	0	29629709	52061	118.194.251.101
5	1	1	0	3	29549400	0	29549400	29549400	0	29549400	62744	39.109.113.59
5	0	0	0	1	0	0	29550393	0	0	29550393	0	152.42.138.131
5	0	0	0	1	0	0	29628919	0	0	29628919	0	45.41.184.2
5	0	0	0	1	0	0	29613497	0	0	29613497	0	185.231.33.46
5	0	0	0	1	0	0	29592588	0	0	29592588	0	106.52.199.12
5	0	0	0	1	0	0	29552678	0	0	29552678	0	198.244.183.161
5	0	0	0	1	0	0	29597766	0	0	29597766	0	3.89.226.152
5	0	0	0	2	0	0	29613402	0	0	29613402	0	144.172.92.113
5	2	2	0	2	29594760	0	29595059	29594473	0	29594161	125488	108.181.56.75
5	2	2	0	1	29583074	0	29583071	29583071	0	29583071	26958	107.122.70.130
5	0	0	0	1	0	0	29628919	0	0	29628919	0	162.199.165.133
5	0	0	0	2	0	0	29626057	0	0	29626057	0	147.182.217.15
5	1	1	0	0	29556782	0	0	29556782	0	0	62744	98.70.221.174
5	2	2	0	1	29553234	0	29553234	29553234	0	29553234	26958	65.130.164.240
5	1	1	0	0	29625126	0	0	29625126	0	0	52061	174.129.71.167
5	0	0	0	1	0	0	29601188	0	0	29601188	0	167.99.140.61
5	0	0	0	1	0	0	29607848	0	0	29607848	0	18.206.252.118
5	0	0	0	1	0	0	29557573	0	0	29557573	0	47.77.193.62
5	2	2	0	0	29576274	0	0	29576274	0	0	26958	74.7.227.62
5	0	0	0	1	0	0	29612665	0	0	29612665	0	104.223.6.190
5	0	0	0	1	0	0	29577324	0	0	29577324	0	49.151.168.67
5	5	5	0	0	29617858	0	0	29580578	0	0	64209	198.145.79.218
5	2	2	0	1	29557338	0	29557338	29557338	0	29557338	26958	74.7.227.54
5	1	1	0	0	29581923	0	0	29581923	0	0	62744	54.224.113.78
5	0	0	0	1	0	0	29565617	0	0	29565617	0	66.175.211.185
5	2	2	0	1	29562874	0	29562874	29562874	0	29562874	26958	136.49.81.24
5	1	1	0	0	29613288	0	0	29613288	0	0	0	34.221.30.7
5	2	2	0	1	29557578	0	29557578	29557578	0	29557578	26958	74.7.227.36
5	1	1	0	0	29578268	0	0	29578268	0	0	62744	64.188.106.84
5	0	0	0	1	0	0	29597470	0	0	29597470	0	20.102.92.213
5	0	0	0	1	0	0	29563241	0	0	29563241	0	102.209.5.179
5	2	2	0	0	29601926	0	0	29601925	0	0	26958	74.7.227.33
5	1	1	0	0	29626026	0	0	29626026	0	0	52061	57.141.14.83
5	0	0	0	1	0	0	29627587	0	0	29627587	0	20.106.49.209
5	12	12	0	36	29574846	0	29574846	29564766	0	29564766	752928	8.208.10.94
5	1	1	0	0	29575357	0	0	29575357	0	0	62744	54.196.63.247
5	1	1	0	0	29606498	0	0	29606498	0	0	62744	57.141.14.79
5	4	3	0	0	29617616	0	0	29617616	0	0	167750	74.7.227.28
5	5	4	0	0	29623240	0	0	29617797	0	0	178043	74.7.227.26
5	0	0	0	1	0	0	29551372	0	0	29551372	0	157.20.214.172
5	1	1	0	0	29573035	0	0	29573035	0	0	62744	160.16.66.74
5	1	1	0	0	29626054	0	0	29626054	0	0	52061	66.175.211.148
5	2	2	0	0	29599927	0	0	29578604	0	0	125488	205.169.39.7
5	0	0	0	1	0	0	29581595	0	0	29581595	0	205.210.31.84
5	0	0	0	3	0	0	29619139	0	0	29609386	0	77.83.39.94
5	0	0	0	2	0	0	29558149	0	0	29558149	0	162.243.8.33
5	1	1	0	0	29557594	0	0	29557594	0	0	62744	57.141.14.61
5	1	1	0	0	29618125	0	0	29618125	0	0	62818	57.141.14.55
5	1	1	0	0	29579053	0	0	29579053	0	0	62744	3.92.239.65
5	0	0	0	1	0	0	29554329	0	0	29554329	0	203.135.5.187
5	1	1	0	1	29627798	0	29627799	29627798	0	29627799	52061	206.81.2.50
5	0	0	0	1	0	0	29626026	0	0	29626026	0	57.141.14.39
5	1	1	0	0	29569771	0	0	29569771	0	0	62744	20.164.216.39
5	0	0	0	1	0	0	29579810	0	0	29579810	0	45.187.163.210
5	1	1	0	9	29630735	0	29630740	29630735	0	29630735	52061	2.59.22.234
5	1	1	0	0	29556645	0	0	29556645	0	0	62744	144.31.25.71
5	1	1	0	0	29585746	0	0	29585746	0	0	0	142.252.248.217
5	0	0	0	1	0	0	29606498	0	0	29606498	0	57.141.14.27
5	0	0	0	1	0	0	29564820	0	0	29564820	0	197.250.101.13
5	1	1	0	0	29630014	0	0	29630014	0	0	52061	205.210.31.42
5	0	0	0	1	0	0	29547632	0	0	29547632	0	172.71.172.215
5	2	2	0	3	29554802	0	29554802	29554697	0	29554697	26958	199.115.144.115
5	1	1	0	0	29591947	0	0	29591947	0	0	62744	205.210.31.39
5	0	0	0	1	0	0	29551923	0	0	29551923	0	206.189.191.173
5	2	2	0	0	29568089	0	0	29564189	0	0	125488	205.210.31.37
5	0	0	0	1	0	0	29609046	0	0	29609046	0	153.127.9.27
5	0	0	0	1	0	0	29609924	0	0	29609924	0	45.12.3.114
5	1	1	0	1	29563375	0	29563375	29563375	0	29563375	62744	167.172.241.251
5	0	0	0	1	0	0	29574948	0	0	29574948	0	135.237.126.225
5	1	1	0	0	29586350	0	0	29586350	0	0	62744	205.210.31.26
5	0	0	0	1	0	0	29570202	0	0	29570202	0	172.71.172.186
5	1	1	0	0	29549862	0	0	29549862	0	0	62744	20.115.37.33
5	1	1	0	0	29572062	0	0	29572062	0	0	62744	190.120.248.229
5	2	2	0	0	29554774	0	0	29554170	0	0	13479	68.5.71.28
5	1	1	0	5	29554552	0	29554552	29554552	0	29554552	13479	75.80.43.7
5	0	0	0	1	0	0	29627250	0	0	29627250	0	173.252.70.5
5	0	0	0	1	0	0	29627736	0	0	29627736	0	34.34.241.162
5	1	1	0	0	29624931	0	0	29624931	0	0	52061	135.237.126.195
5	0	0	0	2	0	0	29630894	0	0	29600445	0	195.178.110.246
5	0	0	0	1	0	0	29623819	0	0	29623819	0	195.178.110.242
5	0	0	0	1	0	0	29625127	0	0	29625127	0	3.94.201.110
5	0	0	0	2	0	0	29577806	0	0	29577806	0	35.87.189.146
5	0	0	0	4	0	0	29565423	0	0	29565423	0	186.236.240.56
5	1	1	0	1	29614893	0	29614893	29614893	0	29614893	13479	74.214.2.175
5	0	0	0	1	0	0	29569928	0	0	29569928	0	223.228.5.167
5	0	0	0	1	0	0	29597434	0	0	29597434	0	34.34.241.143
5	0	0	0	1	0	0	29557670	0	0	29557670	0	27.5.200.255
5	0	0	0	1	0	0	29632528	0	0	29632528	0	34.34.241.140
5	0	0	0	1	0	0	29574914	0	0	29574914	0	180.243.0.134
5	1	1	0	0	29586167	0	0	29586167	0	0	62744	138.68.243.106
5	2	2	0	5	29613115	0	29613113	29613113	0	29613113	76223	148.153.188.254
5	1	1	0	0	29571777	0	0	29571777	0	0	13479	15.235.96.198
5	0	0	0	1	0	0	29606409	0	0	29606409	0	54.242.178.61
5	3	3	0	3	29577664	0	29577664	29576954	0	29576954	188232	195.178.110.68
5	2	2	0	0	29550110	0	0	29546072	0	0	125488	151.80.144.77
5	0	0	0	2	0	0	29562262	0	0	29562262	0	206.189.179.206
5	1	1	0	0	29603415	0	0	29603415	0	0	62744	195.178.110.64
5	2	2	0	0	29626107	0	0	29626107	0	0	104122	3.238.180.206
5	3	3	0	0	29559610	0	0	29559610	0	0	188232	54.147.199.234
5	1	1	0	0	29559949	0	0	29559949	0	0	62744	13.126.179.128
5	4	4	0	4	29628916	0	29628920	29628916	0	29628916	229758	23.236.55.230
5	0	0	0	6	0	0	29613186	0	0	29549787	0	172.202.117.213
5	1	1	0	0	29553254	0	0	29553254	0	0	13479	54.39.203.92
5	0	0	0	2	0	0	29615032	0	0	29614823	0	46.101.166.128
5	0	0	0	1	0	0	29584559	0	0	29584559	0	172.202.117.196
5	1	1	0	0	29623194	0	0	29623194	0	0	13473	142.147.189.207
5	3	3	0	4	29547476	0	29547476	29547476	0	29547476	188232	138.68.86.227
5	0	0	0	1	0	0	29601643	0	0	29601643	0	194.102.63.113
5	1	1	0	0	29546424	0	0	29546424	0	0	62744	179.181.11.10
5	1	1	0	0	29581701	0	0	29581701	0	0	62744	104.236.109.237
5	0	0	0	38	0	0	29576220	0	0	29576220	0	172.71.172.117
5	0	0	0	23	0	0	29576220	0	0	29576220	0	172.71.172.116
5	1	1	0	0	29631601	0	0	29631601	0	0	52061	195.178.110.35
5	1	1	0	0	29560181	0	0	29560181	0	0	62744	35.209.157.169
5	1	1	0	0	29623696	0	0	29623696	0	0	52061	89.108.78.213
5	1	1	0	0	29546533	0	0	29546533	0	0	62744	180.153.236.217
5	1	1	0	0	29562697	0	0	29562697	0	0	62744	172.202.117.177
5	1	1	0	1	29577042	0	29577042	29577042	0	29577042	62744	195.178.110.31
5	1	1	0	1	29597349	0	29597349	29597349	0	29597349	62744	139.59.92.229
5	3	3	0	2	29546096	0	29568310	29545915	0	29545915	40437	66.249.75.3
5	1	1	0	1	29557052	0	29557052	29557052	0	29557052	0	66.249.75.2
5	0	0	0	1	0	0	29617292	0	0	29617292	0	154.54.100.174
5	0	0	0	1	0	0	29623311	0	0	29623311	0	167.172.246.108
5	1	1	0	0	29574880	0	0	29574880	0	0	13479	54.39.203.54
5	1	1	0	0	29612196	0	0	29612196	0	0	62744	47.82.84.235
5	0	0	0	4	0	0	29606100	0	0	29575311	0	195.178.110.162
5	1	1	0	1	29570088	0	29570088	29570088	0	29570088	62744	147.182.211.96
5	0	0	0	1	0	0	29612900	0	0	29612900	0	195.178.110.159
5	0	0	0	1	0	0	29628919	0	0	29628919	0	23.133.24.3
5	1	1	0	0	29610775	0	0	29610775	0	0	62744	195.178.110.155
5	1	1	0	0	29623186	0	0	29623186	0	0	52061	88.180.79.251
5	0	0	0	1	0	0	29578820	0	0	29578820	0	15.235.96.135
5	0	0	0	3	0	0	29558682	0	0	29558681	0	87.106.146.14
5	1	1	0	0	29548608	0	0	29548608	0	0	13479	51.222.95.178
5	0	0	0	2	0	0	29562981	0	0	29562981	0	107.174.189.2
5	3	3	0	0	29623691	0	0	29592005	0	0	177549	54.227.93.52
5	2	2	0	1	29626065	0	29626058	29626058	0	29626058	62354	104.248.251.176
5	0	0	0	1	0	0	29558451	0	0	29558451	0	51.222.95.168
5	0	0	0	1	0	0	29626788	0	0	29626788	0	20.101.17.173
5	0	0	0	1	0	0	29557209	0	0	29557209	0	176.32.195.85
5	6	6	0	18	29615099	0	29626232	29565582	0	29565581	376464	18.116.101.220
5	0	0	0	1	0	0	29583455	0	0	29583455	0	194.187.179.195
5	1	1	0	0	29546071	0	0	29546071	0	0	0	104.37.46.63
5	1	1	0	1	29618979	0	29617899	29618979	0	29617899	52061	45.74.59.4
5	1	1	0	0	29581647	0	0	29581647	0	0	62744	77.221.140.149
5	5	5	0	6	29619299	0	29619299	29547035	0	29547035	64209	85.11.183.27
5	1	1	0	0	29570216	0	0	29570216	0	0	62744	119.119.204.250
5	4	4	0	8	29609244	0	29629871	29563074	0	29563074	53916	85.11.183.25
5	6	6	0	9	29577212	0	29625535	29547078	0	29547078	80874	85.11.183.23
5	7	7	0	12	29611374	0	29625535	29553721	0	29553721	94353	85.11.183.21
5	4	4	0	8	29567680	0	29611256	29555942	0	29555942	53916	85.11.183.19
5	1	1	0	1	29559696	0	29559696	29559696	0	29559696	62744	52.10.32.177
5	0	0	0	1	0	0	29616951	0	0	29616951	0	194.187.179.173
5	0	0	0	7	0	0	29624579	0	0	29624579	0	206.221.176.60
5	1	1	0	1	29562904	0	29623319	29562904	0	29623319	13479	40.77.167.7
5	0	0	0	1	0	0	29550020	0	0	29550020	0	54.38.147.57
5	1	1	0	1	29603617	0	29603617	29603617	0	29603617	13479	34.174.100.95
5	1	1	0	1	29627661	0	29627661	29627661	0	29627661	52061	134.209.174.109
5	4	4	0	0	29623475	0	0	29617834	0	0	208244	103.17.118.152
5	1	1	0	2	29612153	0	29612154	29612153	0	29612153	62744	66.132.172.98
5	0	0	0	1	0	0	29562267	0	0	29562267	0	143.110.240.48
5	2	2	0	5	29584790	0	29605696	29570586	0	29570586	125488	66.132.172.96
5	1	1	0	0	29563107	0	0	29563107	0	0	13479	106.49.50.177
5	2	2	0	1	29562499	0	29562499	29562499	0	29562499	26958	172.58.131.64
5	1	1	0	0	29631861	0	0	29631861	0	0	52061	158.220.111.161
5	0	0	0	1	0	0	29557039	0	0	29557039	0	103.163.220.62
5	1	1	0	1	29575908	0	29575908	29575908	0	29575908	62744	209.97.182.254
5	1	1	0	0	29606530	0	0	29606530	0	0	62744	41.220.48.75
5	2	2	0	1	29548121	0	29548121	29548121	0	29548121	26958	97.95.5.139
5	0	0	0	1	0	0	29628919	0	0	29628919	0	165.245.135.168
5	0	0	0	1	0	0	29553608	0	0	29553608	0	82.180.147.64
5	1	1	0	0	29559703	0	0	29559703	0	0	62744	35.189.212.100
5	0	0	0	1	0	0	29612196	0	0	29612196	0	62.4.29.86
5	1	1	0	0	29547570	0	0	29547570	0	0	62744	64.226.122.184
5	1	1	0	0	29596425	0	0	29596425	0	0	62744	138.68.70.221
5	0	0	0	1	0	0	29555408	0	0	29555408	0	64.62.156.66
5	0	0	0	1	0	0	29576852	0	0	29576852	0	34.53.130.250
5	0	0	0	1	0	0	29568223	0	0	29568223	0	173.252.87.114
5	0	0	0	5	0	0	29587760	0	0	29587760	0	152.32.133.174
5	0	0	0	1	0	0	29572488	0	0	29572488	0	74.235.104.219
5	0	0	0	1	0	0	29545886	0	0	29545886	0	51.222.168.19
5	0	0	0	1	0	0	29560344	0	0	29560344	0	64.62.197.235
5	1	1	0	0	29603557	0	0	29603557	0	0	62744	161.35.126.21
5	1	1	0	0	29560339	0	0	29560339	0	0	62744	64.62.197.232
5	0	0	0	1	0	0	29584642	0	0	29584642	0	85.90.246.159
5	3	3	0	4	29615114	0	29615114	29615114	0	29615114	188232	121.40.42.45
5	2	2	0	0	29548137	0	0	29548137	0	0	125488	141.51.110.126
5	0	0	0	1	0	0	29622245	0	0	29622245	0	85.239.147.7
5	1	1	0	2	29560330	0	29560360	29560330	0	29560355	62744	64.62.197.227
5	1	1	0	0	29589350	0	0	29589350	0	0	62744	15.204.182.106
5	0	0	0	1	0	0	29622686	0	0	29622686	0	66.132.172.45
5	2	2	0	6	29630909	0	29630909	29630909	0	29630909	104122	45.142.154.91
5	1	1	0	0	29628003	0	0	29628003	0	0	52061	54.174.186.68
5	0	0	0	1	0	0	29611808	0	0	29611808	0	84.115.229.64
5	0	0	0	1	0	0	29588700	0	0	29588700	0	66.132.172.39
5	1	1	0	0	29593179	0	0	29593179	0	0	62744	20.83.50.149
5	0	0	0	1	0	0	29590223	0	0	29590223	0	37.210.131.57
5	0	0	0	1	0	0	29605987	0	0	29605987	0	138.197.101.95
5	0	0	0	1	0	0	29594775	0	0	29594775	0	149.34.210.140
5	1	1	0	2	29623116	0	29623116	29623116	0	29623116	52061	66.132.172.34
5	1	1	0	0	29595077	0	0	29595077	0	0	13479	107.172.160.8
5	0	0	0	1	0	0	29588169	0	0	29588169	0	66.132.172.32
5	0	0	0	1	0	0	29615216	0	0	29615216	0	64.62.156.37
5	1	1	0	0	29609507	0	0	29609507	0	0	62744	20.72.183.143
5	1	1	0	0	29584468	0	0	29584468	0	0	62744	87.120.103.252
5	0	0	0	1	0	0	29555521	0	0	29555521	0	51.75.236.133
5	0	0	0	1	0	0	29620747	0	0	29620747	0	157.55.39.7
5	2	2	0	1	29554030	0	29554029	29554029	0	29554029	26958	96.80.116.209
5	1	1	0	0	29580011	0	0	29580011	0	0	62744	204.44.119.152
5	1	1	0	0	29568469	0	0	29568469	0	0	13479	52.167.144.227
5	1	1	0	0	29615211	0	0	29615211	0	0	62744	64.62.156.25
5	1	1	0	2	29615202	0	29615234	29615202	0	29615229	62744	64.62.156.24
5	1	1	0	0	29583332	0	0	29583332	0	0	62744	152.136.153.69
5	1	1	0	1	29550169	0	29550169	29550169	0	29550169	62744	45.142.154.60
5	0	0	0	7	0	0	29620187	0	0	29559715	0	20.172.67.176
5	1	1	0	1	29625865	0	29625865	29625865	0	29625865	52061	149.102.240.182
5	1	1	0	0	29630592	0	0	29630592	0	0	52061	34.73.51.99
5	3	3	0	4	29615032	0	29615032	29615032	0	29615032	188232	209.38.208.168
5	1	1	0	0	29628101	0	0	29628101	0	0	10293	52.167.144.195
5	1	1	0	4	29546075	0	29546076	29546075	0	29546075	62744	165.154.179.204
5	0	0	0	1	0	0	29622911	0	0	29622911	0	52.167.144.203
5	0	0	0	2	0	0	29623609	0	0	29623606	0	52.167.144.192
5	0	0	0	1	0	0	29577596	0	0	29577596	0	44.204.184.42
5	0	0	0	1	0	0	29576166	0	0	29576166	0	18.207.149.68
5	0	0	0	1	0	0	29554583	0	0	29554583	0	37.157.212.188
5	0	0	0	1	0	0	29628919	0	0	29628919	0	136.227.169.205
5	1	1	0	5	29626057	0	29626057	29626057	0	29626057	52061	138.197.207.229
5	2	2	0	2	29611768	0	29611769	29611768	0	29611768	26958	75.80.128.146
5	1	1	0	0	29562709	0	0	29562709	0	0	0	52.167.144.183
5	2	1	0	1	29624804	0	29624804	29624804	0	29624804	143984	155.130.12.68
5	1	1	0	1	29575649	0	29575649	29575649	0	29575649	13479	150.228.103.172
5	0	0	0	5	0	0	29605137	0	0	29605137	0	45.142.154.33
5	0	0	0	3	0	0	29560269	0	0	29555176	0	47.87.140.88
5	8	8	0	0	29623919	0	0	29609876	0	0	448537	185.242.226.70
5	1	1	0	0	29618938	0	0	29618938	0	0	13473	52.167.144.177
5	0	0	0	5	0	0	29609693	0	0	29609693	0	45.142.154.30
5	1	1	0	0	29622851	0	0	29622851	0	0	13473	52.167.144.176
5	0	0	0	1	0	0	29577059	0	0	29577059	0	182.2.5.109
5	6	6	0	18	29546107	0	29546107	29546107	0	29546107	376464	47.245.117.221
5	1	1	0	0	29585732	0	0	29585732	0	0	62744	34.14.23.97
5	0	0	0	2	0	0	29630880	0	0	29568964	0	100.24.47.223
5	1	1	0	1	29605793	0	29605793	29605793	0	29605793	13479	54.210.55.160
5	1	1	0	0	29628261	0	0	29628261	0	0	52061	109.199.105.90
5	0	0	0	3	0	0	29618016	0	0	29557030	0	172.71.144.107
5	2	2	0	0	29613066	0	0	29611721	0	0	125488	3.237.38.251
5	0	0	0	1	0	0	29623380	0	0	29623380	0	52.167.144.163
5	1	1	0	2	29559697	0	29559698	29559697	0	29559697	62744	18.197.147.8
5	1	1	0	0	29554318	0	0	29554318	0	0	62744	35.211.227.170
5	0	0	0	2	0	0	29564517	0	0	29564517	0	130.12.180.105
5	0	0	0	1	0	0	29553029	0	0	29553029	0	20.169.83.157
5	0	0	0	2	0	0	29574869	0	0	29574869	0	159.203.189.73
5	1	1	0	1	29578739	0	29578739	29578739	0	29578739	62744	46.101.252.234
5	0	0	0	1	0	0	29546617	0	0	29546617	0	172.68.192.226
5	0	0	0	1	0	0	29548585	0	0	29548585	0	91.231.89.230
5	0	0	0	1	0	0	29566245	0	0	29566245	0	64.62.197.120
5	1	1	0	0	29547366	0	0	29547366	0	0	13479	93.165.251.228
5	1	1	0	0	29548583	0	0	29548583	0	0	62744	91.231.89.227
5	1	1	0	0	29555512	0	0	29555512	0	0	13479	52.167.144.140
5	1	1	0	0	29553255	0	0	29553255	0	0	62744	157.230.138.21
5	1	1	0	0	29566239	0	0	29566239	0	0	62744	64.62.197.112
5	0	0	0	1	0	0	29598746	0	0	29598746	0	91.231.89.219
5	1	1	0	0	29629002	0	0	29629002	0	0	52061	91.231.89.3
5	0	0	0	2	0	0	29594962	0	0	29594962	0	61.228.205.244
5	1	1	0	0	29622848	0	0	29622848	0	0	10293	161.115.234.209
5	1	1	0	2	29566232	0	29566260	29566232	0	29566255	62744	64.62.197.107
5	1	1	0	0	29563107	0	0	29563107	0	0	13479	83.229.59.69
5	1	1	0	0	29569600	0	0	29569600	0	0	62744	5.161.249.135
5	2	2	0	1	29598708	0	29598707	29598707	0	29598707	26958	205.244.151.228
5	5	5	0	14	29618938	0	29625535	29557512	0	29557506	303037	3.151.241.153
5	1	1	0	0	29575681	0	0	29575681	0	0	62744	223.166.22.185
5	0	0	0	1	0	0	29555996	0	0	29555996	0	34.227.193.105
5	3	3	0	4	29627063	0	29609112	29564605	0	29553298	177549	45.9.168.192
5	2	2	0	1	29580170	0	29580170	29580170	0	29580170	26958	99.65.16.27
5	0	0	0	1	0	0	29615066	0	0	29615066	0	106.63.26.156
5	1	1	0	0	29578648	0	0	29578648	0	0	62744	91.231.89.200
5	2	2	0	0	29593677	0	0	29593677	0	0	125488	3.95.191.32
5	2	2	0	0	29609051	0	0	29609051	0	0	26958	20.203.102.60
5	0	0	0	1	0	0	29578651	0	0	29578651	0	91.231.89.185
5	0	0	0	1	0	0	29568041	0	0	29568041	0	223.231.130.180
5	0	0	0	1	0	0	29553608	0	0	29553608	0	158.252.108.242
5	1	1	0	0	29617499	0	0	29617499	0	0	62744	24.199.89.131
5	0	0	0	1	0	0	29615066	0	0	29615066	0	106.63.26.139
5	0	0	0	1	0	0	29615065	0	0	29615065	0	106.63.26.140
5	1	1	0	0	29547436	0	0	29547436	0	0	13479	40.77.167.247
5	2	2	0	5	29546840	0	29546840	29546840	0	29546840	76223	51.158.248.235
5	1	1	0	1	29594744	0	29594744	29594744	0	29594744	62744	167.99.145.90
5	3	3	0	3	29595959	0	29595959	29595958	0	29595958	26958	173.72.150.179
5	1	1	0	0	29550079	0	0	29550079	0	0	62744	172.174.244.189
5	0	0	0	1	0	0	29620709	0	0	29620709	0	40.77.167.243
5	0	0	0	1	0	0	29568351	0	0	29568351	0	196.32.248.60
5	1	1	0	1	29565697	0	29565697	29565697	0	29565697	13479	68.95.96.139
5	1	1	0	0	29615065	0	0	29615065	0	0	62744	106.63.26.133
5	1	1	0	1	29597435	0	29620991	29597435	0	29620991	13479	40.77.167.241
5	1	1	0	0	29606382	0	0	29606382	0	0	62744	180.149.126.15
5	1	1	0	0	29580457	0	0	29580457	0	0	62744	13.222.179.236
5	0	0	0	1	0	0	29554088	0	0	29554088	0	164.92.165.10
5	0	0	0	1	0	0	29575585	0	0	29575585	0	190.95.10.196
5	1	1	0	0	29596248	0	0	29596248	0	0	62744	44.249.143.161
5	0	0	0	1	0	0	29564535	0	0	29564535	0	20.163.10.186
5	0	0	0	1	0	0	29579053	0	0	29579053	0	3.80.204.163
5	1	1	0	1	29581438	0	29581438	29581438	0	29581438	62744	183.134.59.133
5	1	1	0	0	29623186	0	0	29623186	0	0	52061	138.36.40.233
5	1	1	0	0	29557077	0	0	29557077	0	0	62744	200.242.36.13
5	1	1	0	0	29598744	0	0	29598744	0	0	62744	91.231.89.148
5	0	0	0	2	0	0	29609288	0	0	29597435	0	40.77.167.219
5	1	1	0	0	29549802	0	0	29549802	0	0	62744	54.253.172.137
5	1	1	0	0	29627725	0	0	29627725	0	0	52061	43.159.128.247
5	1	1	0	0	29553119	0	0	29553119	0	0	62744	54.208.124.191
5	1	1	0	0	29578753	0	0	29578753	0	0	62744	80.66.83.64
5	1	1	0	1	29629444	0	29557438	29629444	0	29557438	52061	3.86.245.199
5	1	1	0	0	29623186	0	0	29623186	0	0	52061	185.230.122.10
5	0	0	0	1	0	0	29624227	0	0	29624227	0	175.110.121.221
5	2	2	0	0	29602280	0	0	29602280	0	0	125488	47.77.210.218
5	1	1	0	0	29545450	0	0	29545450	0	0	62744	91.231.89.122
5	1	1	0	0	29545448	0	0	29545448	0	0	62744	91.231.89.121
5	0	0	0	1	0	0	29555512	0	0	29555512	0	40.77.167.184
5	0	0	0	2	0	0	29583182	0	0	29583182	0	45.128.124.179
5	2	1	0	1	29625892	0	29625892	29625892	0	29625892	143984	68.81.39.148
5	1	1	0	0	29625960	0	0	29625960	0	0	52061	5.44.253.196
5	0	0	0	1	0	0	29614715	0	0	29614715	0	91.230.168.170
5	0	0	0	1	0	0	29628919	0	0	29628919	0	134.209.78.92
5	1	1	0	2	29589336	0	29589336	29589336	0	29589336	62744	178.128.7.19
5	1	1	0	0	29578168	0	0	29578168	0	0	62744	54.86.160.212
5	0	0	0	1	0	0	29559004	0	0	29559004	0	91.231.89.109
5	0	0	0	1	0	0	29594285	0	0	29594285	0	91.230.168.162
5	0	0	0	1	0	0	29554809	0	0	29554809	0	20.163.76.6
5	1	1	0	0	29545886	0	0	29545886	0	0	13479	54.39.203.140
5	0	0	0	1	0	0	29569778	0	0	29569778	0	37.238.135.6
5	1	1	0	0	29586389	0	0	29586389	0	0	13479	40.77.167.156
5	0	0	0	1	0	0	29621064	0	0	29621064	0	40.77.167.155
5	0	0	0	2	0	0	29546439	0	0	29546439	0	54.187.205.235
5	1	1	0	0	29594283	0	0	29594283	0	0	62744	91.230.168.146
5	1	1	0	1	29577282	0	29577282	29577282	0	29577282	62744	142.93.229.26
5	0	0	0	1	0	0	29559854	0	0	29559854	0	89.105.214.117
5	1	1	0	0	29609288	0	0	29609288	0	0	13479	40.77.167.150
5	1	1	0	0	29581416	0	0	29581416	0	0	62744	36.106.166.26
5	1	1	0	0	29614928	0	0	29614928	0	0	62744	217.15.165.120
5	0	0	0	1	0	0	29578293	0	0	29578293	0	185.247.168.117
5	2	2	0	1	29583248	0	29583182	29583182	0	29583182	26958	150.228.9.51
5	0	0	0	1	0	0	29626333	0	0	29626333	0	82.165.124.55
5	1	1	0	1	29613727	0	29613727	29613727	0	29613727	62744	165.232.69.219
5	0	0	0	1	0	0	29583857	0	0	29583857	0	135.148.120.46
5	13	11	0	19	29630503	0	29630504	29545495	0	29545495	255725	107.141.227.89
5	2	2	0	0	29627849	0	0	29627849	0	0	104122	47.84.132.103
5	2	2	0	0	29629658	0	0	29629658	0	0	104122	47.84.134.79
5	0	0	0	1	0	0	29617923	0	0	29617923	0	34.228.9.244
5	1	1	0	1	29555837	0	29555837	29555837	0	29555837	62744	44.234.25.105
5	1	1	0	0	29594751	0	0	29594751	0	0	62744	171.36.6.231
5	1	1	0	0	29559917	0	0	29559917	0	0	62744	194.49.66.83
5	1	0	0	1	29624675	0	29624675	29624675	0	29624675	133691	216.200.129.156
5	0	0	0	1	0	0	29605838	0	0	29605838	0	20.14.73.54
5	1	1	0	1	29556496	0	29556496	29556496	0	29556496	62744	68.183.10.77
5	1	1	0	1	29610399	0	29610399	29610399	0	29610399	62744	138.197.170.219
5	0	0	0	1	0	0	29549282	0	0	29549282	0	91.230.168.100
5	0	0	0	2	0	0	29615041	0	0	29602078	0	13.222.242.22
5	0	0	0	1	0	0	29598798	0	0	29598798	0	5.39.1.245
5	1	1	0	0	29598892	0	0	29598892	0	0	0	5.39.1.242
5	1	1	0	0	29622981	0	0	29622981	0	0	52061	157.230.104.231
5	1	1	0	0	29624694	0	0	29624694	0	0	0	172.59.211.53
5	0	0	0	1	0	0	29571042	0	0	29571042	0	136.0.213.103
5	2	2	0	0	29545418	0	0	29545418	0	0	26958	103.4.250.164
5	0	0	0	1	0	0	29590034	0	0	29590034	0	13.89.125.230
5	1	1	0	0	29628916	0	0	29628916	0	0	0	34.61.246.177
5	0	0	0	1	0	0	29574725	0	0	29574725	0	54.210.22.187
5	1	1	0	1	29610335	0	29610335	29610335	0	29610335	62744	165.245.232.109
5	1	1	0	0	29583308	0	0	29583308	0	0	62744	147.185.132.241
5	0	0	0	1	0	0	29596219	0	0	29596219	0	13.89.125.225
5	0	0	0	1	0	0	29574880	0	0	29574880	0	5.39.1.226
5	0	0	0	1	0	0	29628434	0	0	29628434	0	178.128.122.234
5	1	1	0	3	29545617	0	29545617	29545617	0	29545617	62744	154.86.20.5
5	0	0	0	1	0	0	29545525	0	0	29545525	0	38.143.51.221
5	0	0	0	4	0	0	29584444	0	0	29577841	0	192.252.183.219
5	1	1	0	0	29594101	0	0	29594101	0	0	62744	185.247.137.57
5	0	0	0	5	0	0	29575585	0	0	29547466	0	102.22.20.125
5	1	1	0	0	29572725	0	0	29572725	0	0	62744	185.247.137.54
5	1	1	0	0	29553864	0	0	29553864	0	0	62744	194.50.16.73
5	1	1	0	0	29558093	0	0	29558093	0	0	62744	34.233.124.119
5	1	1	0	0	29546722	0	0	29546722	0	0	62744	185.247.137.46
5	2	2	0	0	29555759	0	0	29555759	0	0	125488	106.255.253.74
5	0	0	0	2	0	0	29565595	0	0	29565595	0	167.71.124.28
5	0	0	0	1	0	0	29550386	0	0	29550386	0	120.48.22.219
5	2	1	0	1	29624967	0	29624967	29624967	0	29624967	143984	135.232.20.2
5	2	2	0	0	29580745	0	0	29580745	0	0	62744	71.6.235.183
5	1	1	0	1	29545418	0	29545418	29545418	0	29545418	13479	128.140.53.20
5	1	1	0	0	29619415	0	0	29619415	0	0	52061	185.247.137.40
5	0	0	0	3	0	0	29602223	0	0	29569190	0	104.23.217.147
5	0	0	0	2	0	0	29578585	0	0	29570201	0	104.23.217.146
5	0	0	0	13	0	0	29613585	0	0	29548701	0	104.23.223.105
5	0	0	0	13	0	0	29607592	0	0	29557032	0	104.23.223.104
5	2	1	0	1	29623172	0	29623172	29623172	0	29623172	143984	74.179.70.83
5	1	1	0	0	29562659	0	0	29562659	0	0	62744	159.65.114.238
5	1	1	0	3	29546088	0	29546088	29546088	0	29546088	62744	194.180.176.68
5	1	1	0	0	29626560	0	0	29626560	0	0	52061	54.159.150.155
5	0	0	0	1	0	0	29573786	0	0	29573786	0	94.231.206.12
5	2	2	0	3	29571742	0	29571742	29571742	0	29571742	76223	44.211.36.207
5	1	1	0	1	29564701	0	29564702	29564701	0	29564702	62744	185.226.197.75
5	3	3	0	14	29614971	0	29622245	29559894	0	29559893	188232	3.134.216.108
5	0	0	0	1	0	0	29556813	0	0	29556813	0	94.231.206.11
5	0	0	0	2	0	0	29586389	0	0	29574268	0	40.77.167.93
5	1	1	0	0	29555754	0	0	29555754	0	0	62744	185.226.197.74
5	0	0	0	214	0	0	29589830	0	0	29561686	0	41.242.48.18
5	1	1	0	0	29546618	0	0	29546618	0	0	62744	185.226.197.72
5	0	0	0	1	0	0	29582839	0	0	29582839	0	71.6.235.154
5	1	1	0	0	29629311	0	0	29629311	0	0	52061	35.233.40.58
5	0	0	0	1	0	0	29617626	0	0	29617626	0	135.237.126.47
5	0	0	0	1	0	0	29570947	0	0	29570947	0	216.180.246.1
5	1	1	0	0	29614825	0	0	29614825	0	0	62744	185.247.137.10
5	1	1	0	1	29590219	0	29590219	29590219	0	29590219	62744	159.89.125.248
5	0	0	0	5	0	0	29565305	0	0	29565305	0	152.32.235.85
5	1	1	0	1	29618095	0	29624644	29618095	0	29624644	52061	135.237.126.41
5	1	1	0	0	29630883	0	0	29630883	0	0	52061	18.233.100.117
5	0	0	0	4	0	0	29620883	0	0	29547400	0	40.119.24.130
5	1	1	0	3	29631750	0	29631750	29631750	0	29631750	52061	36.50.40.176
5	1	0	0	0	29619057	0	0	29619057	0	0	133691	5.39.109.174
5	1	1	0	0	29565713	0	0	29565713	0	0	13479	40.77.167.77
5	0	0	0	1	0	0	29628919	0	0	29628919	0	34.55.87.84
5	0	0	0	1	0	0	29628101	0	0	29628101	0	52.167.144.57
5	0	0	0	1	0	0	29620709	0	0	29620709	0	52.167.144.56
5	0	0	0	3	0	0	29568469	0	0	29562709	0	52.167.144.55
5	0	0	0	2	0	0	29623691	0	0	29607842	0	98.94.39.8
5	1	1	0	1	29556179	0	29556179	29556179	0	29556179	62744	138.197.188.4
5	2	2	0	12	29560068	0	29616450	29548634	0	29548634	125488	141.98.11.230
5	1	1	0	1	29560183	0	29560183	29560183	0	29560183	62744	14.135.75.31
5	0	0	0	1	0	0	29622943	0	0	29622943	0	40.77.167.57
5	0	0	0	1	0	0	29591829	0	0	29591829	0	20.83.27.50
5	0	0	0	2	0	0	29620965	0	0	29620932	0	40.77.167.55
5	1	1	0	0	29578186	0	0	29578186	0	0	62744	74.235.185.122
5	1	1	0	0	29615228	0	0	29615228	0	0	62744	147.185.132.134
5	1	1	0	0	29612733	0	0	29612733	0	0	0	34.79.78.79
5	0	0	0	1	0	0	29594467	0	0	29594467	0	107.11.4.35
5	2	2	0	1	29574637	0	29574637	29574637	0	29574637	26958	27.33.206.78
5	0	0	0	1	0	0	29632058	0	0	29632058	0	180.191.166.56
5	1	1	0	0	29625934	0	0	29625934	0	0	52061	172.234.217.129
5	1	1	0	0	29555691	0	0	29555691	0	0	62744	66.240.223.240
5	0	0	0	1	0	0	29559617	0	0	29559617	0	45.13.59.81
5	1	1	0	0	29574268	0	0	29574268	0	0	0	52.167.144.21
5	1	1	0	1	29550169	0	29550169	29550169	0	29550169	62744	152.32.192.241
5	0	0	0	1	0	0	29546451	0	0	29546451	0	191.243.38.243
5	1	1	0	2	29579073	0	29579073	29579073	0	29579073	62744	152.32.235.36
5	1	1	0	3	29623749	0	29623478	29623749	0	29622916	10293	40.77.167.35
5	1	1	0	5	29617653	0	29629871	29617653	0	29595208	52061	141.98.11.194
5	1	1	0	0	29556037	0	0	29556037	0	0	62744	46.175.135.6
5	1	1	0	0	29548325	0	0	29548325	0	0	0	40.77.167.33
5	0	0	0	1	0	0	29623215	0	0	29623215	0	52.167.144.17
5	1	1	0	0	29562541	0	0	29562541	0	0	13479	23.27.145.104
5	0	0	0	1	0	0	29574188	0	0	29574188	0	195.184.76.91
5	0	0	0	2	0	0	29605696	0	0	29562262	0	204.76.203.73
5	0	0	0	1	0	0	29578295	0	0	29578295	0	41.90.97.127
5	1	1	0	0	29577843	0	0	29577843	0	0	62744	147.185.132.106
5	2	2	0	0	29563069	0	0	29562684	0	0	125488	34.61.170.88
5	0	0	0	1	0	0	29555205	0	0	29555205	0	94.110.159.107
5	1	1	0	1	29624493	0	29624493	29624493	0	29624493	52061	64.227.148.227
5	0	0	0	1	0	0	29622943	0	0	29622943	0	40.77.167.23
5	0	0	0	1	0	0	29621063	0	0	29621063	0	40.77.167.22
5	2	2	0	0	29568623	0	0	29568623	0	0	125488	44.194.88.211
5	2	2	0	3	29590749	0	29590749	29590748	0	29590748	76223	18.232.119.6
5	0	0	0	1	0	0	29623456	0	0	29623456	0	40.77.167.16
5	0	0	0	1	0	0	29629410	0	0	29629410	0	102.130.29.156
5	1	1	0	0	29592903	0	0	29592903	0	0	62744	146.190.41.245
5	2	2	0	0	29633029	0	0	29545502	0	0	23772	40.77.167.14
5	0	0	0	1	0	0	29562659	0	0	29562659	0	159.223.83.238
5	1	1	0	0	29563258	0	0	29563258	0	0	62744	95.111.234.66
5	0	0	0	1	0	0	29614849	0	0	29614849	0	172.70.251.182
5	0	0	0	2	0	0	29579266	0	0	29568124	0	20.221.71.226
5	2	2	0	1	29595050	0	29595050	29595050	0	29595050	26958	86.62.29.17
5	2	2	0	0	29606358	0	0	29596480	0	0	125488	192.155.90.220
5	0	0	0	2	0	0	29628919	0	0	29628919	0	34.42.72.148
5	1	1	0	2	29570600	0	29570600	29570600	0	29570600	62744	152.32.186.240
5	0	0	0	1	0	0	29606639	0	0	29606639	0	20.80.83.148
5	0	0	0	2	0	0	29632586	0	0	29632549	0	167.250.226.29
5	1	1	0	0	29619507	0	0	29619507	0	0	52061	204.76.203.27
5	1	1	0	0	29554534	0	0	29554534	0	0	62744	195.184.76.37
5	2	2	0	1	29564081	0	29556571	29563082	0	29556571	125488	204.76.203.18
5	0	0	0	2	0	0	29605149	0	0	29599850	0	81.181.166.215
5	0	0	0	1	0	0	29600640	0	0	29600640	0	3.83.33.30
5	1	1	0	1	29571362	0	29571362	29571362	0	29571362	62744	165.227.89.150
5	1	0	0	0	29546835	0	0	29546835	0	0	36	44.230.208.167
5	1	1	0	4	29562586	0	29562586	29562586	0	29562586	62744	165.227.168.43
5	0	0	0	1	0	0	29628919	0	0	29628919	0	149.19.250.58
5	1	1	0	0	29545922	0	0	29545922	0	0	62744	54.159.252.252
5	0	0	0	1	0	0	29612164	0	0	29612164	0	18.208.181.202
5	0	0	0	1	0	0	29551867	0	0	29551867	0	34.126.68.55
5	1	1	0	0	29545418	0	0	29545418	0	0	62744	52.112.39.132
5	1	1	0	0	29577338	0	0	29577338	0	0	62744	35.203.211.46
5	1	1	0	0	29573126	0	0	29573126	0	0	62744	13.49.137.6
5	1	1	0	0	29571545	0	0	29571545	0	0	62744	20.86.19.106
5	21	17	0	6	29628922	0	29628922	29545423	0	29545423	737672	66.26.212.125
5	1	1	0	0	29557381	0	0	29557381	0	0	13479	51.161.37.49
5	0	0	0	2	0	0	29559908	0	0	29559908	0	198.7.124.229
5	1	1	0	0	29583426	0	0	29583426	0	0	62744	59.173.108.236
5	3	2	0	0	29626506	0	0	29623428	0	0	154277	73.248.52.217
5	2	2	0	0	29590125	0	0	29590125	0	0	0	143.244.47.83
5	0	0	0	1	0	0	29630775	0	0	29630775	0	5.129.245.220
5	2	2	0	6	29550169	0	29550169	29550169	0	29550169	125488	103.72.147.224
5	0	0	0	1	0	0	29624484	0	0	29624484	0	47.250.165.68
5	0	0	0	1	0	0	29578293	0	0	29578293	0	39.36.239.204
5	0	0	0	1	0	0	29590739	0	0	29590739	0	124.106.135.170
5	1	1	0	0	29568968	0	0	29568968	0	0	62744	34.224.87.72
5	1	1	0	0	29627771	0	0	29627771	0	0	52061	43.158.91.71
5	0	0	0	1	0	0	29554559	0	0	29554559	0	54.158.52.69
5	0	0	0	2	0	0	29584835	0	0	29584835	0	80.94.95.169
5	0	0	0	1	0	0	29576778	0	0	29576778	0	20.85.82.144
5	0	0	0	2	0	0	29572397	0	0	29558373	0	172.70.240.173
5	1	1	0	1	29546234	0	29546234	29546234	0	29546234	13479	44.246.182.55
5	0	0	0	1	0	0	29616675	0	0	29616675	0	172.70.240.169
5	0	0	0	1	0	0	29596338	0	0	29596338	0	172.70.240.168
5	1	1	0	0	29565593	0	0	29565593	0	0	62744	159.223.189.59
5	0	0	0	9	0	0	29601188	0	0	29601187	0	64.226.87.10
5	1	1	0	0	29630064	0	0	29630064	0	0	52061	192.155.90.118
5	0	0	0	1	0	0	29624726	0	0	29624726	0	183.80.141.176
5	0	0	0	1	0	0	29614982	0	0	29614982	0	187.180.167.126
5	0	0	0	1	0	0	29614721	0	0	29614721	0	116.204.174.176
5	0	0	0	1	0	0	29584781	0	0	29584781	0	15.235.115.78
5	1	1	0	0	29617728	0	0	29617728	0	0	62818	43.166.131.228
5	0	0	0	1	0	0	29600644	0	0	29600644	0	3.89.218.222
5	1	1	0	0	29627799	0	0	29627799	0	0	52061	147.182.137.83
5	0	0	0	1	0	0	29606398	0	0	29606398	0	44.201.180.168
5	1	1	0	2	29554823	0	29554823	29554823	0	29554823	13479	100.50.27.41
5	1	1	0	0	29562300	0	0	29562300	0	0	62744	34.40.129.82
5	1	1	0	0	29592917	0	0	29592917	0	0	13479	162.120.186.166
5	0	0	0	1	0	0	29562586	0	0	29562586	0	104.248.138.26
5	1	1	0	0	29593935	0	0	29593935	0	0	62744	124.236.100.56
5	1	1	0	0	29623843	0	0	29623843	0	0	10293	162.120.186.164
5	1	1	0	0	29624351	0	0	29624351	0	0	52061	167.71.117.86
5	1	1	0	0	29592624	0	0	29592624	0	0	62744	54.227.60.217
5	0	0	0	3	0	0	29562924	0	0	29562890	0	58.65.241.173
5	2	2	0	0	29623339	0	0	29623339	0	0	20586	64.82.228.45
5	0	0	0	1	0	0	29628919	0	0	29628919	0	134.199.72.21
5	1	1	0	0	29548326	0	0	29548326	0	0	13479	40.77.179.48
5	1	1	0	0	29606014	0	0	29606014	0	0	62744	54.191.150.18
5	0	0	0	1	0	0	29588588	0	0	29588588	0	168.144.71.196
5	12	12	0	36	29615170	0	29615170	29584929	0	29584929	752928	8.209.96.179
5	2	2	0	0	29554318	0	0	29554318	0	0	125488	35.225.82.182
5	1	1	0	0	29627933	0	0	29627933	0	0	52061	172.235.40.131
5	0	0	0	1	0	0	29547570	0	0	29547570	0	64.226.68.54
5	2	2	0	0	29623445	0	0	29623445	0	0	104122	47.254.70.85
5	1	1	0	0	29553113	0	0	29553113	0	0	62744	13.232.204.214
5	0	0	0	1	0	0	29557082	0	0	29557082	0	185.253.186.227
5	0	0	0	1	0	0	29568623	0	0	29568623	0	104.37.46.142
5	0	0	0	1	0	0	29557082	0	0	29557082	0	45.227.72.82
5	0	0	0	2	0	0	29585499	0	0	29581228	0	45.81.23.7
5	0	0	0	1	0	0	29597766	0	0	29597766	0	54.91.236.142
5	1	1	0	0	29559738	0	0	29559738	0	0	62744	89.144.2.191
5	1	1	0	9	29609313	0	29609318	29609313	0	29609313	62744	86.54.31.40
5	1	1	0	1	29578913	0	29578913	29578913	0	29578913	13479	143.244.44.172
5	1	1	0	0	29630558	0	0	29630558	0	0	52061	172.236.228.245
5	0	0	0	1	0	0	29593619	0	0	29593619	0	20.46.251.132
5	0	0	0	16	0	0	29630111	0	0	29554154	0	138.246.253.24
5	0	0	0	1	0	0	29554114	0	0	29554114	0	105.69.89.178
5	1	1	0	9	29556221	0	29556226	29556221	0	29556221	62744	93.174.95.106
5	0	0	0	1	0	0	29601187	0	0	29601187	0	104.248.135.230
5	1	1	0	0	29592719	0	0	29592719	0	0	0	34.151.247.175
5	0	0	0	1	0	0	29581892	0	0	29581892	0	185.196.8.233
5	1	1	0	1	29557438	0	29616483	29557438	0	29616483	62744	52.91.48.81
5	1	1	0	1	29592748	0	29550381	29592748	0	29550381	62744	172.236.228.227
5	0	0	0	1	0	0	29576159	0	0	29576159	0	52.87.171.66
5	1	1	0	0	29626406	0	0	29626406	0	0	52061	172.236.228.224
5	1	1	0	0	29579289	0	0	29579289	0	0	62744	172.236.228.222
5	1	1	0	6	29607576	0	29607576	29607576	0	29607576	62744	167.172.120.202
5	1	1	0	0	29579174	0	0	29579174	0	0	62744	172.236.228.218
5	1	1	0	0	29618095	0	0	29618095	0	0	52061	172.236.228.208
5	2	2	0	0	29549428	0	0	29545759	0	0	125488	57.128.252.182
5	1	1	0	1	29597672	0	29562261	29597672	0	29562261	62744	172.236.228.198
5	1	1	0	0	29574836	0	0	29574836	0	0	62744	172.236.228.197
5	1	1	0	0	29593056	0	0	29593056	0	0	62744	161.35.0.171
5	1	1	0	1	29561686	0	29562262	29561686	0	29562262	62744	162.142.125.216
5	1	1	0	0	29593676	0	0	29593676	0	0	62744	34.201.0.158
5	0	0	0	1	0	0	29551828	0	0	29551828	0	162.142.125.215
5	1	1	0	0	29546268	0	0	29546268	0	0	0	38.18.24.4
5	1	1	0	2	29563199	0	29563199	29563199	0	29563199	62744	162.142.125.212
5	0	0	0	2	0	0	29619227	0	0	29619127	0	45.194.98.4
5	0	0	0	1	0	0	29616485	0	0	29616485	0	64.89.160.114
5	0	0	0	1	0	0	29595736	0	0	29595736	0	194.26.192.111
5	1	1	0	2	29570147	0	29570148	29570147	0	29570147	62744	162.142.125.202
5	3	3	0	2	29582859	0	29582859	29545819	0	29545819	40437	70.123.75.20
5	3	3	0	2	29568467	0	29568467	29568307	0	29568307	40437	34.174.149.241
5	0	0	0	1	0	0	29593450	0	0	29593450	0	176.97.108.0
5	1	1	0	0	29574186	0	0	29574186	0	0	62744	195.184.76.247
5	0	0	0	1	0	0	29597612	0	0	29597612	0	177.98.72.112
5	0	0	0	1	0	0	29618153	0	0	29618153	0	46.101.169.158
5	1	1	0	0	29557648	0	0	29557648	0	0	62744	66.113.160.17
5	1	1	0	0	29609869	0	0	29609869	0	0	62744	206.189.188.173
5	1	1	0	0	29572812	0	0	29572812	0	0	62744	79.124.49.102
5	8	8	0	0	29610763	0	0	29576249	0	0	107832	103.120.189.74
5	1	1	0	0	29624511	0	0	29624511	0	0	52061	195.184.76.224
5	4	4	0	0	29609445	0	0	29605965	0	0	250976	79.177.143.35
5	2	2	0	0	29576898	0	0	29576898	0	0	26958	103.120.189.68
5	1	1	0	0	29562720	0	0	29562720	0	0	62744	141.98.189.206
5	0	0	0	1	0	0	29611820	0	0	29611820	0	172.70.85.248
5	0	0	0	1	0	0	29553286	0	0	29553286	0	40.124.173.139
5	0	0	0	1	0	0	29605137	0	0	29605137	0	195.184.76.195
5	1	1	0	0	29610136	0	0	29610136	0	0	62744	34.34.233.208
5	0	0	0	1	0	0	29582054	0	0	29582054	0	103.146.169.26
5	0	0	0	2	0	0	29592417	0	0	29591251	0	223.130.163.134
5	1	1	0	1	29606110	0	29606110	29606110	0	29606110	13479	44.223.254.110
5	3	3	0	11	29582972	0	29609693	29582969	0	29582972	188232	97.107.140.120
5	1	1	0	0	29611664	0	0	29611664	0	0	62744	198.235.24.3
5	1	1	0	0	29554560	0	0	29554560	0	0	62744	44.212.38.157
5	1	1	0	0	29610273	0	0	29610273	0	0	62744	172.236.228.115
5	0	0	0	1	0	0	29555176	0	0	29555176	0	162.142.125.124
5	1	1	0	0	29626535	0	0	29626535	0	0	52061	185.222.242.172
5	1	1	0	1	29560389	0	29560390	29560389	0	29560390	62744	162.142.125.123
5	0	0	0	1	0	0	29624642	0	0	29624642	0	20.65.194.9
5	1	1	0	0	29585588	0	0	29585588	0	0	62744	165.154.226.120
5	0	0	0	1	0	0	29552603	0	0	29552603	0	162.142.125.120
5	0	0	0	1	0	0	29590725	0	0	29590725	0	20.171.8.150
5	2	2	0	6	29627754	0	29627754	29627754	0	29627754	104122	165.154.36.91
5	0	0	0	1	0	0	29551923	0	0	29551923	0	162.142.125.115
5	0	0	0	1	0	0	29552605	0	0	29552605	0	175.212.145.243
5	1	1	0	0	29632230	0	0	29632230	0	0	52061	3.18.186.238
5	1	1	0	0	29558440	0	0	29558440	0	0	62744	46.205.196.170
5	1	1	0	1	29562659	0	29562659	29562659	0	29562659	62744	164.90.161.49
5	0	0	0	1	0	0	29577645	0	0	29577645	0	20.55.99.64
5	1	1	0	0	29562768	0	0	29562768	0	0	13479	92.222.108.122
5	0	0	0	1	0	0	29592204	0	0	29592204	0	87.106.176.11
5	0	0	0	1	0	0	29616450	0	0	29616450	0	24.144.84.83
5	0	0	0	1	0	0	29626055	0	0	29626055	0	138.68.14.5
5	2	2	0	0	29593677	0	0	29593677	0	0	125488	18.216.14.174
5	0	0	0	1	0	0	29574914	0	0	29574914	0	86.120.182.60
5	0	0	0	1	0	0	29630663	0	0	29630663	0	113.22.161.10
5	0	0	0	2	0	0	29615922	0	0	29566555	0	52.35.118.240
5	1	1	0	0	29573504	0	0	29573504	0	0	62744	185.201.113.170
5	0	0	0	1	0	0	29572930	0	0	29572930	0	121.121.218.136
5	0	0	0	1	0	0	29574716	0	0	29574716	0	54.85.125.115
5	0	0	0	1	0	0	29624513	0	0	29624513	0	195.184.76.132
5	1	1	0	0	29603696	0	0	29603696	0	0	62744	44.209.43.227
5	1	1	0	0	29623186	0	0	29623186	0	0	52061	83.57.146.64
5	0	0	0	1	0	0	29565594	0	0	29565594	0	138.197.199.10
5	1	1	0	0	29596968	0	0	29596968	0	0	62744	3.208.208.90
5	1	1	0	0	29576938	0	0	29576938	0	0	62744	37.252.184.214
5	4	4	0	0	29546299	0	0	29546299	0	0	250976	35.164.48.127
5	1	1	0	6	29607576	0	29607576	29607576	0	29607576	62744	143.198.46.30
5	1	1	0	0	29612904	0	0	29612904	0	0	62744	71.6.232.28
5	1	1	0	0	29546027	0	0	29546027	0	0	62744	172.239.105.140
5	2	2	0	0	29623571	0	0	29592007	0	0	114805	71.6.232.24
5	1	1	0	0	29632468	0	0	29632468	0	0	52061	71.6.232.23
5	1	1	0	0	29603361	0	0	29603361	0	0	62744	71.6.232.22
5	0	0	0	1	0	0	29548794	0	0	29548794	0	44.204.27.243
5	0	0	0	1	0	0	29590441	0	0	29590441	0	115.190.242.220
5	1	1	0	0	29558451	0	0	29558451	0	0	13479	142.44.220.87
5	0	0	0	1	0	0	29628919	0	0	29628919	0	82.97.199.236
5	0	0	0	1	0	0	29616481	0	0	29616481	0	54.87.12.131
5	0	0	0	1	0	0	29628919	0	0	29628919	0	82.97.199.235
5	0	0	0	1	0	0	29547613	0	0	29547613	0	165.227.168.178
5	0	0	0	1	0	0	29599969	0	0	29599969	0	155.4.167.237
5	0	0	0	1	0	0	29573281	0	0	29573281	0	13.221.117.222
5	1	1	0	0	29618952	0	0	29618952	0	0	52061	192.99.100.106
5	0	0	0	4	0	0	29566063	0	0	29566063	0	103.89.26.44
5	0	0	0	1	0	0	29625535	0	0	29625535	0	47.251.71.99
5	0	0	0	1	0	0	29622280	0	0	29622280	0	3.228.151.6
5	1	1	0	0	29623233	0	0	29623233	0	0	10293	23.26.232.52
5	0	0	0	1	0	0	29546334	0	0	29546334	0	85.217.149.67
5	1	1	0	0	29554672	0	0	29554672	0	0	62744	85.215.119.169
5	1	1	0	0	29545680	0	0	29545680	0	0	0	107.174.119.252
5	2	2	0	2	29612325	0	29612325	29568642	0	29568642	125488	85.217.149.63
5	0	0	0	1	0	0	29546512	0	0	29546512	0	85.217.149.62
5	0	0	0	5	0	0	29611390	0	0	29554473	0	48.217.87.78
5	2	2	0	2	29590678	0	29590678	29571644	0	29571644	125488	85.217.149.59
5	1	1	0	0	29628257	0	0	29628257	0	0	52061	5.189.131.241
5	1	1	0	1	29602895	0	29602895	29602895	0	29602895	62744	85.217.149.58
5	1	1	0	0	29549676	0	0	29549676	0	0	62744	85.217.149.54
5	1	1	0	0	29593667	0	0	29593667	0	0	62744	85.217.149.52
5	0	0	0	1	0	0	29627006	0	0	29627006	0	24.220.96.10
5	1	1	0	0	29554318	0	0	29554318	0	0	62744	34.168.171.29
5	10	10	0	16	29554511	0	29554511	29545895	0	29545895	134790	85.11.183.6
5	1	1	0	0	29562282	0	0	29562282	0	0	62744	85.217.149.46
5	1	1	0	0	29555729	0	0	29555729	0	0	62744	85.217.149.44
5	1	1	0	0	29556909	0	0	29556909	0	0	62744	37.60.238.249
5	1	1	0	0	29623832	0	0	29623832	0	0	52061	85.217.149.42
5	1	1	0	0	29627794	0	0	29627794	0	0	52061	129.226.93.214
5	0	0	0	10	0	0	29551363	0	0	29551363	0	45.33.65.239
5	4	4	0	0	29619110	0	0	29619110	0	0	208244	3.99.41.138
5	0	0	0	1	0	0	29611819	0	0	29611819	0	104.23.239.32
5	2	2	0	0	29605884	0	0	29546710	0	0	125488	85.217.149.35
5	1	1	0	5	29611776	0	29611776	29611776	0	29611776	62744	3.83.88.51
5	1	1	0	0	29584781	0	0	29584781	0	0	62744	85.217.149.34
5	0	0	0	2	0	0	29596950	0	0	29596006	0	193.221.201.11
5	2	2	0	2	29558673	0	29558673	29552633	0	29552633	125488	85.217.149.27
5	1	1	0	1	29629543	0	29629543	29629543	0	29629543	52061	85.217.149.26
5	1	1	0	1	29574668	0	29574668	29574668	0	29574668	62744	85.217.149.25
5	2	2	0	2	29616752	0	29616752	29599973	0	29599973	125488	85.217.149.24
5	0	0	0	1	0	0	29619608	0	0	29619608	0	51.222.168.138
5	1	1	0	0	29550260	0	0	29550260	0	0	62744	67.171.143.1
5	1	1	0	0	29606014	0	0	29606014	0	0	62744	34.215.43.79
5	1	1	0	1	29581811	0	29581811	29581811	0	29581811	62744	85.217.149.16
5	1	1	0	1	29597062	0	29597062	29597062	0	29597062	62744	85.217.149.15
5	1	1	0	0	29632480	0	0	29632480	0	0	52061	35.203.211.252
5	1	1	0	1	29578887	0	29578887	29578887	0	29578887	62744	85.217.149.14
5	1	1	0	1	29609336	0	29609336	29609336	0	29609336	62744	85.217.149.13
5	1	1	0	1	29577503	0	29577503	29577503	0	29577503	13479	107.123.33.14
5	2	2	0	8	29612416	0	29632229	29581983	0	29547341	125488	185.100.87.136
5	1	1	0	3	29626055	0	29626055	29626055	0	29626055	52061	142.93.95.240
5	1	1	0	0	29624675	0	0	29624675	0	0	10293	193.186.4.231
5	1	1	0	0	29586167	0	0	29586167	0	0	13479	193.186.4.229
5	0	0	0	1	0	0	29572769	0	0	29572769	0	20.14.74.210
5	1	1	0	0	29626403	0	0	29626403	0	0	10293	193.186.4.228
5	0	0	0	2	0	0	29622981	0	0	29622981	0	142.93.106.11
5	0	0	0	1	0	0	29608483	0	0	29608483	0	101.36.121.22
5	1	1	0	0	29603081	0	0	29603081	0	0	13479	193.186.4.226
5	1	1	0	0	29614794	0	0	29614794	0	0	13479	193.186.4.225
5	1	1	0	0	29624244	0	0	29624244	0	0	52061	100.53.235.240
5	1	1	0	0	29546551	0	0	29546551	0	0	62744	51.254.204.161
5	0	0	0	1	0	0	29616951	0	0	29616951	0	209.38.201.239
5	0	0	0	1	0	0	29565433	0	0	29565433	0	51.161.65.181
5	1	1	0	0	29548538	0	0	29548538	0	0	62744	35.203.211.223
5	1	1	0	0	29633025	0	0	29633025	0	0	52061	84.32.70.222
5	1	1	0	0	29560267	0	0	29560267	0	0	62744	35.203.211.221
5	3	3	0	0	29607371	0	0	29552807	0	0	188232	46.101.35.142
5	1	1	0	0	29558662	0	0	29558662	0	0	62744	84.32.70.218
5	1	1	0	1	29568310	0	29582932	29568310	0	29582932	13479	66.249.76.109
5	0	0	0	7	0	0	29557996	0	0	29550369	0	185.224.128.251
5	0	0	0	1	0	0	29565618	0	0	29565618	0	66.249.76.108
5	1	1	0	0	29563080	0	0	29563080	0	0	62744	84.32.70.215
5	0	0	0	1	0	0	29554560	0	0	29554560	0	13.218.58.57
5	1	1	0	0	29614794	0	0	29614794	0	0	13479	193.186.4.196
5	0	0	0	1	0	0	29600867	0	0	29600867	0	35.203.211.213
5	1	1	0	0	29613376	0	0	29613376	0	0	13479	193.186.4.204
5	0	0	0	1	0	0	29562327	0	0	29562327	0	27.49.74.145
5	2	2	0	0	29584474	0	0	29548279	0	0	125488	84.32.70.209
5	3	3	0	3	29549639	0	29549639	29549635	0	29549638	188232	172.232.188.177
5	1	1	0	0	29625044	0	0	29625044	0	0	52061	84.32.70.207
5	1	1	0	0	29557579	0	0	29557579	0	0	62744	35.203.211.194
5	1	1	0	0	29562586	0	0	29562586	0	0	62744	139.59.144.159
5	0	0	0	1	0	0	29567522	0	0	29567522	0	3.83.106.176
5	0	0	0	1	0	0	29628919	0	0	29628919	0	82.97.199.104
5	0	0	0	1	0	0	29583060	0	0	29583060	0	5.195.219.154
5	0	0	0	5	0	0	29625596	0	0	29625596	0	152.32.131.104
5	2	2	0	6	29593050	0	29593050	29593050	0	29593049	125488	118.193.39.146
5	1	1	0	0	29593896	0	0	29593896	0	0	62744	35.203.211.183
5	1	1	0	0	29590690	0	0	29590690	0	0	62744	44.247.221.236
5	0	0	0	1	0	0	29628919	0	0	29628919	0	72.208.130.14
5	1	1	0	0	29545987	0	0	29545987	0	0	0	107.174.119.41
5	2	2	0	0	29571996	0	0	29564002	0	0	26958	192.46.184.100
5	4	4	0	0	29564371	0	0	29564371	0	0	250976	54.94.232.24
5	1	1	0	0	29620354	0	0	29620354	0	0	52061	142.4.217.39
5	1	1	0	1	29569990	0	29569990	29569990	0	29569990	62744	146.190.127.209
5	0	0	0	2	0	0	29619486	0	0	29613856	0	176.65.149.253
5	1	1	0	0	29602343	0	0	29602343	0	0	62744	20.102.40.205
z	0	67	64	29630504	0
z	2	1	0	29546835	36
z	4	1	0	29605878	1207
z	5	2250	2250	29633035	109918782
z	6	43	0	29632069	5748713
c	200	2336	29633035
c	304	26	29630504
c	400	1	29617203
c	401	18	29629156
c	404	5197	29633029
c	408	81	29631254
